unsigned char __resources_rori_png[] = {
  0x89, 0x50, 0x4e, 0x47, 0x0d, 0x0a, 0x1a, 0x0a, 0x00, 0x00, 0x00, 0x0d,
  0x49, 0x48, 0x44, 0x52, 0x00, 0x00, 0x07, 0xe8, 0x00, 0x00, 0x07, 0xe8,
  0x08, 0x06, 0x00, 0x00, 0x00, 0x09, 0x35, 0x83, 0x75, 0x00, 0x00, 0x00,
  0x09, 0x70, 0x48, 0x59, 0x73, 0x00, 0x00, 0x2e, 0x23, 0x00, 0x00, 0x2e,
  0x23, 0x01, 0x78, 0xa5, 0x3f, 0x76, 0x00, 0x00, 0x20, 0x00, 0x49, 0x44,
  0x41, 0x54, 0x78, 0x5e, 0xec, 0xdc, 0xa1, 0x6f, 0x9f, 0xe7, 0xd9, 0x05,
  0xe0, 0xe6, 0xab, 0xab, 0x8c, 0x26, 0x24, 0x03, 0x85, 0x91, 0xac, 0x04,
  0x4d, 0x95, 0x1d, 0xb0, 0xa1, 0x14, 0x9a, 0x66, 0xff, 0x40, 0xca, 0xc2,
  0x8a, 0x8a, 0x83, 0x8b, 0xca, 0xcc, 0xfa, 0x1f, 0x94, 0x1a, 0xd6, 0x68,
  0x03, 0x76, 0xc0, 0x50, 0x25, 0x4b, 0x21, 0x93, 0x4a, 0x42, 0x0a, 0x3e,
  0xd4, 0xa8, 0xad, 0xf2, 0x29, 0xd2, 0xc0, 0x3e, 0xad, 0xea, 0xd6, 0x35,
  0xbf, 0xfb, 0xbc, 0xcf, 0x7b, 0xae, 0xe1, 0xc6, 0xe7, 0xb9, 0xaf, 0xf3,
  0x76, 0xad, 0x76, 0xe4, 0xdd, 0xba, 0xf3, 0xe0, 0xe9, 0x9b, 0xf7, 0xfc,
  0x87, 0x00, 0x01, 0x02, 0x04, 0x08, 0x10, 0x20, 0x40, 0x80, 0x00, 0x01,
  0x02, 0x04, 0x96, 0x15, 0xb8, 0xba, 0x3c, 0x5f, 0xf6, 0xed, 0x1e, 0xfe,
  0xdf, 0x0b, 0x5c, 0x5c, 0xdf, 0xfc, 0xf7, 0x7f, 0x78, 0xf1, 0x3f, 0x79,
  0x76, 0x7a, 0xbc, 0xf8, 0x05, 0x9e, 0x4f, 0xe0, 0xd7, 0x0b, 0x3c, 0x7a,
  0xfc, 0xec, 0xd7, 0xff, 0x21, 0x7f, 0x82, 0x00, 0x01, 0x02, 0x04, 0x08,
  0x10, 0x20, 0x40, 0x80, 0x00, 0x81, 0xcd, 0x09, 0xfc, 0xcf, 0xe6, 0x5e,
  0xe4, 0x41, 0x04, 0x08, 0x10, 0x20, 0x40, 0x80, 0x00, 0x01, 0x02, 0x04,
  0x08, 0x10, 0x20, 0x40, 0x80, 0x00, 0x01, 0x02, 0x04, 0x08, 0x10, 0x20,
  0x40, 0x80, 0x00, 0x01, 0x02, 0x04, 0x08, 0x10, 0x20, 0x40, 0x60, 0x87,
  0x02, 0x06, 0xfa, 0x1d, 0x96, 0xea, 0x24, 0x02, 0x04, 0x08, 0x10, 0x20,
  0x40, 0x80, 0x00, 0x01, 0x02, 0x04, 0x08, 0x10, 0x20, 0x40, 0x80, 0x00,
  0x01, 0x02, 0x04, 0x08, 0x10, 0x20, 0x40, 0x80, 0x00, 0x01, 0x02, 0x04,
  0x08, 0x10, 0xd8, 0x9e, 0x80, 0x81, 0x7e, 0x7b, 0x9d, 0x78, 0x11, 0x01,
  0x02, 0x04, 0x08, 0x10, 0x20, 0x40, 0x80, 0x00, 0x01, 0x02, 0x04, 0x08,
  0x10, 0x20, 0x40, 0x80, 0x00, 0x01, 0x02, 0x04, 0x08, 0x10, 0x20, 0x40,
  0x80, 0x00, 0x01, 0x02, 0x04, 0x08, 0xec, 0x50, 0xc0, 0x40, 0xbf, 0xc3,
  0x52, 0x9d, 0x44, 0x80, 0x00, 0x01, 0x02, 0x04, 0x08, 0x10, 0x20, 0x40,
  0x80, 0x00, 0x01, 0x02, 0x04, 0x08, 0x10, 0x20, 0x40, 0x80, 0x00, 0x01,
  0x02, 0x04, 0x08, 0x10, 0x20, 0x40, 0x80, 0x00, 0x01, 0x02, 0xdb, 0x13,
  0x30, 0xd0, 0x6f, 0xaf, 0x13, 0x2f, 0x22, 0x40, 0x80, 0x00, 0x01, 0x02,
  0x04, 0x08, 0x10, 0x20, 0x40, 0x80, 0x00, 0x01, 0x02, 0x04, 0x08, 0x10,
  0x20, 0x40, 0x80, 0x00, 0x01, 0x02, 0x04, 0x08, 0x10, 0x20, 0x40, 0x80,
  0x00, 0x81, 0x1d, 0x0a, 0x18, 0xe8, 0x77, 0x58, 0xaa, 0x93, 0x08, 0x10,
  0x20, 0x40, 0x80, 0x00, 0x01, 0x02, 0x04, 0x08, 0x10, 0x20, 0x40, 0x80,
  0x00, 0x01, 0x02, 0x04, 0x08, 0x10, 0x20, 0x40, 0x80, 0x00, 0x01, 0x02,
  0x04, 0x08, 0x10, 0x20, 0x40, 0x60, 0x7b, 0x02, 0x06, 0xfa, 0xed, 0x75,
  0xe2, 0x45, 0x04, 0x08, 0x10, 0x20, 0x40, 0x80, 0x00, 0x01, 0x02, 0x04,
  0x08, 0x10, 0x20, 0x40, 0x80, 0x00, 0x01, 0x02, 0x04, 0x08, 0x10, 0x20,
  0x40, 0x80, 0x00, 0x01, 0x02, 0x04, 0x08, 0x10, 0x20, 0xb0, 0x43, 0x01,
  0x03, 0xfd, 0x0e, 0x4b, 0x75, 0x12, 0x01, 0x02, 0x04, 0x08, 0x10, 0x20,
  0x40, 0x80, 0x00, 0x01, 0x02, 0x04, 0x08, 0x10, 0x20, 0x40, 0x80, 0x00,
  0x01, 0x02, 0x04, 0x08, 0x10, 0x20, 0x40, 0x80, 0x00, 0x01, 0x02, 0x04,
  0x08, 0x6c, 0x4f, 0xc0, 0x40, 0xbf, 0xbd, 0x4e, 0xbc, 0x88, 0x00, 0x01,
  0x02, 0x04, 0x08, 0x10, 0x20, 0x40, 0x80, 0x00, 0x01, 0x02, 0x04, 0x08,
  0x10, 0x20, 0x40, 0x80, 0x00, 0x01, 0x02, 0x04, 0x08, 0x10, 0x20, 0x40,
  0x80, 0x00, 0x01, 0x02, 0x04, 0x76, 0x28, 0x60, 0xa0, 0xdf, 0x61, 0xa9,
  0x4e, 0x22, 0x40, 0x80, 0x00, 0x01, 0x02, 0x04, 0x08, 0x10, 0x20, 0x40,
  0x80, 0x00, 0x01, 0x02, 0x04, 0x08, 0x10, 0x20, 0x40, 0x80, 0x00, 0x01,
  0x02, 0x04, 0x08, 0x10, 0x20, 0x40, 0x80, 0x00, 0x81, 0xed, 0x09, 0x18,
  0xe8, 0xb7, 0xd7, 0x89, 0x17, 0x11, 0x20, 0x40, 0x80, 0x00, 0x01, 0x02,
  0x04, 0x08, 0x10, 0x20, 0x40, 0x80, 0x00, 0x01, 0x02, 0x04, 0x08, 0x10,
  0x20, 0x40, 0x80, 0x00, 0x01, 0x02, 0x04, 0x08, 0x10, 0x20, 0x40, 0x80,
  0xc0, 0x0e, 0x05, 0x0c, 0xf4, 0x3b, 0x2c, 0xd5, 0x49, 0x04, 0x08, 0x10,
  0x20, 0x40, 0x80, 0x00, 0x01, 0x02, 0x04, 0x08, 0x10, 0x20, 0x40, 0x80,
  0x00, 0x01, 0x02, 0x04, 0x08, 0x10, 0x20, 0x40, 0x80, 0x00, 0x01, 0x02,
  0x04, 0x08, 0x10, 0x20, 0xb0, 0x3d, 0x01, 0x03, 0xfd, 0xf6, 0x3a, 0xf1,
  0x22, 0x02, 0x04, 0x08, 0x10, 0x20, 0x40, 0x80, 0x00, 0x01, 0x02, 0x04,
  0x08, 0x10, 0x20, 0x40, 0x80, 0x00, 0x01, 0x02, 0x04, 0x08, 0x10, 0x20,
  0x40, 0x80, 0x00, 0x01, 0x02, 0x04, 0x08, 0x10, 0xd8, 0xa1, 0x80, 0x81,
  0x7e, 0x87, 0xa5, 0x3a, 0x89, 0x00, 0x01, 0x02, 0x04, 0x08, 0x10, 0x20,
  0x40, 0x80, 0x00, 0x01, 0x02, 0x04, 0x08, 0x10, 0x20, 0x40, 0x80, 0x00,
  0x01, 0x02, 0x04, 0x08, 0x10, 0x20, 0x40, 0x80, 0x00, 0x01, 0x02, 0x04,
  0xb6, 0x27, 0x60, 0xa0, 0xdf, 0x5e, 0x27, 0x5e, 0x44, 0x80, 0x00, 0x01,
  0x02, 0x04, 0x08, 0x10, 0x20, 0x40, 0x80, 0x00, 0x01, 0x02, 0x04, 0x08,
  0x10, 0x20, 0x40, 0x80, 0x00, 0x01, 0x02, 0x04, 0x08, 0x10, 0x20, 0x40,
  0x80, 0x00, 0x01, 0x02, 0x3b, 0x14, 0x30, 0xd0, 0xef, 0xb0, 0x54, 0x27,
  0x11, 0x20, 0x40, 0x80, 0x00, 0x01, 0x02, 0x04, 0x08, 0x10, 0x20, 0x40,
  0x80, 0x00, 0x01, 0x02, 0x04, 0x08, 0x10, 0x20, 0x40, 0x80, 0x00, 0x01,
  0x02, 0x04, 0x08, 0x10, 0x20, 0x40, 0x80, 0xc0, 0xf6, 0x04, 0x0c, 0xf4,
  0xdb, 0xeb, 0xc4, 0x8b, 0x08, 0x10, 0x20, 0x40, 0x80, 0x00, 0x01, 0x02,
  0x04, 0x08, 0x10, 0x20, 0x40, 0x80, 0x00, 0x01, 0x02, 0x04, 0x08, 0x10,
  0x20, 0x40, 0x80, 0x00, 0x01, 0x02, 0x04, 0x08, 0x10, 0x20, 0x40, 0x60,
  0x87, 0x02, 0x06, 0xfa, 0x1d, 0x96, 0xea, 0x24, 0x02, 0x04, 0x08, 0x10,
  0x20, 0x40, 0x80, 0x00, 0x01, 0x02, 0x04, 0x08, 0x10, 0x20, 0x40, 0x80,
  0x00, 0x01, 0x02, 0x04, 0x08, 0x10, 0x20, 0x40, 0x80, 0x00, 0x01, 0x02,
  0x04, 0x08, 0x10, 0xd8, 0x9e, 0x80, 0x81, 0x7e, 0x7b, 0x9d, 0x78, 0x11,
  0x01, 0x02, 0x04, 0x08, 0x10, 0x20, 0x40, 0x80, 0x00, 0x01, 0x02, 0x04,
  0x08, 0x10, 0x20, 0x40, 0x80, 0x00, 0x01, 0x02, 0x04, 0x08, 0x10, 0x20,
  0x40, 0x80, 0x00, 0x01, 0x02, 0x04, 0x08, 0xec, 0x50, 0xc0, 0x40, 0xbf,
  0xc3, 0x52, 0x9d, 0x44, 0x80, 0x00, 0x01, 0x02, 0x04, 0x08, 0x10, 0x20,
  0x40, 0x80, 0x00, 0x01, 0x02, 0x04, 0x08, 0x10, 0x20, 0x40, 0x80, 0x00,
  0x01, 0x02, 0x04, 0x08, 0x10, 0x20, 0x40, 0x80, 0x00, 0x01, 0x02, 0xdb,
  0x13, 0x30, 0xd0, 0x6f, 0xaf, 0x13, 0x2f, 0x22, 0x40, 0x80, 0x00, 0x01,
  0x02, 0x04, 0x08, 0x10, 0x20, 0x40, 0x80, 0x00, 0x01, 0x02, 0x04, 0x08,
  0x10, 0x20, 0x40, 0x80, 0x00, 0x01, 0x02, 0x04, 0x08, 0x10, 0x20, 0x40,
  0x80, 0x00, 0x81, 0x1d, 0x0a, 0x18, 0xe8, 0x77, 0x58, 0xaa, 0x93, 0x08,
  0x10, 0x20, 0x40, 0x80, 0x00, 0x01, 0x02, 0x04, 0x08, 0x10, 0x20, 0x40,
  0x80, 0x00, 0x01, 0x02, 0x04, 0x08, 0x10, 0x20, 0x40, 0x80, 0x00, 0x01,
  0x02, 0x04, 0x08, 0x10, 0x20, 0x40, 0x60, 0x7b, 0x02, 0x06, 0xfa, 0xed,
  0x75, 0xe2, 0x45, 0x04, 0x08, 0x10, 0x20, 0x40, 0x80, 0x00, 0x01, 0x02,
  0x04, 0x08, 0x10, 0x20, 0x40, 0x80, 0x00, 0x01, 0x02, 0x04, 0x08, 0x10,
  0x20, 0x40, 0x80, 0x00, 0x01, 0x02, 0x04, 0x08, 0x10, 0x20, 0xb0, 0x43,
  0x01, 0x03, 0xfd, 0x0e, 0x4b, 0x75, 0x12, 0x01, 0x02, 0x04, 0x08, 0x10,
  0x20, 0x40, 0x80, 0x00, 0x01, 0x02, 0x04, 0x08, 0x10, 0x20, 0x40, 0x80,
  0x00, 0x01, 0x02, 0x04, 0x08, 0x10, 0x20, 0x40, 0x80, 0x00, 0x01, 0x02,
  0x04, 0x08, 0x6c, 0x4f, 0xc0, 0x40, 0xbf, 0xbd, 0x4e, 0xbc, 0x88, 0x00,
  0x01, 0x02, 0x04, 0x08, 0x10, 0x20, 0x40, 0x80, 0x00, 0x01, 0x02, 0x04,
  0x08, 0x10, 0x20, 0x40, 0x80, 0x00, 0x01, 0x02, 0x04, 0x08, 0x10, 0x20,
  0x40, 0x80, 0x00, 0x01, 0x02, 0x04, 0x76, 0x28, 0x60, 0xa0, 0xdf, 0x61,
  0xa9, 0x4e, 0x22, 0x40, 0x80, 0x00, 0x01, 0x02, 0x04, 0x08, 0x10, 0x20,
  0x40, 0x80, 0x00, 0x01, 0x02, 0x04, 0x08, 0x10, 0x20, 0x40, 0x80, 0x00,
  0x01, 0x02, 0x04, 0x08, 0x10, 0x20, 0x40, 0x80, 0x00, 0x81, 0xed, 0x09,
  0x18, 0xe8, 0xb7, 0xd7, 0x89, 0x17, 0x11, 0x20, 0x40, 0x80, 0x00, 0x01,
  0x02, 0x04, 0x08, 0x10, 0x20, 0x40, 0x80, 0x00, 0x01, 0x02, 0x04, 0x08,
  0x10, 0x20, 0x40, 0x80, 0x00, 0x01, 0x02, 0x04, 0x08, 0x10, 0x20, 0x40,
  0x80, 0xc0, 0x0e, 0x05, 0x0c, 0xf4, 0x3b, 0x2c, 0xd5, 0x49, 0x04, 0x08,
  0x10, 0x20, 0x40, 0x80, 0x00, 0x01, 0x02, 0x04, 0x08, 0x10, 0x20, 0x40,
  0x80, 0x00, 0x01, 0x02, 0x04, 0x08, 0x10, 0x20, 0x40, 0x80, 0x00, 0x01,
  0x02, 0x04, 0x08, 0x10, 0x20, 0xb0, 0x3d, 0x01, 0x03, 0xfd, 0xf6, 0x3a,
  0xf1, 0x22, 0x02, 0x04, 0x08, 0x10, 0x20, 0x40, 0x80, 0x00, 0x01, 0x02,
  0x04, 0x08, 0x10, 0x20, 0x40, 0x80, 0x00, 0x01, 0x02, 0x04, 0x08, 0x10,
  0x20, 0x40, 0x80, 0x00, 0x01, 0x02, 0x04, 0x08, 0x10, 0xd8, 0xa1, 0x80,
  0x81, 0x7e, 0x87, 0xa5, 0x3a, 0x89, 0x00, 0x01, 0x02, 0x04, 0x08, 0x10,
  0x20, 0x40, 0x80, 0x00, 0x01, 0x02, 0x04, 0x08, 0x10, 0x20, 0x40, 0x80,
  0x00, 0x01, 0x02, 0x04, 0x08, 0x10, 0x20, 0x40, 0x80, 0x00, 0x01, 0x02,
  0x04, 0xb6, 0x27, 0x60, 0xa0, 0xdf, 0x5e, 0x27, 0x5e, 0x44, 0x80, 0x00,
  0x01, 0x02, 0x04, 0x08, 0x10, 0x20, 0x40, 0x80, 0x00, 0x01, 0x02, 0x04,
  0x08, 0x10, 0x20, 0x40, 0x80, 0x00, 0x01, 0x02, 0x04, 0x08, 0x10, 0x20,
  0x40, 0x80, 0x00, 0x01, 0x02, 0x3b, 0x14, 0xb8, 0x75, 0xe7, 0xc1, 0xd3,
  0x37, 0xc9, 0xbb, 0x3e, 0x38, 0x7a, 0x3f, 0x19, 0x1f, 0xcd, 0xfe, 0xe1,
  0xc7, 0x9f, 0xa2, 0xf9, 0xcd, 0xe1, 0xe9, 0xef, 0xae, 0xb9, 0xfb, 0xb4,
  0x7d, 0xf2, 0xbb, 0xd7, 0x7b, 0x4e, 0xbf, 0xd9, 0x3e, 0xa7, 0x2e, 0x99,
  0x00, 0x01, 0x02, 0xb3, 0x02, 0x57, 0x97, 0xe7, 0xb3, 0x81, 0xd2, 0x08,
  0xfc, 0x43, 0xe0, 0xe2, 0xfa, 0x26, 0x66, 0x71, 0x76, 0x7a, 0x1c, 0xcb,
  0x16, 0x4c, 0x80, 0x00, 0x81, 0x26, 0x81, 0x47, 0x8f, 0x9f, 0x35, 0x9d,
  0xeb, 0x56, 0x02, 0x04, 0x08, 0x10, 0x28, 0x14, 0xf8, 0xee, 0x9b, 0x2f,
  0x63, 0x57, 0xdf, 0x7d, 0xf8, 0x49, 0x2c, 0x7b, 0x0b, 0xc1, 0x49, 0xfb,
  0x2d, 0xdc, 0x9f, 0x7a, 0x43, 0xfa, 0xbb, 0xf3, 0x1b, 0xf4, 0xa9, 0xe6,
  0xe5, 0x12, 0x20, 0x40, 0x80, 0x00, 0x01, 0x02, 0x04, 0x08, 0x10, 0x20,
  0x40, 0x80, 0x00, 0x01, 0x02, 0x04, 0x08, 0x10, 0x20, 0x40, 0x80, 0x00,
  0x01, 0x02, 0x04, 0x08, 0x10, 0x20, 0x40, 0x80, 0x40, 0x95, 0x80, 0x81,
  0xbe, 0xaa, 0x6e, 0xc7, 0x12, 0x20, 0x40, 0x80, 0x00, 0x01, 0x02, 0x04,
  0x08, 0x10, 0x20, 0x40, 0x80, 0x00, 0x01, 0x02, 0x04, 0x08, 0x10, 0x20,
  0x40, 0x80, 0x00, 0x01, 0x02, 0x04, 0x08, 0x10, 0x20, 0x40, 0x80, 0x40,
  0x4a, 0xc0, 0x40, 0x9f, 0x92, 0x97, 0x4b, 0x80, 0x00, 0x01, 0x02, 0x04,
  0x08, 0x10, 0x20, 0x40, 0x80, 0x00, 0x01, 0x02, 0x04, 0x08, 0x10, 0x20,
  0x40, 0x80, 0x00, 0x01, 0x02, 0x04, 0x08, 0x10, 0x20, 0x40, 0x80, 0x00,
  0x01, 0x02, 0x55, 0x02, 0x06, 0xfa, 0xaa, 0xba, 0x1d, 0x4b, 0x80, 0x00,
  0x01, 0x02, 0x04, 0x08, 0x10, 0x20, 0x40, 0x80, 0x00, 0x01, 0x02, 0x04,
  0x08, 0x10, 0x20, 0x40, 0x80, 0x00, 0x01, 0x02, 0x04, 0x08, 0x10, 0x20,
  0x40, 0x80, 0x00, 0x01, 0x02, 0x29, 0x01, 0x03, 0x7d, 0x4a, 0x5e, 0x2e,
  0x01, 0x02, 0x04, 0x08, 0x10, 0x20, 0x40, 0x80, 0x00, 0x01, 0x02, 0x04,
  0x08, 0x10, 0x20, 0x40, 0x80, 0x00, 0x01, 0x02, 0x04, 0x08, 0x10, 0x20,
  0x40, 0x80, 0x00, 0x01, 0x02, 0x04, 0x08, 0x54, 0x09, 0x18, 0xe8, 0xab,
  0xea, 0x76, 0x2c, 0x01, 0x02, 0x04, 0x08, 0x10, 0x20, 0x40, 0x80, 0x00,
  0x01, 0x02, 0x04, 0x08, 0x10, 0x20, 0x40, 0x80, 0x00, 0x01, 0x02, 0x04,
  0x08, 0x10, 0x20, 0x40, 0x80, 0x00, 0x01, 0x02, 0x04, 0x08, 0xa4, 0x04,
  0x0c, 0xf4, 0x29, 0x79, 0xb9, 0x04, 0x08, 0x10, 0x20, 0x40, 0x80, 0x00,
  0x01, 0x02, 0x04, 0x08, 0x10, 0x20, 0x40, 0x80, 0x00, 0x01, 0x02, 0x04,
  0x08, 0x10, 0x20, 0x40, 0x80, 0x00, 0x01, 0x02, 0x04, 0x08, 0x10, 0x20,
  0x50, 0x25, 0x60, 0xa0, 0xaf, 0xaa, 0xdb, 0xb1, 0x04, 0x08, 0x10, 0x20,
  0x40, 0x80, 0x00, 0x01, 0x02, 0x04, 0x08, 0x10, 0x20, 0x40, 0x80, 0x00,
  0x01, 0x02, 0x04, 0x08, 0x10, 0x20, 0x40, 0x80, 0x00, 0x01, 0x02, 0x04,
  0x08, 0x10, 0x20, 0x90, 0x12, 0x30, 0xd0, 0xa7, 0xe4, 0xe5, 0x12, 0x20,
  0x40, 0x80, 0x00, 0x01, 0x02, 0x04, 0x08, 0x10, 0x20, 0x40, 0x80, 0x00,
  0x01, 0x02, 0x04, 0x08, 0x10, 0x20, 0x40, 0x80, 0x00, 0x01, 0x02, 0x04,
  0x08, 0x10, 0x20, 0x40, 0x80, 0x40, 0x95, 0x80, 0x81, 0xbe, 0xaa, 0x6e,
  0xc7, 0x12, 0x20, 0x40, 0x80, 0x00, 0x01, 0x02, 0x04, 0x08, 0x10, 0x20,
  0x40, 0x80, 0x00, 0x01, 0x02, 0x04, 0x08, 0x10, 0x20, 0x40, 0x80, 0x00,
  0x01, 0x02, 0x04, 0x08, 0x10, 0x20, 0x40, 0x80, 0x40, 0x4a, 0xc0, 0x40,
  0x9f, 0x92, 0x97, 0x4b, 0x80, 0x00, 0x01, 0x02, 0x04, 0x08, 0x10, 0x20,
  0x40, 0x80, 0x00, 0x01, 0x02, 0x04, 0x08, 0x10, 0x20, 0x40, 0x80, 0x00,
  0x01, 0x02, 0x04, 0x08, 0x10, 0x20, 0x40, 0x80, 0x00, 0x01, 0x02, 0x55,
  0x02, 0x06, 0xfa, 0xaa, 0xba, 0x1d, 0x4b, 0x80, 0x00, 0x01, 0x02, 0x04,
  0x08, 0x10, 0x20, 0x40, 0x80, 0x00, 0x01, 0x02, 0x04, 0x08, 0x10, 0x20,
  0x40, 0x80, 0x00, 0x01, 0x02, 0x04, 0x08, 0x10, 0x20, 0x40, 0x80, 0x00,
  0x01, 0x02, 0x29, 0x01, 0x03, 0x7d, 0x4a, 0x5e, 0x2e, 0x01, 0x02, 0x04,
  0x08, 0x10, 0x20, 0x40, 0x80, 0x00, 0x01, 0x02, 0x04, 0x08, 0x10, 0x20,
  0x40, 0x80, 0x00, 0x01, 0x02, 0x04, 0x08, 0x10, 0x20, 0x40, 0x80, 0x00,
  0x01, 0x02, 0x04, 0x08, 0x54, 0x09, 0x18, 0xe8, 0xab, 0xea, 0x76, 0x2c,
  0x01, 0x02, 0x04, 0x08, 0x10, 0x20, 0x40, 0x80, 0x00, 0x01, 0x02, 0x04,
  0x08, 0x10, 0x20, 0x40, 0x80, 0x00, 0x01, 0x02, 0x04, 0x08, 0x10, 0x20,
  0x40, 0x80, 0x00, 0x01, 0x02, 0x04, 0x08, 0xa4, 0x04, 0x0c, 0xf4, 0x29,
  0x79, 0xb9, 0x04, 0x08, 0x10, 0x20, 0x40, 0x80, 0x00, 0x01, 0x02, 0x04,
  0x08, 0x10, 0x20, 0x40, 0x80, 0x00, 0x01, 0x02, 0x04, 0x08, 0x10, 0x20,
  0x40, 0x80, 0x00, 0x01, 0x02, 0x04, 0x08, 0x10, 0x20, 0x50, 0x25, 0x60,
  0xa0, 0xaf, 0xaa, 0xdb, 0xb1, 0x04, 0x08, 0x10, 0x20, 0x40, 0x80, 0x00,
  0x01, 0x02, 0x04, 0x08, 0x10, 0x20, 0x40, 0x80, 0x00, 0x01, 0x02, 0x04,
  0x08, 0x10, 0x20, 0x40, 0x80, 0x00, 0x01, 0x02, 0x04, 0x08, 0x10, 0x20,
  0x90, 0x12, 0x30, 0xd0, 0xa7, 0xe4, 0xe5, 0x12, 0x20, 0x40, 0x80, 0x00,
  0x01, 0x02, 0x04, 0x08, 0x10, 0x20, 0x40, 0x80, 0x00, 0x01, 0x02, 0x04,
  0x08, 0x10, 0x20, 0x40, 0x80, 0x00, 0x01, 0x02, 0x04, 0x08, 0x10, 0x20,
  0x40, 0x80, 0x40, 0x95, 0x80, 0x81, 0xbe, 0xaa, 0x6e, 0xc7, 0x12, 0x20,
  0x40, 0x80, 0x00, 0x01, 0x02, 0x04, 0x08, 0x10, 0x20, 0x40, 0x80, 0x00,
  0x01, 0x02, 0x04, 0x08, 0x10, 0x20, 0x40, 0x80, 0x00, 0x01, 0x02, 0x04,
  0x08, 0x10, 0x20, 0x40, 0x80, 0x40, 0x4a, 0xc0, 0x40, 0x9f, 0x92, 0x97,
  0x4b, 0x80, 0x00, 0x01, 0x02, 0x04, 0x08, 0x10, 0x20, 0x40, 0x80, 0x00,
  0x01, 0x02, 0x04, 0x08, 0x10, 0x20, 0x40, 0x80, 0x00, 0x01, 0x02, 0x04,
  0x08, 0x10, 0x20, 0x40, 0x80, 0x00, 0x01, 0x02, 0x55, 0x02, 0x06, 0xfa,
  0xaa, 0xba, 0x1d, 0x4b, 0x80, 0x00, 0x01, 0x02, 0x04, 0x08, 0x10, 0x20,
  0x40, 0x80, 0x00, 0x01, 0x02, 0x04, 0x08, 0x10, 0x20, 0x40, 0x80, 0x00,
  0x01, 0x02, 0x04, 0x08, 0x10, 0x20, 0x40, 0x80, 0x00, 0x01, 0x02, 0x29,
  0x01, 0x03, 0x7d, 0x4a, 0x5e, 0x2e, 0x01, 0x02, 0x04, 0x08, 0x10, 0x20,
  0x40, 0x80, 0x00, 0x01, 0x02, 0x04, 0x08, 0x10, 0x20, 0x40, 0x80, 0x00,
  0x01, 0x02, 0x04, 0x08, 0x10, 0x20, 0x40, 0x80, 0x00, 0x01, 0x02, 0x04,
  0x08, 0x54, 0x09, 0x18, 0xe8, 0xab, 0xea, 0x76, 0x2c, 0x01, 0x02, 0x04,
  0x08, 0x10, 0x20, 0x40, 0x80, 0x00, 0x01, 0x02, 0x04, 0x08, 0x10, 0x20,
  0x40, 0x80, 0x00, 0x01, 0x02, 0x04, 0x08, 0x10, 0x20, 0x40, 0x80, 0x00,
  0x01, 0x02, 0x04, 0x08, 0xa4, 0x04, 0x0c, 0xf4, 0x29, 0x79, 0xb9, 0x04,
  0x08, 0x10, 0x20, 0x40, 0x80, 0x00, 0x01, 0x02, 0x04, 0x08, 0x10, 0x20,
  0x40, 0x80, 0x00, 0x01, 0x02, 0x04, 0x08, 0x10, 0x20, 0x40, 0x80, 0x00,
  0x01, 0x02, 0x04, 0x08, 0x10, 0x20, 0x50, 0x25, 0x60, 0xa0, 0xaf, 0xaa,
  0xdb, 0xb1, 0x04, 0x08, 0x10, 0x20, 0x40, 0x80, 0x00, 0x01, 0x02, 0x04,
  0x08, 0x10, 0x20, 0x40, 0x80, 0x00, 0x01, 0x02, 0x04, 0x08, 0x10, 0x20,
  0x40, 0x80, 0x00, 0x01, 0x02, 0x04, 0x08, 0x10, 0x20, 0x90, 0x12, 0x30,
  0xd0, 0xa7, 0xe4, 0xe5, 0x12, 0x20, 0x40, 0x80, 0x00, 0x01, 0x02, 0x04,
  0x08, 0x10, 0x20, 0x40, 0x80, 0x00, 0x01, 0x02, 0x04, 0x08, 0x10, 0x20,
  0x40, 0x80, 0x00, 0x01, 0x02, 0x04, 0x08, 0x10, 0x20, 0x40, 0x80, 0x40,
  0x95, 0x80, 0x81, 0xbe, 0xaa, 0x6e, 0xc7, 0x12, 0x20, 0x40, 0x80, 0x00,
  0x01, 0x02, 0x04, 0x08, 0x10, 0x20, 0x40, 0x80, 0x00, 0x01, 0x02, 0x04,
  0x08, 0x10, 0x20, 0x40, 0x80, 0x00, 0x01, 0x02, 0x04, 0x08, 0x10, 0x20,
  0x40, 0x80, 0x40, 0x4a, 0xc0, 0x40, 0x9f, 0x92, 0x97, 0x4b, 0x80, 0x00,
  0x01, 0x02, 0x04, 0x08, 0x10, 0x20, 0x40, 0x80, 0x00, 0x01, 0x02, 0x04,
  0x08, 0x10, 0x20, 0x40, 0x80, 0x00, 0x01, 0x02, 0x04, 0x08, 0x10, 0x20,
  0x40, 0x80, 0x00, 0x01, 0x02, 0x55, 0x02, 0x06, 0xfa, 0xaa, 0xba, 0x1d,
  0x4b, 0x80, 0x00, 0x01, 0x02, 0x04, 0x08, 0x10, 0x20, 0x40, 0x80, 0x00,
  0x01, 0x02, 0x04, 0x08, 0x10, 0x20, 0x40, 0x80, 0x00, 0x01, 0x02, 0x04,
  0x08, 0x10, 0x20, 0x40, 0x80, 0x00, 0x01, 0x02, 0x29, 0x01, 0x03, 0x7d,
  0x4a, 0x5e, 0x2e, 0x01, 0x02, 0x04, 0x08, 0x10, 0x20, 0x40, 0x80, 0x00,
  0x01, 0x02, 0x04, 0x08, 0x10, 0x20, 0x40, 0x80, 0x00, 0x01, 0x02, 0x04,
  0x08, 0x10, 0x20, 0x40, 0x80, 0x00, 0x01, 0x02, 0x04, 0x08, 0x54, 0x09,
  0x18, 0xe8, 0xab, 0xea, 0x76, 0x2c, 0x01, 0x02, 0x04, 0x08, 0x10, 0x20,
  0x40, 0x80, 0x00, 0x01, 0x02, 0x04, 0x08, 0x10, 0x20, 0x40, 0x80, 0x00,
  0x01, 0x02, 0x04, 0x08, 0x10, 0x20, 0x40, 0x80, 0x00, 0x01, 0x02, 0x04,
  0x08, 0xa4, 0x04, 0x6e, 0xdd, 0x79, 0xf0, 0xf4, 0x4d, 0x2a, 0xfc, 0x6d,
  0xee, 0x07, 0x47, 0xef, 0xc7, 0xe2, 0x7f, 0xf8, 0xf1, 0xa7, 0x58, 0x76,
  0xfa, 0xf6, 0xb7, 0xf9, 0xc9, 0xfb, 0x93, 0xbd, 0xa7, 0x6f, 0x4f, 0x77,
  0x9f, 0xec, 0xdd, 0xed, 0xb9, 0xff, 0xbe, 0x4b, 0x7f, 0xf7, 0xed, 0x7f,
  0xcf, 0x47, 0xff, 0x61, 0x23, 0x9c, 0x00, 0x81, 0x2a, 0x81, 0xab, 0xcb,
  0xf3, 0xaa, 0x7b, 0x1d, 0x4b, 0x80, 0x00, 0x01, 0x02, 0x04, 0x08, 0x10,
  0x20, 0x70, 0x58, 0x81, 0x47, 0x8f, 0x9f, 0x1d, 0x36, 0xc0, 0x4f, 0x27,
  0x40, 0x80, 0x00, 0x01, 0x02, 0x04, 0x6a, 0x05, 0xbe, 0xfb, 0xe6, 0xcb,
  0xd8, 0xed, 0x77, 0x1f, 0x7e, 0x12, 0xcb, 0x7e, 0x1b, 0xec, 0x37, 0xe8,
  0xa3, 0xfc, 0xc2, 0x09, 0x10, 0x20, 0x40, 0x80, 0x00, 0x01, 0x02, 0x04,
  0x08, 0x10, 0x20, 0x40, 0x80, 0x00, 0x01, 0x02, 0x04, 0x08, 0x10, 0x20,
  0x40, 0x80, 0x00, 0x01, 0x02, 0x04, 0x08, 0x10, 0x20, 0x40, 0xa0, 0x45,
  0xc0, 0x40, 0xdf, 0xd2, 0xb4, 0x3b, 0x09, 0x10, 0x20, 0x40, 0x80, 0x00,
  0x01, 0x02, 0x04, 0x08, 0x10, 0x20, 0x40, 0x80, 0x00, 0x01, 0x02, 0x04,
  0x08, 0x10, 0x20, 0x40, 0x80, 0x00, 0x01, 0x02, 0x04, 0x08, 0x10, 0x20,
  0x40, 0x20, 0x2a, 0x60, 0xa0, 0x8f, 0xf2, 0x0b, 0x27, 0x40, 0x80, 0x00,
  0x01, 0x02, 0x04, 0x08, 0x10, 0x20, 0x40, 0x80, 0x00, 0x01, 0x02, 0x04,
  0x08, 0x10, 0x20, 0x40, 0x80, 0x00, 0x01, 0x02, 0x04, 0x08, 0x10, 0x20,
  0x40, 0x80, 0x00, 0x81, 0x16, 0x01, 0x03, 0x7d, 0x4b, 0xd3, 0xee, 0x24,
  0x40, 0x80, 0x00, 0x01, 0x02, 0x04, 0x08, 0x10, 0x20, 0x40, 0x80, 0x00,
  0x01, 0x02, 0x04, 0x08, 0x10, 0x20, 0x40, 0x80, 0x00, 0x01, 0x02, 0x04,
  0x08, 0x10, 0x20, 0x40, 0x80, 0x00, 0x81, 0xa8, 0x80, 0x81, 0x3e, 0xca,
  0x2f, 0x9c, 0x00, 0x01, 0x02, 0x04, 0x08, 0x10, 0x20, 0x40, 0x80, 0x00,
  0x01, 0x02, 0x04, 0x08, 0x10, 0x20, 0x40, 0x80, 0x00, 0x01, 0x02, 0x04,
  0x08, 0x10, 0x20, 0x40, 0x80, 0x00, 0x01, 0x02, 0x04, 0x5a, 0x04, 0x0c,
  0xf4, 0x2d, 0x4d, 0xbb, 0x93, 0x00, 0x01, 0x02, 0x04, 0x08, 0x10, 0x20,
  0x40, 0x80, 0x00, 0x01, 0x02, 0x04, 0x08, 0x10, 0x20, 0x40, 0x80, 0x00,
  0x01, 0x02, 0x04, 0x08, 0x10, 0x20, 0x40, 0x80, 0x00, 0x01, 0x02, 0x04,
  0xa2, 0x02, 0x06, 0xfa, 0x28, 0xbf, 0x70, 0x02, 0x04, 0x08, 0x10, 0x20,
  0x40, 0x80, 0x00, 0x01, 0x02, 0x04, 0x08, 0x10, 0x20, 0x40, 0x80, 0x00,
  0x01, 0x02, 0x04, 0x08, 0x10, 0x20, 0x40, 0x80, 0x00, 0x01, 0x02, 0x04,
  0x08, 0x10, 0x68, 0x11, 0x30, 0xd0, 0xb7, 0x34, 0xed, 0x4e, 0x02, 0x04,
  0x08, 0x10, 0x20, 0x40, 0x80, 0x00, 0x01, 0x02, 0x04, 0x08, 0x10, 0x20,
  0x40, 0x80, 0x00, 0x01, 0x02, 0x04, 0x08, 0x10, 0x20, 0x40, 0x80, 0x00,
  0x01, 0x02, 0x04, 0x08, 0x10, 0x88, 0x0a, 0x18, 0xe8, 0xa3, 0xfc, 0xc2,
  0x09, 0x10, 0x20, 0x40, 0x80, 0x00, 0x01, 0x02, 0x04, 0x08, 0x10, 0x20,
  0x40, 0x80, 0x00, 0x01, 0x02, 0x04, 0x08, 0x10, 0x20, 0x40, 0x80, 0x00,
  0x01, 0x02, 0x04, 0x08, 0x10, 0x20, 0x40, 0xa0, 0x45, 0xc0, 0x40, 0xdf,
  0xd2, 0xb4, 0x3b, 0x09, 0x10, 0x20, 0x40, 0x80, 0x00, 0x01, 0x02, 0x04,
  0x08, 0x10, 0x20, 0x40, 0x80, 0x00, 0x01, 0x02, 0x04, 0x08, 0x10, 0x20,
  0x40, 0x80, 0x00, 0x01, 0x02, 0x04, 0x08, 0x10, 0x20, 0x40, 0x20, 0x2a,
  0x60, 0xa0, 0x8f, 0xf2, 0x0b, 0x27, 0x40, 0x80, 0x00, 0x01, 0x02, 0x04,
  0x08, 0x10, 0x20, 0x40, 0x80, 0x00, 0x01, 0x02, 0x04, 0x08, 0x10, 0x20,
  0x40, 0x80, 0x00, 0x01, 0x02, 0x04, 0x08, 0x10, 0x20, 0x40, 0x80, 0x00,
  0x81, 0x16, 0x01, 0x03, 0x7d, 0x4b, 0xd3, 0xee, 0x24, 0x40, 0x80, 0x00,
  0x01, 0x02, 0x04, 0x08, 0x10, 0x20, 0x40, 0x80, 0x00, 0x01, 0x02, 0x04,
  0x08, 0x10, 0x20, 0x40, 0x80, 0x00, 0x01, 0x02, 0x04, 0x08, 0x10, 0x20,
  0x40, 0x80, 0x00, 0x81, 0xa8, 0x80, 0x81, 0x3e, 0xca, 0x2f, 0x9c, 0x00,
  0x01, 0x02, 0x04, 0x08, 0x10, 0x20, 0x40, 0x80, 0x00, 0x01, 0x02, 0x04,
  0x08, 0x10, 0x20, 0x40, 0x80, 0x00, 0x01, 0x02, 0x04, 0x08, 0x10, 0x20,
  0x40, 0x80, 0x00, 0x01, 0x02, 0x04, 0x5a, 0x04, 0x0c, 0xf4, 0x2d, 0x4d,
  0xbb, 0x93, 0x00, 0x01, 0x02, 0x04, 0x08, 0x10, 0x20, 0x40, 0x80, 0x00,
  0x01, 0x02, 0x04, 0x08, 0x10, 0x20, 0x40, 0x80, 0x00, 0x01, 0x02, 0x04,
  0x08, 0x10, 0x20, 0x40, 0x80, 0x00, 0x01, 0x02, 0x04, 0xa2, 0x02, 0x06,
  0xfa, 0x28, 0xbf, 0x70, 0x02, 0x04, 0x08, 0x10, 0x20, 0x40, 0x80, 0x00,
  0x01, 0x02, 0x04, 0x08, 0x10, 0x20, 0x40, 0x80, 0x00, 0x01, 0x02, 0x04,
  0x08, 0x10, 0x20, 0x40, 0x80, 0x00, 0x01, 0x02, 0x04, 0x08, 0x10, 0x68,
  0x11, 0x30, 0xd0, 0xb7, 0x34, 0xed, 0x4e, 0x02, 0x04, 0x08, 0x10, 0x20,
  0x40, 0x80, 0x00, 0x01, 0x02, 0x04, 0x08, 0x10, 0x20, 0x40, 0x80, 0x00,
  0x01, 0x02, 0x04, 0x08, 0x10, 0x20, 0x40, 0x80, 0x00, 0x01, 0x02, 0x04,
  0x08, 0x10, 0x88, 0x0a, 0x18, 0xe8, 0xa3, 0xfc, 0xc2, 0x09, 0x10, 0x20,
  0x40, 0x80, 0x00, 0x01, 0x02, 0x04, 0x08, 0x10, 0x20, 0x40, 0x80, 0x00,
  0x01, 0x02, 0x04, 0x08, 0x10, 0x20, 0x40, 0x80, 0x00, 0x01, 0x02, 0x04,
  0x08, 0x10, 0x20, 0x40, 0xa0, 0x45, 0xc0, 0x40, 0xdf, 0xd2, 0xb4, 0x3b,
  0x09, 0x10, 0x20, 0x40, 0x80, 0x00, 0x01, 0x02, 0x04, 0x08, 0x10, 0x20,
  0x40, 0x80, 0x00, 0x01, 0x02, 0x04, 0x08, 0x10, 0x20, 0x40, 0x80, 0x00,
  0x01, 0x02, 0x04, 0x08, 0x10, 0x20, 0x40, 0x20, 0x2a, 0x60, 0xa0, 0x8f,
  0xf2, 0x0b, 0x27, 0x40, 0x80, 0x00, 0x01, 0x02, 0x04, 0x08, 0x10, 0x20,
  0x40, 0x80, 0x00, 0x01, 0x02, 0x04, 0x08, 0x10, 0x20, 0x40, 0x80, 0x00,
  0x01, 0x02, 0x04, 0x08, 0x10, 0x20, 0x40, 0x80, 0x00, 0x81, 0x16, 0x01,
  0x03, 0x7d, 0x4b, 0xd3, 0xee, 0x24, 0x40, 0x80, 0x00, 0x01, 0x02, 0x04,
  0x08, 0x10, 0x20, 0x40, 0x80, 0x00, 0x01, 0x02, 0x04, 0x08, 0x10, 0x20,
  0x40, 0x80, 0x00, 0x01, 0x02, 0x04, 0x08, 0x10, 0x20, 0x40, 0x80, 0x00,
  0x81, 0xa8, 0x80, 0x81, 0x3e, 0xca, 0x2f, 0x9c, 0x00, 0x01, 0x02, 0x04,
  0x08, 0x10, 0x20, 0x40, 0x80, 0x00, 0x01, 0x02, 0x04, 0x08, 0x10, 0x20,
  0x40, 0x80, 0x00, 0x01, 0x02, 0x04, 0x08, 0x10, 0x20, 0x40, 0x80, 0x00,
  0x01, 0x02, 0x04, 0x5a, 0x04, 0x0c, 0xf4, 0x2d, 0x4d, 0xbb, 0x93, 0x00,
  0x01, 0x02, 0x04, 0x08, 0x10, 0x20, 0x40, 0x80, 0x00, 0x01, 0x02, 0x04,
  0x08, 0x10, 0x20, 0x40, 0x80, 0x00, 0x01, 0x02, 0x04, 0x08, 0x10, 0x20,
  0x40, 0x80, 0x00, 0x01, 0x02, 0x04, 0xa2, 0x02, 0x06, 0xfa, 0x28, 0xbf,
  0x70, 0x02, 0x04, 0x08, 0x10, 0x20, 0x40, 0x80, 0x00, 0x01, 0x02, 0x04,
  0x08, 0x10, 0x20, 0x40, 0x80, 0x00, 0x01, 0x02, 0x04, 0x08, 0x10, 0x20,
  0x40, 0x80, 0x00, 0x01, 0x02, 0x04, 0x08, 0x10, 0x68, 0x11, 0x30, 0xd0,
  0xb7, 0x34, 0xed, 0x4e, 0x02, 0x04, 0x08, 0x10, 0x20, 0x40, 0x80, 0x00,
  0x01, 0x02, 0x04, 0x08, 0x10, 0x20, 0x40, 0x80, 0x00, 0x01, 0x02, 0x04,
  0x08, 0x10, 0x20, 0x40, 0x80, 0x00, 0x01, 0x02, 0x04, 0x08, 0x10, 0x88,
  0x0a, 0x18, 0xe8, 0xa3, 0xfc, 0xc2, 0x09, 0x10, 0x20, 0x40, 0x80, 0x00,
  0x01, 0x02, 0x04, 0x08, 0x10, 0x20, 0x40, 0x80, 0x00, 0x01, 0x02, 0x04,
  0x08, 0x10, 0x20, 0x40, 0x80, 0x00, 0x01, 0x02, 0x04, 0x08, 0x10, 0x20,
  0x40, 0xa0, 0x45, 0xc0, 0x40, 0xdf, 0xd2, 0xb4, 0x3b, 0x09, 0x10, 0x20,
  0x40, 0x80, 0x00, 0x01, 0x02, 0x04, 0x08, 0x10, 0x20, 0x40, 0x80, 0x00,
  0x01, 0x02, 0x04, 0x08, 0x10, 0x20, 0x40, 0x80, 0x00, 0x01, 0x02, 0x04,
  0x08, 0x10, 0x20, 0x40, 0x20, 0x2a, 0x60, 0xa0, 0x8f, 0xf2, 0x0b, 0x27,
  0x40, 0x80, 0x00, 0x01, 0x02, 0x04, 0x08, 0x10, 0x20, 0x40, 0x80, 0x00,
  0x01, 0x02, 0x04, 0x08, 0x10, 0x20, 0x40, 0x80, 0x00, 0x01, 0x02, 0x04,
  0x08, 0x10, 0x20, 0x40, 0x80, 0x00, 0x81, 0x16, 0x01, 0x03, 0x7d, 0x4b,
  0xd3, 0xee, 0x24, 0x40, 0x80, 0x00, 0x01, 0x02, 0x04, 0x08, 0x10, 0x20,
  0x40, 0x80, 0x00, 0x01, 0x02, 0x04, 0x08, 0x10, 0x20, 0x40, 0x80, 0x00,
  0x01, 0x02, 0x04, 0x08, 0x10, 0x20, 0x40, 0x80, 0x00, 0x81, 0xa8, 0x80,
  0x81, 0x3e, 0xca, 0x2f, 0x9c, 0x00, 0x01, 0x02, 0x04, 0x08, 0x10, 0x20,
  0x40, 0x80, 0x00, 0x01, 0x02, 0x04, 0x08, 0x10, 0x20, 0x40, 0x80, 0x00,
  0x01, 0x02, 0x04, 0x08, 0x10, 0x20, 0x40, 0x80, 0x00, 0x01, 0x02, 0x04,
  0x5a, 0x04, 0x0c, 0xf4, 0x2d, 0x4d, 0xbb, 0x93, 0x00, 0x01, 0x02, 0x04,
  0x08, 0x10, 0x20, 0x40, 0x80, 0x00, 0x01, 0x02, 0x04, 0x08, 0x10, 0x20,
  0x40, 0x80, 0x00, 0x01, 0x02, 0x04, 0x08, 0x10, 0x20, 0x40, 0x80, 0x00,
  0x01, 0x02, 0x04, 0xa2, 0x02, 0x06, 0xfa, 0x28, 0xbf, 0x70, 0x02, 0x04,
  0x08, 0x10, 0x20, 0x40, 0x80, 0x00, 0x01, 0x02, 0x04, 0x08, 0x10, 0x20,
  0x40, 0x80, 0x00, 0x01, 0x02, 0x04, 0x08, 0x10, 0x20, 0x40, 0x80, 0x00,
  0x01, 0x02, 0x04, 0x08, 0x10, 0x68, 0x11, 0x38, 0x6a, 0x39, 0xf4, 0xe7,
  0xee, 0xfc, 0xe0, 0xe8, 0xfd, 0xe8, 0xf9, 0x3f, 0xfc, 0xf8, 0x53, 0x34,
  0x5f, 0x38, 0x81, 0x36, 0x01, 0x7f, 0xcf, 0xb7, 0x35, 0xee, 0x5e, 0x02,
  0x04, 0x5a, 0x05, 0xae, 0x2e, 0xcf, 0x5b, 0x4f, 0x8f, 0xdf, 0x7d, 0x71,
  0x7d, 0x13, 0x7f, 0x43, 0xea, 0x01, 0x67, 0xa7, 0xc7, 0xa9, 0x68, 0xb9,
  0x04, 0x08, 0x10, 0x20, 0x40, 0x80, 0x00, 0x81, 0x83, 0x09, 0xb4, 0xff,
  0xbb, 0xf5, 0xa3, 0xc7, 0xcf, 0x0e, 0x66, 0xeb, 0x07, 0x13, 0x20, 0x40,
  0x80, 0x00, 0x01, 0x02, 0xbd, 0x02, 0x7e, 0x83, 0xbe, 0xb7, 0x7b, 0x97,
  0x13, 0x20, 0x40, 0x80, 0x00, 0x01, 0x02, 0x04, 0x08, 0x10, 0x20, 0x40,
  0x80, 0x00, 0x01, 0x02, 0x04, 0x08, 0x10, 0x20, 0x40, 0x80, 0x00, 0x01,
  0x02, 0x04, 0x08, 0x10, 0x20, 0x40, 0x80, 0xc0, 0xa0, 0x80, 0x81, 0x7e,
  0x10, 0x5b, 0x14, 0x01, 0x02, 0x04, 0x08, 0x10, 0x20, 0x40, 0x80, 0x00,
  0x01, 0x02, 0x04, 0x08, 0x10, 0x20, 0x40, 0x80, 0x00, 0x01, 0x02, 0x04,
  0x08, 0x10, 0x20, 0x40, 0x80, 0x00, 0x01, 0x02, 0x04, 0x08, 0xf4, 0x0a,
  0x18, 0xe8, 0x7b, 0xbb, 0x77, 0x39, 0x01, 0x02, 0x04, 0x08, 0x10, 0x20,
  0x40, 0x80, 0x00, 0x01, 0x02, 0x04, 0x08, 0x10, 0x20, 0x40, 0x80, 0x00,
  0x01, 0x02, 0x04, 0x08, 0x10, 0x20, 0x40, 0x80, 0x00, 0x01, 0x02, 0x04,
  0x08, 0x0c, 0x0a, 0x18, 0xe8, 0x07, 0xb1, 0x45, 0x11, 0x20, 0x40, 0x80,
  0x00, 0x01, 0x02, 0x04, 0x08, 0x10, 0x20, 0x40, 0x80, 0x00, 0x01, 0x02,
  0x04, 0x08, 0x10, 0x20, 0x40, 0x80, 0x00, 0x01, 0x02, 0x04, 0x08, 0x10,
  0x20, 0x40, 0x80, 0x40, 0xaf, 0x80, 0x81, 0xbe, 0xb7, 0x7b, 0x97, 0x13,
  0x20, 0x40, 0x80, 0x00, 0x01, 0x02, 0x04, 0x08, 0x10, 0x20, 0x40, 0x80,
  0x00, 0x01, 0x02, 0x04, 0x08, 0x10, 0x20, 0x40, 0x80, 0x00, 0x01, 0x02,
  0x04, 0x08, 0x10, 0x20, 0x40, 0x80, 0xc0, 0xa0, 0x80, 0x81, 0x7e, 0x10,
  0x5b, 0x14, 0x01, 0x02, 0x04, 0x08, 0x10, 0x20, 0x40, 0x80, 0x00, 0x01,
  0x02, 0x04, 0x08, 0x10, 0x20, 0x40, 0x80, 0x00, 0x01, 0x02, 0x04, 0x08,
  0x10, 0x20, 0x40, 0x80, 0x00, 0x01, 0x02, 0x04, 0x08, 0xf4, 0x0a, 0x18,
  0xe8, 0x7b, 0xbb, 0x77, 0x39, 0x01, 0x02, 0x04, 0x08, 0x10, 0x20, 0x40,
  0x80, 0x00, 0x01, 0x02, 0x04, 0x08, 0x10, 0x20, 0x40, 0x80, 0x00, 0x01,
  0x02, 0x04, 0x08, 0x10, 0x20, 0x40, 0x80, 0x00, 0x01, 0x02, 0x04, 0x08,
  0x0c, 0x0a, 0x18, 0xe8, 0x07, 0xb1, 0x45, 0x11, 0x20, 0x40, 0x80, 0x00,
  0x01, 0x02, 0x04, 0x08, 0x10, 0x20, 0x40, 0x80, 0x00, 0x01, 0x02, 0x04,
  0x08, 0x10, 0x20, 0x40, 0x80, 0x00, 0x01, 0x02, 0x04, 0x08, 0x10, 0x20,
  0x40, 0x80, 0x40, 0xaf, 0x80, 0x81, 0xbe, 0xb7, 0x7b, 0x97, 0x13, 0x20,
  0x40, 0x80, 0x00, 0x01, 0x02, 0x04, 0x08, 0x10, 0x20, 0x40, 0x80, 0x00,
  0x01, 0x02, 0x04, 0x08, 0x10, 0x20, 0x40, 0x80, 0x00, 0x01, 0x02, 0x04,
  0x08, 0x10, 0x20, 0x40, 0x80, 0xc0, 0xa0, 0x80, 0x81, 0x7e, 0x10, 0x5b,
  0x14, 0x01, 0x02, 0x04, 0x08, 0x10, 0x20, 0x40, 0x80, 0x00, 0x01, 0x02,
  0x04, 0x08, 0x10, 0x20, 0x40, 0x80, 0x00, 0x01, 0x02, 0x04, 0x08, 0x10,
  0x20, 0x40, 0x80, 0x00, 0x01, 0x02, 0x04, 0x08, 0xf4, 0x0a, 0x18, 0xe8,
  0x7b, 0xbb, 0x77, 0x39, 0x01, 0x02, 0x04, 0x08, 0x10, 0x20, 0x40, 0x80,
  0x00, 0x01, 0x02, 0x04, 0x08, 0x10, 0x20, 0x40, 0x80, 0x00, 0x01, 0x02,
  0x04, 0x08, 0x10, 0x20, 0x40, 0x80, 0x00, 0x01, 0x02, 0x04, 0x08, 0x0c,
  0x0a, 0x18, 0xe8, 0x07, 0xb1, 0x45, 0x11, 0x20, 0x40, 0x80, 0x00, 0x01,
  0x02, 0x04, 0x08, 0x10, 0x20, 0x40, 0x80, 0x00, 0x01, 0x02, 0x04, 0x08,
  0x10, 0x20, 0x40, 0x80, 0x00, 0x01, 0x02, 0x04, 0x08, 0x10, 0x20, 0x40,
  0x80, 0x40, 0xaf, 0x80, 0x81, 0xbe, 0xb7, 0x7b, 0x97, 0x13, 0x20, 0x40,
  0x80, 0x00, 0x01, 0x02, 0x04, 0x08, 0x10, 0x20, 0x40, 0x80, 0x00, 0x01,
  0x02, 0x04, 0x08, 0x10, 0x20, 0x40, 0x80, 0x00, 0x01, 0x02, 0x04, 0x08,
  0x10, 0x20, 0x40, 0x80, 0xc0, 0xa0, 0x80, 0x81, 0x7e, 0x10, 0x5b, 0x14,
  0x01, 0x02, 0x04, 0x08, 0x10, 0x20, 0x40, 0x80, 0x00, 0x01, 0x02, 0x04,
  0x08, 0x10, 0x20, 0x40, 0x80, 0x00, 0x01, 0x02, 0x04, 0x08, 0x10, 0x20,
  0x40, 0x80, 0x00, 0x01, 0x02, 0x04, 0x08, 0xf4, 0x0a, 0x18, 0xe8, 0x7b,
  0xbb, 0x77, 0x39, 0x01, 0x02, 0x04, 0x08, 0x10, 0x20, 0x40, 0x80, 0x00,
  0x01, 0x02, 0x04, 0x08, 0x10, 0x20, 0x40, 0x80, 0x00, 0x01, 0x02, 0x04,
  0x08, 0x10, 0x20, 0x40, 0x80, 0x00, 0x01, 0x02, 0x04, 0x08, 0x0c, 0x0a,
  0x18, 0xe8, 0x07, 0xb1, 0x45, 0x11, 0x20, 0x40, 0x80, 0x00, 0x01, 0x02,
  0x04, 0x08, 0x10, 0x20, 0x40, 0x80, 0x00, 0x01, 0x02, 0x04, 0x08, 0x10,
  0x20, 0x40, 0x80, 0x00, 0x01, 0x02, 0x04, 0x08, 0x10, 0x20, 0x40, 0x80,
  0x40, 0xaf, 0x80, 0x81, 0xbe, 0xb7, 0x7b, 0x97, 0x13, 0x20, 0x40, 0x80,
  0x00, 0x01, 0x02, 0x04, 0x08, 0x10, 0x20, 0x40, 0x80, 0x00, 0x01, 0x02,
  0x04, 0x08, 0x10, 0x20, 0x40, 0x80, 0x00, 0x01, 0x02, 0x04, 0x08, 0x10,
  0x20, 0x40, 0x80, 0xc0, 0xa0, 0x80, 0x81, 0x7e, 0x10, 0x5b, 0x14, 0x01,
  0x02, 0x04, 0x08, 0x10, 0x20, 0x40, 0x80, 0x00, 0x01, 0x02, 0x04, 0x08,
  0x10, 0x20, 0x40, 0x80, 0x00, 0x01, 0x02, 0x04, 0x08, 0x10, 0x20, 0x40,
  0x80, 0x00, 0x01, 0x02, 0x04, 0x08, 0xf4, 0x0a, 0x18, 0xe8, 0x7b, 0xbb,
  0x77, 0x39, 0x01, 0x02, 0x04, 0x08, 0x10, 0x20, 0x40, 0x80, 0x00, 0x01,
  0x02, 0x04, 0x08, 0x10, 0x20, 0x40, 0x80, 0x00, 0x01, 0x02, 0x04, 0x08,
  0x10, 0x20, 0x40, 0x80, 0x00, 0x01, 0x02, 0x04, 0x08, 0x0c, 0x0a, 0x18,
  0xe8, 0x07, 0xb1, 0x45, 0x11, 0x20, 0x40, 0x80, 0x00, 0x01, 0x02, 0x04,
  0x08, 0x10, 0x20, 0x40, 0x80, 0x00, 0x01, 0x02, 0x04, 0x08, 0x10, 0x20,
  0x40, 0x80, 0x00, 0x01, 0x02, 0x04, 0x08, 0x10, 0x20, 0x40, 0x80, 0x40,
  0xaf, 0x80, 0x81, 0xbe, 0xb7, 0x7b, 0x97, 0x13, 0x20, 0x40, 0x80, 0x00,
  0x01, 0x02, 0x04, 0x08, 0x10, 0x20, 0x40, 0x80, 0x00, 0x01, 0x02, 0x04,
  0x08, 0x10, 0x20, 0x40, 0x80, 0x00, 0x01, 0x02, 0x04, 0x08, 0x10, 0x20,
  0x40, 0x80, 0xc0, 0xa0, 0x80, 0x81, 0x7e, 0x10, 0x5b, 0x14, 0x01, 0x02,
  0x04, 0x08, 0x10, 0x20, 0x40, 0x80, 0x00, 0x01, 0x02, 0x04, 0x08, 0x10,
  0x20, 0x40, 0x80, 0x00, 0x01, 0x02, 0x04, 0x08, 0x10, 0x20, 0x40, 0x80,
  0x00, 0x01, 0x02, 0x04, 0x08, 0xf4, 0x0a, 0x18, 0xe8, 0x7b, 0xbb, 0x77,
  0x39, 0x01, 0x02, 0x04, 0x08, 0x10, 0x20, 0x40, 0x80, 0x00, 0x01, 0x02,
  0x04, 0x08, 0x10, 0x20, 0x40, 0x80, 0x00, 0x01, 0x02, 0x04, 0x08, 0x10,
  0x20, 0x40, 0x80, 0x00, 0x01, 0x02, 0x04, 0x08, 0x0c, 0x0a, 0x18, 0xe8,
  0x07, 0xb1, 0x45, 0x11, 0x20, 0x40, 0x80, 0x00, 0x01, 0x02, 0x04, 0x08,
  0x10, 0x20, 0x40, 0x80, 0x00, 0x01, 0x02, 0x04, 0x08, 0x10, 0x20, 0x40,
  0x80, 0x00, 0x01, 0x02, 0x04, 0x08, 0x10, 0x20, 0x40, 0x80, 0x40, 0xaf,
  0x80, 0x81, 0xbe, 0xb7, 0x7b, 0x97, 0x13, 0x20, 0x40, 0x80, 0x00, 0x01,
  0x02, 0x04, 0x08, 0x10, 0x20, 0x40, 0x80, 0x00, 0x01, 0x02, 0x04, 0x08,
  0x10, 0x20, 0x40, 0x80, 0x00, 0x01, 0x02, 0x04, 0x08, 0x10, 0x20, 0x40,
  0x80, 0xc0, 0xa0, 0x80, 0x81, 0x7e, 0x10, 0x5b, 0x14, 0x01, 0x02, 0x04,
  0x08, 0x10, 0x20, 0x40, 0x80, 0x00, 0x01, 0x02, 0x04, 0x08, 0x10, 0x20,
  0x40, 0x80, 0x00, 0x01, 0x02, 0x04, 0x08, 0x10, 0x20, 0x40, 0x80, 0x00,
  0x01, 0x02, 0x04, 0x08, 0xf4, 0x0a, 0x18, 0xe8, 0x7b, 0xbb, 0x77, 0x39,
  0x01, 0x02, 0x04, 0x08, 0x10, 0x20, 0x40, 0x80, 0x00, 0x01, 0x02, 0x04,
  0x08, 0x10, 0x20, 0x40, 0x80, 0x00, 0x01, 0x02, 0x04, 0x08, 0x10, 0x20,
  0x40, 0x80, 0x00, 0x01, 0x02, 0x04, 0x08, 0x0c, 0x0a, 0x18, 0xe8, 0x07,
  0xb1, 0x45, 0x11, 0x20, 0x40, 0x80, 0x00, 0x01, 0x02, 0x04, 0x08, 0x10,
  0x20, 0x40, 0x80, 0x00, 0x01, 0x02, 0x04, 0x08, 0x10, 0x20, 0x40, 0x80,
  0x00, 0x01, 0x02, 0x04, 0x08, 0x10, 0x20, 0x40, 0x80, 0x40, 0xaf, 0x80,
  0x81, 0xbe, 0xb7, 0x7b, 0x97, 0x13, 0x20, 0x40, 0x80, 0x00, 0x01, 0x02,
  0x04, 0x08, 0x10, 0x20, 0x40, 0x80, 0x00, 0x01, 0x02, 0x04, 0x08, 0x10,
  0x20, 0x40, 0x80, 0x00, 0x01, 0x02, 0x04, 0x08, 0x10, 0x20, 0x40, 0x80,
  0xc0, 0xa0, 0x80, 0x81, 0x7e, 0x10, 0x5b, 0x14, 0x01, 0x02, 0x04, 0x08,
  0x10, 0x20, 0x40, 0x80, 0x00, 0x01, 0x02, 0x04, 0x08, 0x10, 0x20, 0x40,
  0x80, 0x00, 0x01, 0x02, 0x04, 0x08, 0x10, 0x20, 0x40, 0x80, 0x00, 0x01,
  0x02, 0x04, 0x08, 0xf4, 0x0a, 0x18, 0xe8, 0x7b, 0xbb, 0x77, 0x39, 0x01,
  0x02, 0x04, 0x08, 0x10, 0x20, 0x40, 0x80, 0x00, 0x01, 0x02, 0x04, 0x08,
  0x10, 0x20, 0x40, 0x80, 0x00, 0x01, 0x02, 0x04, 0x08, 0x10, 0x20, 0x40,
  0x80, 0x00, 0x01, 0x02, 0x04, 0x08, 0x0c, 0x0a, 0xdc, 0xba, 0xf3, 0xe0,
  0xe9, 0x9b, 0xc1, 0xbc, 0x7f, 0x89, 0xfa, 0xe0, 0xe8, 0xfd, 0x58, 0xfc,
  0x0f, 0x3f, 0xfe, 0x14, 0xcb, 0x7e, 0x1b, 0x9c, 0xbc, 0xfd, 0x6d, 0x7e,
  0xfa, 0xfe, 0x24, 0x3e, 0xfb, 0x9c, 0x7e, 0xd2, 0x3e, 0xfd, 0xcd, 0x27,
  0x6f, 0x4f, 0xff, 0x3d, 0xdf, 0x7c, 0x7b, 0xee, 0xef, 0x36, 0xc9, 0x04,
  0x72, 0x02, 0x57, 0x97, 0xe7, 0xb9, 0x70, 0xc9, 0x04, 0x08, 0x10, 0x20,
  0x40, 0x80, 0x00, 0x01, 0x02, 0x04, 0x08, 0x10, 0xd8, 0x81, 0xc0, 0xa3,
  0xc7, 0xcf, 0x76, 0x70, 0x85, 0x13, 0x08, 0x10, 0x20, 0x40, 0x80, 0x00,
  0x81, 0x9f, 0x13, 0xf0, 0x1b, 0xf4, 0xbe, 0x0b, 0x02, 0x04, 0x08, 0x10,
  0x20, 0x40, 0x80, 0x00, 0x01, 0x02, 0x04, 0x08, 0x10, 0x20, 0x40, 0x80,
  0x00, 0x01, 0x02, 0x04, 0x08, 0x10, 0x20, 0x40, 0x80, 0x00, 0x01, 0x02,
  0x04, 0x08, 0x10, 0x20, 0x30, 0x20, 0x60, 0xa0, 0x1f, 0x40, 0x16, 0x41,
  0x80, 0x00, 0x01, 0x02, 0x04, 0x08, 0x10, 0x20, 0x40, 0x80, 0x00, 0x01,
  0x02, 0x04, 0x08, 0x10, 0x20, 0x40, 0x80, 0x00, 0x01, 0x02, 0x04, 0x08,
  0x10, 0x20, 0x40, 0x80, 0x00, 0x01, 0x02, 0x04, 0x0c, 0xf4, 0xbe, 0x01,
  0x02, 0x04, 0x08, 0x10, 0x20, 0x40, 0x80, 0x00, 0x01, 0x02, 0x04, 0x08,
  0x10, 0x20, 0x40, 0x80, 0x00, 0x01, 0x02, 0x04, 0x08, 0x10, 0x20, 0x40,
  0x80, 0x00, 0x01, 0x02, 0x04, 0x08, 0x10, 0x20, 0x30, 0x20, 0x60, 0xa0,
  0x1f, 0x40, 0x16, 0x41, 0x80, 0x00, 0x01, 0x02, 0x04, 0x08, 0x10, 0x20,
  0x40, 0x80, 0x00, 0x01, 0x02, 0x04, 0x08, 0x10, 0x20, 0x40, 0x80, 0x00,
  0x01, 0x02, 0x04, 0x08, 0x10, 0x20, 0x40, 0x80, 0x00, 0x01, 0x02, 0x04,
  0x0c, 0xf4, 0xbe, 0x01, 0x02, 0x04, 0x08, 0x10, 0x20, 0x40, 0x80, 0x00,
  0x01, 0x02, 0x04, 0x08, 0x10, 0x20, 0x40, 0x80, 0x00, 0x01, 0x02, 0x04,
  0x08, 0x10, 0x20, 0x40, 0x80, 0x00, 0x01, 0x02, 0x04, 0x08, 0x10, 0x20,
  0x30, 0x20, 0x60, 0xa0, 0x1f, 0x40, 0x16, 0x41, 0x80, 0x00, 0x01, 0x02,
  0x04, 0x08, 0x10, 0x20, 0x40, 0x80, 0x00, 0x01, 0x02, 0x04, 0x08, 0x10,
  0x20, 0x40, 0x80, 0x00, 0x01, 0x02, 0x04, 0x08, 0x10, 0x20, 0x40, 0x80,
  0x00, 0x01, 0x02, 0x04, 0x0c, 0xf4, 0xbe, 0x01, 0x02, 0x04, 0x08, 0x10,
  0x20, 0x40, 0x80, 0x00, 0x01, 0x02, 0x04, 0x08, 0x10, 0x20, 0x40, 0x80,
  0x00, 0x01, 0x02, 0x04, 0x08, 0x10, 0x20, 0x40, 0x80, 0x00, 0x01, 0x02,
  0x04, 0x08, 0x10, 0x20, 0x30, 0x20, 0x60, 0xa0, 0x1f, 0x40, 0x16, 0x41,
  0x80, 0x00, 0x01, 0x02, 0x04, 0x08, 0x10, 0x20, 0x40, 0x80, 0x00, 0x01,
  0x02, 0x04, 0x08, 0x10, 0x20, 0x40, 0x80, 0x00, 0x01, 0x02, 0x04, 0x08,
  0x10, 0x20, 0x40, 0x80, 0x00, 0x01, 0x02, 0x04, 0x0c, 0xf4, 0xbe, 0x01,
  0x02, 0x04, 0x08, 0x10, 0x20, 0x40, 0x80, 0x00, 0x01, 0x02, 0x04, 0x08,
  0x10, 0x20, 0x40, 0x80, 0x00, 0x01, 0x02, 0x04, 0x08, 0x10, 0x20, 0x40,
  0x80, 0x00, 0x01, 0x02, 0x04, 0x08, 0x10, 0x20, 0x30, 0x20, 0x60, 0xa0,
  0x1f, 0x40, 0x16, 0x41, 0x80, 0x00, 0x01, 0x02, 0x04, 0x08, 0x10, 0x20,
  0x40, 0x80, 0x00, 0x01, 0x02, 0x04, 0x08, 0x10, 0x20, 0x40, 0x80, 0x00,
  0x01, 0x02, 0x04, 0x08, 0x10, 0x20, 0x40, 0x80, 0x00, 0x01, 0x02, 0x04,
  0x0c, 0xf4, 0xbe, 0x01, 0x02, 0x04, 0x08, 0x10, 0x20, 0x40, 0x80, 0x00,
  0x01, 0x02, 0x04, 0x08, 0x10, 0x20, 0x40, 0x80, 0x00, 0x01, 0x02, 0x04,
  0x08, 0x10, 0x20, 0x40, 0x80, 0x00, 0x01, 0x02, 0x04, 0x08, 0x10, 0x20,
  0x30, 0x20, 0x60, 0xa0, 0x1f, 0x40, 0x16, 0x41, 0x80, 0x00, 0x01, 0x02,
  0x04, 0x08, 0x10, 0x20, 0x40, 0x80, 0x00, 0x01, 0x02, 0x04, 0x08, 0x10,
  0x20, 0x40, 0x80, 0x00, 0x01, 0x02, 0x04, 0x08, 0x10, 0x20, 0x40, 0x80,
  0x00, 0x01, 0x02, 0x04, 0x0c, 0xf4, 0xbe, 0x01, 0x02, 0x04, 0x08, 0x10,
  0x20, 0x40, 0x80, 0x00, 0x01, 0x02, 0x04, 0x08, 0x10, 0x20, 0x40, 0x80,
  0x00, 0x01, 0x02, 0x04, 0x08, 0x10, 0x20, 0x40, 0x80, 0x00, 0x01, 0x02,
  0x04, 0x08, 0x10, 0x20, 0x30, 0x20, 0x60, 0xa0, 0x1f, 0x40, 0x16, 0x41,
  0x80, 0x00, 0x01, 0x02, 0x04, 0x08, 0x10, 0x20, 0x40, 0x80, 0x00, 0x01,
  0x02, 0x04, 0x08, 0x10, 0x20, 0x40, 0x80, 0x00, 0x01, 0x02, 0x04, 0x08,
  0x10, 0x20, 0x40, 0x80, 0x00, 0x01, 0x02, 0x04, 0x0c, 0xf4, 0xbe, 0x01,
  0x02, 0x04, 0x08, 0x10, 0x20, 0x40, 0x80, 0x00, 0x01, 0x02, 0x04, 0x08,
  0x10, 0x20, 0x40, 0x80, 0x00, 0x01, 0x02, 0x04, 0x08, 0x10, 0x20, 0x40,
  0x80, 0x00, 0x01, 0x02, 0x04, 0x08, 0x10, 0x20, 0x30, 0x20, 0x60, 0xa0,
  0x1f, 0x40, 0x16, 0x41, 0x80, 0x00, 0x01, 0x02, 0x04, 0x08, 0x10, 0x20,
  0x40, 0x80, 0x00, 0x01, 0x02, 0x04, 0x08, 0x10, 0x20, 0x40, 0x80, 0x00,
  0x01, 0x02, 0x04, 0x08, 0x10, 0x20, 0x40, 0x80, 0x00, 0x01, 0x02, 0x04,
  0x0c, 0xf4, 0xbe, 0x01, 0x02, 0x04, 0x08, 0x10, 0x20, 0x40, 0x80, 0x00,
  0x01, 0x02, 0x04, 0x08, 0x10, 0x20, 0x40, 0x80, 0x00, 0x01, 0x02, 0x04,
  0x08, 0x10, 0x20, 0x40, 0x80, 0x00, 0x01, 0x02, 0x04, 0x08, 0x10, 0x20,
  0x30, 0x20, 0x60, 0xa0, 0x1f, 0x40, 0x16, 0x41, 0x80, 0x00, 0x01, 0x02,
  0x04, 0x08, 0x10, 0x20, 0x40, 0x80, 0x00, 0x01, 0x02, 0x04, 0x08, 0x10,
  0x20, 0x40, 0x80, 0x00, 0x01, 0x02, 0x04, 0x08, 0x10, 0x20, 0x40, 0x80,
  0x00, 0x01, 0x02, 0x04, 0x0c, 0xf4, 0xbe, 0x01, 0x02, 0x04, 0x08, 0x10,
  0x20, 0x40, 0x80, 0x00, 0x01, 0x02, 0x04, 0x08, 0x10, 0x20, 0x40, 0x80,
  0x00, 0x01, 0x02, 0x04, 0x08, 0x10, 0x20, 0x40, 0x80, 0x00, 0x01, 0x02,
  0x04, 0x08, 0x10, 0x20, 0x30, 0x20, 0x60, 0xa0, 0x1f, 0x40, 0x16, 0x41,
  0x80, 0x00, 0x01, 0x02, 0x04, 0x08, 0x10, 0x20, 0x40, 0x80, 0x00, 0x01,
  0x02, 0x04, 0x08, 0x10, 0x20, 0x40, 0x80, 0x00, 0x01, 0x02, 0x04, 0x08,
  0x10, 0x20, 0x40, 0x80, 0x00, 0x01, 0x02, 0x04, 0x0c, 0xf4, 0xbe, 0x01,
  0x02, 0x04, 0x08, 0x10, 0x20, 0x40, 0x80, 0x00, 0x01, 0x02, 0x04, 0x08,
  0x10, 0x20, 0x40, 0x80, 0x00, 0x01, 0x02, 0x04, 0x08, 0x10, 0x20, 0x40,
  0x80, 0x00, 0x01, 0x02, 0x04, 0x08, 0x10, 0x20, 0x30, 0x20, 0x60, 0xa0,
  0x1f, 0x40, 0x16, 0x41, 0x80, 0x00, 0x01, 0x02, 0x04, 0x08, 0x10, 0x20,
  0x40, 0x80, 0x00, 0x01, 0x02, 0x04, 0x08, 0x10, 0x20, 0x40, 0x80, 0x00,
  0x01, 0x02, 0x04, 0x08, 0x10, 0x20, 0x40, 0x80, 0x00, 0x01, 0x02, 0x04,
  0x0c, 0xf4, 0xbe, 0x01, 0x02, 0x04, 0x08, 0x10, 0x20, 0x40, 0x80, 0x00,
  0x01, 0x02, 0x04, 0x08, 0x10, 0x20, 0x40, 0x80, 0x00, 0x01, 0x02, 0x04,
  0x08, 0x10, 0x20, 0x40, 0x80, 0x00, 0x01, 0x02, 0x04, 0x08, 0x10, 0x20,
  0x30, 0x20, 0x60, 0xa0, 0x1f, 0x40, 0x16, 0x41, 0x80, 0x00, 0x01, 0x02,
  0x04, 0x08, 0x10, 0x20, 0x40, 0x80, 0x00, 0x01, 0x02, 0x04, 0x08, 0x10,
  0x20, 0x40, 0x80, 0x00, 0x01, 0x02, 0x04, 0x08, 0x10, 0x20, 0x40, 0x80,
  0x00, 0x01, 0x02, 0x04, 0x0c, 0xf4, 0xbe, 0x01, 0x02, 0x04, 0x08, 0x10,
  0x20, 0x40, 0x80, 0x00, 0x01, 0x02, 0x04, 0x08, 0x10, 0x20, 0x40, 0x80,
  0x00, 0x01, 0x02, 0x04, 0x08, 0x10, 0x20, 0x40, 0x80, 0x00, 0x01, 0x02,
  0x04, 0x08, 0x10, 0x20, 0x30, 0x20, 0x60, 0xa0, 0x1f, 0x40, 0x16, 0x41,
  0x80, 0x00, 0x01, 0x02, 0x04, 0x08, 0x10, 0x20, 0x40, 0x80, 0x00, 0x01,
  0x02, 0x04, 0x08, 0x10, 0x20, 0x40, 0x80, 0x00, 0x01, 0x02, 0x04, 0x08,
  0x10, 0x20, 0x40, 0x80, 0x00, 0x01, 0x02, 0x04, 0x0c, 0xf4, 0xbe, 0x01,
  0x02, 0x04, 0x08, 0x10, 0x20, 0x40, 0x80, 0x00, 0x01, 0x02, 0x04, 0x08,
  0x10, 0x20, 0x40, 0x80, 0x00, 0x01, 0x02, 0x04, 0x08, 0x10, 0x20, 0x40,
  0x80, 0x00, 0x01, 0x02, 0x04, 0x08, 0x10, 0x20, 0x30, 0x20, 0x60, 0xa0,
  0x1f, 0x40, 0x16, 0x41, 0x80, 0x00, 0x01, 0x02, 0x04, 0x08, 0x10, 0x20,
  0x40, 0x80, 0x00, 0x01, 0x02, 0x04, 0x08, 0x10, 0x20, 0x40, 0x80, 0x00,
  0x01, 0x02, 0x04, 0x08, 0x10, 0x20, 0x40, 0x80, 0x00, 0x01, 0x02, 0x04,
  0x0c, 0xf4, 0xbe, 0x01, 0x02, 0x04, 0x08, 0x10, 0x20, 0x40, 0x80, 0x00,
  0x01, 0x02, 0x04, 0x08, 0x10, 0x20, 0x40, 0x80, 0x00, 0x01, 0x02, 0x04,
  0x08, 0x10, 0x20, 0x40, 0x80, 0x00, 0x01, 0x02, 0x04, 0x08, 0x10, 0x20,
  0x30, 0x20, 0x60, 0xa0, 0x1f, 0x40, 0x16, 0x41, 0x80, 0x00, 0x01, 0x02,
  0x04, 0x08, 0x10, 0x20, 0x40, 0x80, 0x00, 0x01, 0x02, 0x04, 0x08, 0x10,
  0x20, 0x40, 0x80, 0x00, 0x01, 0x02, 0x04, 0x08, 0x10, 0x20, 0x40, 0x80,
  0x00, 0x01, 0x02, 0x04, 0x6e, 0xdd, 0x79, 0xf0, 0xf4, 0x0d, 0x06, 0x02,
  0x04, 0x08, 0x10, 0x20, 0x40, 0x80, 0x00, 0x81, 0x77, 0x2b, 0x70, 0x75,
  0x79, 0xfe, 0x6e, 0x7f, 0xa0, 0x9f, 0x46, 0x80, 0xc0, 0x2f, 0x0a, 0x5c,
  0x5c, 0xdf, 0x44, 0x85, 0x3e, 0xfa, 0xf3, 0x69, 0x34, 0x3f, 0x19, 0xfe,
  0xfb, 0xbf, 0xff, 0x6f, 0x32, 0x3e, 0x9e, 0x9d, 0xfc, 0xf6, 0xce, 0x4e,
  0x8f, 0xe3, 0xf7, 0x7b, 0x00, 0x01, 0x02, 0x04, 0x08, 0x10, 0x38, 0xa4,
  0xc0, 0xfd, 0x7b, 0xb7, 0x0f, 0xf9, 0xe3, 0xfd, 0xec, 0x5f, 0x10, 0xb8,
  0xfb, 0xf0, 0x13, 0x3e, 0x04, 0x08, 0x10, 0x20, 0x40, 0x80, 0xc0, 0x81,
  0x04, 0xfc, 0x06, 0xfd, 0x81, 0x60, 0xfd, 0x58, 0x02, 0x04, 0x08, 0x10,
  0x20, 0x40, 0x80, 0x00, 0x01, 0x02, 0x04, 0x08, 0x10, 0x20, 0x40, 0x80,
  0x00, 0x01, 0x02, 0x04, 0x08, 0x10, 0x20, 0x40, 0x80, 0x00, 0x01, 0x02,
  0x04, 0x08, 0x10, 0x20, 0xf0, 0xcf, 0x02, 0x06, 0x7a, 0xdf, 0x03, 0x01,
  0x02, 0x04, 0x08, 0x10, 0x20, 0x40, 0x80, 0x00, 0x01, 0x02, 0x04, 0x08,
  0x10, 0x20, 0x40, 0x80, 0x00, 0x01, 0x02, 0x04, 0x08, 0x10, 0x20, 0x40,
  0x80, 0x00, 0x01, 0x02, 0x04, 0x08, 0x10, 0x18, 0x10, 0x30, 0xd0, 0x0f,
  0x20, 0x8b, 0x20, 0x40, 0x80, 0x00, 0x01, 0x02, 0x04, 0x08, 0x10, 0x20,
  0x40, 0x80, 0x00, 0x01, 0x02, 0x04, 0x08, 0x10, 0x20, 0x40, 0x80, 0x00,
  0x01, 0x02, 0x04, 0x08, 0x10, 0x20, 0x40, 0x80, 0x00, 0x01, 0x02, 0x06,
  0x7a, 0xdf, 0x00, 0x01, 0x02, 0x04, 0x08, 0x10, 0x20, 0x40, 0x80, 0x00,
  0x01, 0x02, 0x04, 0x08, 0x10, 0x20, 0x40, 0x80, 0x00, 0x01, 0x02, 0x04,
  0x08, 0x10, 0x20, 0x40, 0x80, 0x00, 0x01, 0x02, 0x04, 0x08, 0x10, 0x18,
  0x10, 0x30, 0xd0, 0x0f, 0x20, 0x8b, 0x20, 0x40, 0x80, 0x00, 0x01, 0x02,
  0x04, 0x08, 0x10, 0x20, 0x40, 0x80, 0x00, 0x01, 0x02, 0x04, 0x08, 0x10,
  0x20, 0x40, 0x80, 0x00, 0x01, 0x02, 0x04, 0x08, 0x10, 0x20, 0x40, 0x80,
  0x00, 0x01, 0x02, 0x06, 0x7a, 0xdf, 0x00, 0x01, 0x02, 0x04, 0x08, 0x10,
  0x20, 0x40, 0x80, 0x00, 0x01, 0x02, 0x04, 0x08, 0x10, 0x20, 0x40, 0x80,
  0x00, 0x01, 0x02, 0x04, 0x08, 0x10, 0x20, 0x40, 0x80, 0x00, 0x01, 0x02,
  0x04, 0x08, 0x10, 0x18, 0x10, 0x30, 0xd0, 0x0f, 0x20, 0x8b, 0x20, 0x40,
  0x80, 0x00, 0x01, 0x02, 0x04, 0x08, 0x10, 0x20, 0x40, 0x80, 0x00, 0x01,
  0x02, 0x04, 0x08, 0x10, 0x20, 0x40, 0x80, 0x00, 0x01, 0x02, 0x04, 0x08,
  0x10, 0x20, 0x40, 0x80, 0x00, 0x01, 0x02, 0x06, 0x7a, 0xdf, 0x00, 0x01,
  0x02, 0x04, 0x08, 0x10, 0x20, 0x40, 0x80, 0x00, 0x01, 0x02, 0x04, 0x08,
  0x10, 0x20, 0x40, 0x80, 0x00, 0x01, 0x02, 0x04, 0x08, 0x10, 0x20, 0x40,
  0x80, 0x00, 0x01, 0x02, 0x04, 0x08, 0x10, 0x18, 0x10, 0x30, 0xd0, 0x0f,
  0x20, 0x8b, 0x20, 0x40, 0x80, 0x00, 0x01, 0x02, 0x04, 0x08, 0x10, 0x20,
  0x40, 0x80, 0x00, 0x01, 0x02, 0x04, 0x08, 0x10, 0x20, 0x40, 0x80, 0x00,
  0x01, 0x02, 0x04, 0x08, 0x10, 0x20, 0x40, 0x80, 0x00, 0x01, 0x02, 0x06,
  0x7a, 0xdf, 0x00, 0x01, 0x02, 0x04, 0x08, 0x10, 0x20, 0x40, 0x80, 0x00,
  0x01, 0x02, 0x04, 0x08, 0x10, 0x20, 0x40, 0x80, 0x00, 0x01, 0x02, 0x04,
  0x08, 0x10, 0x20, 0x40, 0x80, 0x00, 0x01, 0x02, 0x04, 0x08, 0x10, 0x18,
  0x10, 0x30, 0xd0, 0x0f, 0x20, 0x8b, 0x20, 0x40, 0x80, 0x00, 0x01, 0x02,
  0x04, 0x08, 0x10, 0x20, 0x40, 0x80, 0x00, 0x01, 0x02, 0x04, 0x08, 0x10,
  0x20, 0x40, 0x80, 0x00, 0x01, 0x02, 0x04, 0x08, 0x10, 0x20, 0x40, 0x80,
  0x00, 0x01, 0x02, 0x06, 0x7a, 0xdf, 0x00, 0x01, 0x02, 0x04, 0x08, 0x10,
  0x20, 0x40, 0x80, 0x00, 0x01, 0x02, 0x04, 0x08, 0x10, 0x20, 0x40, 0x80,
  0x00, 0x01, 0x02, 0x04, 0x08, 0x10, 0x20, 0x40, 0x80, 0x00, 0x01, 0x02,
  0x04, 0x08, 0x10, 0x18, 0x10, 0x30, 0xd0, 0x0f, 0x20, 0x8b, 0x20, 0x40,
  0x80, 0x00, 0x01, 0x02, 0x04, 0x08, 0x10, 0x20, 0x40, 0x80, 0x00, 0x01,
  0x02, 0x04, 0x08, 0x10, 0x20, 0x40, 0x80, 0x00, 0x01, 0x02, 0x04, 0x08,
  0x10, 0x20, 0x40, 0x80, 0x00, 0x01, 0x02, 0x06, 0x7a, 0xdf, 0x00, 0x01,
  0x02, 0x04, 0x08, 0x10, 0x20, 0x40, 0x80, 0x00, 0x01, 0x02, 0x04, 0x08,
  0x10, 0x20, 0x40, 0x80, 0x00, 0x01, 0x02, 0x04, 0x08, 0x10, 0x20, 0x40,
  0x80, 0x00, 0x01, 0x02, 0x04, 0x08, 0x10, 0x18, 0x10, 0x30, 0xd0, 0x0f,
  0x20, 0x8b, 0x20, 0x40, 0x80, 0x00, 0x01, 0x02, 0x04, 0x08, 0x10, 0x20,
  0x40, 0x80, 0x00, 0x01, 0x02, 0x04, 0x08, 0x10, 0x20, 0x40, 0x80, 0x00,
  0x01, 0x02, 0x04, 0x08, 0x10, 0x20, 0x40, 0x80, 0x00, 0x01, 0x02, 0x06,
  0x7a, 0xdf, 0x00, 0x01, 0x02, 0x04, 0x08, 0x10, 0x20, 0x40, 0x80, 0x00,
  0x01, 0x02, 0x04, 0x08, 0x10, 0x20, 0x40, 0x80, 0x00, 0x01, 0x02, 0x04,
  0x08, 0x10, 0x20, 0x40, 0x80, 0x00, 0x01, 0x02, 0x04, 0x08, 0x10, 0x18,
  0x10, 0x30, 0xd0, 0x0f, 0x20, 0x8b, 0x20, 0x40, 0x80, 0x00, 0x01, 0x02,
  0x04, 0x08, 0x10, 0x20, 0x40, 0x80, 0x00, 0x01, 0x02, 0x04, 0x08, 0x10,
  0x20, 0x40, 0x80, 0x00, 0x01, 0x02, 0x04, 0x08, 0x10, 0x20, 0x40, 0x80,
  0x00, 0x01, 0x02, 0x06, 0x7a, 0xdf, 0x00, 0x01, 0x02, 0x04, 0x08, 0x10,
  0x20, 0x40, 0x80, 0x00, 0x01, 0x02, 0x04, 0x08, 0x10, 0x20, 0x40, 0x80,
  0x00, 0x01, 0x02, 0x04, 0x08, 0x10, 0x20, 0x40, 0x80, 0x00, 0x01, 0x02,
  0x04, 0x08, 0x10, 0x18, 0x10, 0x30, 0xd0, 0x0f, 0x20, 0x8b, 0x20, 0x40,
  0x80, 0x00, 0x01, 0x02, 0x04, 0x08, 0x10, 0x20, 0x40, 0x80, 0x00, 0x01,
  0x02, 0x04, 0x08, 0x10, 0x20, 0x40, 0x80, 0x00, 0x01, 0x02, 0x04, 0x08,
  0x10, 0x20, 0x40, 0x80, 0x00, 0x01, 0x02, 0x06, 0x7a, 0xdf, 0x00, 0x01,
  0x02, 0x04, 0x08, 0x10, 0x20, 0x40, 0x80, 0x00, 0x01, 0x02, 0x04, 0x08,
  0x10, 0x20, 0x40, 0x80, 0x00, 0x01, 0x02, 0x04, 0x08, 0x10, 0x20, 0x40,
  0x80, 0x00, 0x01, 0x02, 0x04, 0x08, 0x10, 0x18, 0x10, 0x30, 0xd0, 0x0f,
  0x20, 0x8b, 0x20, 0x40, 0x80, 0x00, 0x01, 0x02, 0x04, 0x08, 0x10, 0x20,
  0x40, 0x80, 0x00, 0x01, 0x02, 0x04, 0x08, 0x10, 0x20, 0x40, 0x80, 0x00,
  0x01, 0x02, 0x04, 0x08, 0x10, 0x20, 0x40, 0x80, 0x00, 0x01, 0x02, 0x06,
  0x7a, 0xdf, 0x00, 0x01, 0x02, 0x04, 0x08, 0x10, 0x20, 0x40, 0x80, 0x00,
  0x01, 0x02, 0x04, 0x08, 0x10, 0x20, 0x40, 0x80, 0x00, 0x01, 0x02, 0x04,
  0x08, 0x10, 0x20, 0x40, 0x80, 0x00, 0x01, 0x02, 0x04, 0x08, 0x10, 0x18,
  0x10, 0x30, 0xd0, 0x0f, 0x20, 0x8b, 0x20, 0x40, 0x80, 0x00, 0x01, 0x02,
  0x04, 0x08, 0x10, 0x20, 0x40, 0x80, 0x00, 0x01, 0x02, 0x04, 0x08, 0x10,
  0x20, 0x40, 0x80, 0x00, 0x01, 0x02, 0x04, 0x08, 0x10, 0x20, 0x40, 0x80,
  0x00, 0x01, 0x02, 0x06, 0x7a, 0xdf, 0x00, 0x01, 0x02, 0x04, 0x08, 0x10,
  0x20, 0x40, 0x80, 0x00, 0x01, 0x02, 0x04, 0x08, 0x10, 0x20, 0x40, 0x80,
  0x00, 0x01, 0x02, 0x04, 0x08, 0x10, 0x20, 0x40, 0x80, 0x00, 0x01, 0x02,
  0x04, 0x08, 0x10, 0x18, 0x10, 0x30, 0xd0, 0x0f, 0x20, 0x8b, 0x20, 0x40,
  0x80, 0x00, 0x01, 0x02, 0x04, 0x08, 0x10, 0x20, 0x40, 0x80, 0x00, 0x01,
  0x02, 0x04, 0x08, 0x10, 0x20, 0x40, 0x80, 0x00, 0x01, 0x02, 0x04, 0x08,
  0x10, 0x20, 0x40, 0x80, 0x00, 0x01, 0x02, 0x06, 0x7a, 0xdf, 0x00, 0x01,
  0x02, 0x04, 0x08, 0x10, 0x20, 0x40, 0x80, 0x00, 0x01, 0x02, 0x04, 0x08,
  0x10, 0x20, 0x40, 0x80, 0x00, 0x01, 0x02, 0x04, 0x08, 0x10, 0x20, 0x40,
  0x80, 0x00, 0x01, 0x02, 0x04, 0x08, 0x10, 0x18, 0x10, 0x30, 0xd0, 0x0f,
  0x20, 0x8b, 0x20, 0x40, 0x80, 0x00, 0x01, 0x02, 0x04, 0x08, 0x10, 0x20,
  0x40, 0x80, 0x00, 0x01, 0x02, 0x04, 0x08, 0x10, 0x20, 0x40, 0x80, 0x00,
  0x01, 0x02, 0x04, 0x08, 0x10, 0x20, 0x40, 0x80, 0x00, 0x01, 0x02, 0x06,
  0x7a, 0xdf, 0x00, 0x01, 0x02, 0x04, 0x08, 0x10, 0x20, 0x40, 0x80, 0x00,
  0x01, 0x02, 0x04, 0x08, 0x10, 0x20, 0x40, 0x80, 0x00, 0x01, 0x02, 0x04,
  0x08, 0x10, 0x20, 0x40, 0x80, 0x00, 0x01, 0x02, 0x04, 0x08, 0x10, 0x18,
  0x10, 0x30, 0xd0, 0x0f, 0x20, 0x8b, 0x20, 0x40, 0x80, 0x00, 0x01, 0x02,
  0x04, 0x08, 0x10, 0x20, 0x40, 0x80, 0x00, 0x01, 0x02, 0x04, 0x08, 0x10,
  0x20, 0x40, 0x80, 0x00, 0x01, 0x02, 0x04, 0x08, 0x10, 0x20, 0x40, 0x80,
  0x00, 0x01, 0x02, 0x06, 0x7a, 0xdf, 0x00, 0x01, 0x02, 0x04, 0x08, 0x10,
  0x20, 0x40, 0x80, 0x00, 0x01, 0x02, 0x04, 0x08, 0x10, 0x20, 0x40, 0x80,
  0x00, 0x01, 0x02, 0x04, 0x08, 0x10, 0x20, 0x40, 0x80, 0x00, 0x01, 0x02,
  0x04, 0x08, 0x10, 0x18, 0x10, 0x30, 0xd0, 0x0f, 0x20, 0x8b, 0x20, 0x40,
  0x80, 0x00, 0x01, 0x02, 0x04, 0x08, 0x10, 0x20, 0x40, 0x80, 0x00, 0x01,
  0x02, 0x04, 0x08, 0x10, 0x20, 0x40, 0x80, 0x00, 0x01, 0x02, 0x04, 0x08,
  0x10, 0x20, 0x40, 0x80, 0x00, 0x01, 0x02, 0xb7, 0xee, 0x3c, 0x78, 0xfa,
  0x06, 0x03, 0x01, 0x02, 0x04, 0x08, 0x10, 0x20, 0x40, 0x60, 0x6f, 0x02,
  0x57, 0x97, 0xe7, 0x7b, 0x3b, 0xc9, 0x3d, 0x04, 0x36, 0x2f, 0x70, 0x71,
  0x7d, 0x13, 0x7b, 0xe3, 0x47, 0x7f, 0x3e, 0x8d, 0x65, 0x6f, 0x21, 0xf8,
  0xe4, 0xe4, 0x24, 0xf6, 0x8c, 0x6f, 0xbf, 0xfa, 0x3a, 0x96, 0xdd, 0x1e,
  0x9c, 0xfc, 0x7b, 0x2e, 0x6d, 0x7f, 0x76, 0x7a, 0x9c, 0x7e, 0x82, 0x7c,
  0x02, 0x04, 0x08, 0x10, 0x18, 0x10, 0xb8, 0x7f, 0xef, 0xf6, 0x40, 0xca,
  0x36, 0x23, 0x5e, 0xbe, 0x7a, 0xbd, 0xcd, 0x87, 0x15, 0xbc, 0xea, 0xd1,
  0xe3, 0x67, 0x05, 0x57, 0x3a, 0x91, 0x00, 0x01, 0x02, 0x79, 0x81, 0xef,
  0xbe, 0xf9, 0x32, 0xf6, 0x88, 0xbb, 0x0f, 0x3f, 0x89, 0x65, 0xbf, 0x0d,
  0xf6, 0x1b, 0xf4, 0x51, 0x7e, 0xe1, 0x04, 0x08, 0x10, 0x20, 0x40, 0x80,
  0x00, 0x01, 0x02, 0x04, 0x08, 0x10, 0x20, 0x40, 0x80, 0x00, 0x01, 0x02,
  0x04, 0x08, 0x10, 0x20, 0x40, 0x80, 0x00, 0x01, 0x02, 0x04, 0x08, 0x10,
  0x20, 0xd0, 0x22, 0x60, 0xa0, 0x6f, 0x69, 0xda, 0x9d, 0x04, 0x08, 0x10,
  0x20, 0x40, 0x80, 0x00, 0x01, 0x02, 0x04, 0x08, 0x10, 0x20, 0x40, 0x80,
  0x00, 0x01, 0x02, 0x04, 0x08, 0x10, 0x20, 0x40, 0x80, 0x00, 0x01, 0x02,
  0x04, 0x08, 0x10, 0x20, 0x10, 0x15, 0x30, 0xd0, 0x47, 0xf9, 0x85, 0x13,
  0x20, 0x40, 0x80, 0x00, 0x01, 0x02, 0x04, 0x08, 0x10, 0x20, 0x40, 0x80,
  0x00, 0x01, 0x02, 0x04, 0x08, 0x10, 0x20, 0x40, 0x80, 0x00, 0x01, 0x02,
  0x04, 0x08, 0x10, 0x20, 0x40, 0x80, 0x40, 0x8b, 0x80, 0x81, 0xbe, 0xa5,
  0x69, 0x77, 0x12, 0x20, 0x40, 0x80, 0x00, 0x01, 0x02, 0x04, 0x08, 0x10,
  0x20, 0x40, 0x80, 0x00, 0x01, 0x02, 0x04, 0x08, 0x10, 0x20, 0x40, 0x80,
  0x00, 0x01, 0x02, 0x04, 0x08, 0x10, 0x20, 0x40, 0x80, 0x40, 0x54, 0xc0,
  0x40, 0x1f, 0xe5, 0x17, 0x4e, 0x80, 0x00, 0x01, 0x02, 0x04, 0x08, 0x10,
  0x20, 0x40, 0x80, 0x00, 0x01, 0x02, 0x04, 0x08, 0x10, 0x20, 0x40, 0x80,
  0x00, 0x01, 0x02, 0x04, 0x08, 0x10, 0x20, 0x40, 0x80, 0x00, 0x01, 0x02,
  0x2d, 0x02, 0x06, 0xfa, 0x96, 0xa6, 0xdd, 0x49, 0x80, 0x00, 0x01, 0x02,
  0x04, 0x08, 0x10, 0x20, 0x40, 0x80, 0x00, 0x01, 0x02, 0x04, 0x08, 0x10,
  0x20, 0x40, 0x80, 0x00, 0x01, 0x02, 0x04, 0x08, 0x10, 0x20, 0x40, 0x80,
  0x00, 0x01, 0x02, 0x51, 0x01, 0x03, 0x7d, 0x94, 0x5f, 0x38, 0x01, 0x02,
  0x04, 0x08, 0x10, 0x20, 0x40, 0x80, 0x00, 0x01, 0x02, 0x04, 0x08, 0x10,
  0x20, 0x40, 0x80, 0x00, 0x01, 0x02, 0x04, 0x08, 0x10, 0x20, 0x40, 0x80,
  0x00, 0x01, 0x02, 0x04, 0x08, 0xb4, 0x08, 0x18, 0xe8, 0x5b, 0x9a, 0x76,
  0x27, 0x01, 0x02, 0x04, 0x08, 0x10, 0x20, 0x40, 0x80, 0x00, 0x01, 0x02,
  0x04, 0x08, 0x10, 0x20, 0x40, 0x80, 0x00, 0x01, 0x02, 0x04, 0x08, 0x10,
  0x20, 0x40, 0x80, 0x00, 0x01, 0x02, 0x04, 0x08, 0x44, 0x05, 0x0c, 0xf4,
  0x51, 0x7e, 0xe1, 0x04, 0x08, 0x10, 0x20, 0x40, 0x80, 0x00, 0x5b, 0x22,
  0x12, 0xbf, 0x00, 0x00, 0x20, 0x00, 0x49, 0x44, 0x41, 0x54, 0x01, 0x02,
  0x04, 0x08, 0x10, 0x20, 0x40, 0x80, 0x00, 0x01, 0x02, 0x04, 0x08, 0x10,
  0x20, 0x40, 0x80, 0x00, 0x01, 0x02, 0x04, 0x08, 0x10, 0x20, 0xd0, 0x22,
  0x60, 0xa0, 0x6f, 0x69, 0xda, 0x9d, 0x04, 0x08, 0x10, 0x20, 0x40, 0x80,
  0x00, 0x01, 0x02, 0x04, 0x08, 0x10, 0x20, 0x40, 0x80, 0x00, 0x01, 0x02,
  0x04, 0x08, 0x10, 0x20, 0x40, 0x80, 0x00, 0x01, 0x02, 0x04, 0x08, 0x10,
  0x20, 0x10, 0x15, 0x30, 0xd0, 0x47, 0xf9, 0x85, 0x13, 0x20, 0x40, 0x80,
  0x00, 0x01, 0x02, 0x04, 0x08, 0x10, 0x20, 0x40, 0x80, 0x00, 0x01, 0x02,
  0x04, 0x08, 0x10, 0x20, 0x40, 0x80, 0x00, 0x01, 0x02, 0x04, 0x08, 0x10,
  0x20, 0x40, 0x80, 0x40, 0x8b, 0x80, 0x81, 0xbe, 0xa5, 0x69, 0x77, 0x12,
  0x20, 0x40, 0x80, 0x00, 0x01, 0x02, 0x04, 0x08, 0x10, 0x20, 0x40, 0x80,
  0x00, 0x01, 0x02, 0x04, 0x08, 0x10, 0x20, 0x40, 0x80, 0x00, 0x01, 0x02,
  0x04, 0x08, 0x10, 0x20, 0x40, 0x80, 0x40, 0x54, 0xc0, 0x40, 0x1f, 0xe5,
  0x17, 0x4e, 0x80, 0x00, 0x01, 0x02, 0x04, 0x08, 0x10, 0x20, 0x40, 0x80,
  0x00, 0x01, 0x02, 0x04, 0x08, 0x10, 0x20, 0x40, 0x80, 0x00, 0x01, 0x02,
  0x04, 0x08, 0x10, 0x20, 0x40, 0x80, 0x00, 0x01, 0x02, 0x2d, 0x02, 0x06,
  0xfa, 0x96, 0xa6, 0xdd, 0x49, 0x80, 0x00, 0x01, 0x02, 0x04, 0x08, 0x10,
  0x20, 0x40, 0x80, 0x00, 0x01, 0x02, 0x04, 0x08, 0x10, 0x20, 0x40, 0x80,
  0x00, 0x01, 0x02, 0x04, 0x08, 0x10, 0x20, 0x40, 0x80, 0x00, 0x01, 0x02,
  0x51, 0x01, 0x03, 0x7d, 0x94, 0x5f, 0x38, 0x01, 0x02, 0x04, 0x08, 0x10,
  0x20, 0x40, 0x80, 0x00, 0x01, 0x02, 0x04, 0x08, 0x10, 0x20, 0x40, 0x80,
  0x00, 0x01, 0x02, 0x04, 0x08, 0x10, 0x20, 0x40, 0x80, 0x00, 0x01, 0x02,
  0x04, 0x08, 0xb4, 0x08, 0x18, 0xe8, 0x5b, 0x9a, 0x76, 0x27, 0x01, 0x02,
  0x04, 0x08, 0x10, 0x20, 0x40, 0x80, 0x00, 0x01, 0x02, 0x04, 0x08, 0x10,
  0x20, 0x40, 0x80, 0x00, 0x01, 0x02, 0x04, 0x08, 0x10, 0x20, 0x40, 0x80,
  0x00, 0x01, 0x02, 0x04, 0x08, 0x44, 0x05, 0x0c, 0xf4, 0x51, 0x7e, 0xe1,
  0x04, 0x08, 0x10, 0x20, 0x40, 0x80, 0x00, 0x01, 0x02, 0x04, 0x08, 0x10,
  0x20, 0x40, 0x80, 0x00, 0x01, 0x02, 0x04, 0x08, 0x10, 0x20, 0x40, 0x80,
  0x00, 0x01, 0x02, 0x04, 0x08, 0x10, 0x20, 0xd0, 0x22, 0x60, 0xa0, 0x6f,
  0x69, 0xda, 0x9d, 0x04, 0x08, 0x10, 0x20, 0x40, 0x80, 0x00, 0x01, 0x02,
  0x04, 0x08, 0x10, 0x20, 0x40, 0x80, 0x00, 0x01, 0x02, 0x04, 0x08, 0x10,
  0x20, 0x40, 0x80, 0x00, 0x01, 0x02, 0x04, 0x08, 0x10, 0x20, 0x10, 0x15,
  0x30, 0xd0, 0x47, 0xf9, 0x85, 0x13, 0x20, 0x40, 0x80, 0x00, 0x01, 0x02,
  0x04, 0x08, 0x10, 0x20, 0x40, 0x80, 0x00, 0x01, 0x02, 0x04, 0x08, 0x10,
  0x20, 0x40, 0x80, 0x00, 0x01, 0x02, 0x04, 0x08, 0x10, 0x20, 0x40, 0x80,
  0x40, 0x8b, 0x80, 0x81, 0xbe, 0xa5, 0x69, 0x77, 0x12, 0x20, 0x40, 0x80,
  0x00, 0x01, 0x02, 0x04, 0x08, 0x10, 0x20, 0x40, 0x80, 0x00, 0x01, 0x02,
  0x04, 0x08, 0x10, 0x20, 0x40, 0x80, 0x00, 0x01, 0x02, 0x04, 0x08, 0x10,
  0x20, 0x40, 0x80, 0x40, 0x54, 0xc0, 0x40, 0x1f, 0xe5, 0x17, 0x4e, 0x80,
  0x00, 0x01, 0x02, 0x04, 0x08, 0x10, 0x20, 0x40, 0x80, 0x00, 0x01, 0x02,
  0x04, 0x08, 0x10, 0x20, 0x40, 0x80, 0x00, 0x01, 0x02, 0x04, 0x08, 0x10,
  0x20, 0x40, 0x80, 0x00, 0x01, 0x02, 0x2d, 0x02, 0x06, 0xfa, 0x96, 0xa6,
  0xdd, 0x49, 0x80, 0x00, 0x01, 0x02, 0x04, 0x08, 0x10, 0x20, 0x40, 0x80,
  0x00, 0x01, 0x02, 0x04, 0x08, 0x10, 0x20, 0x40, 0x80, 0x00, 0x01, 0x02,
  0x04, 0x08, 0x10, 0x20, 0x40, 0x80, 0x00, 0x01, 0x02, 0x51, 0x01, 0x03,
  0x7d, 0x94, 0x5f, 0x38, 0x01, 0x02, 0x04, 0x08, 0x10, 0x20, 0x40, 0x80,
  0x00, 0x01, 0x02, 0x04, 0x08, 0x10, 0x20, 0x40, 0x80, 0x00, 0x01, 0x02,
  0x04, 0x08, 0x10, 0x20, 0x40, 0x80, 0x00, 0x01, 0x02, 0x04, 0x08, 0xb4,
  0x08, 0x18, 0xe8, 0x5b, 0x9a, 0x76, 0x27, 0x01, 0x02, 0x04, 0x08, 0x10,
  0x20, 0x40, 0x80, 0x00, 0x01, 0x02, 0x04, 0x08, 0x10, 0x20, 0x40, 0x80,
  0x00, 0x01, 0x02, 0x04, 0x08, 0x10, 0x20, 0x40, 0x80, 0x00, 0x01, 0x02,
  0x04, 0x08, 0x44, 0x05, 0x0c, 0xf4, 0x51, 0x7e, 0xe1, 0x04, 0x08, 0x10,
  0x20, 0x40, 0x80, 0x00, 0x01, 0x02, 0x04, 0x08, 0x10, 0x20, 0x40, 0x80,
  0x00, 0x01, 0x02, 0x04, 0x08, 0x10, 0x20, 0x40, 0x80, 0x00, 0x01, 0x02,
  0x04, 0x08, 0x10, 0x20, 0xd0, 0x22, 0x60, 0xa0, 0x6f, 0x69, 0xda, 0x9d,
  0x04, 0x08, 0x10, 0x20, 0x40, 0x80, 0x00, 0x01, 0x02, 0x04, 0x08, 0x10,
  0x20, 0x40, 0x80, 0x00, 0x01, 0x02, 0x04, 0x08, 0x10, 0x20, 0x40, 0x80,
  0x00, 0x01, 0x02, 0x04, 0x08, 0x10, 0x20, 0x10, 0x15, 0x30, 0xd0, 0x47,
  0xf9, 0x85, 0x13, 0x20, 0x40, 0x80, 0x00, 0x01, 0x02, 0x04, 0x08, 0x10,
  0x20, 0x40, 0x80, 0x00, 0x01, 0x02, 0x04, 0x08, 0x10, 0x20, 0x40, 0x80,
  0x00, 0x01, 0x02, 0x04, 0x08, 0x10, 0x20, 0x40, 0x80, 0x40, 0x8b, 0x80,
  0x81, 0xbe, 0xa5, 0x69, 0x77, 0x12, 0x20, 0x40, 0x80, 0x00, 0x01, 0x02,
  0x04, 0x08, 0x10, 0x20, 0x40, 0x80, 0x00, 0x01, 0x02, 0x04, 0x08, 0x10,
  0x20, 0x40, 0x80, 0x00, 0x01, 0x02, 0x04, 0x08, 0x10, 0x20, 0x40, 0x80,
  0x40, 0x54, 0xc0, 0x40, 0x1f, 0xe5, 0x17, 0x4e, 0x80, 0x00, 0x01, 0x02,
  0x04, 0x08, 0x10, 0x20, 0x40, 0x80, 0x00, 0x01, 0x02, 0x04, 0x08, 0x10,
  0x20, 0x40, 0x80, 0x00, 0x01, 0x02, 0x04, 0x08, 0x10, 0x20, 0x40, 0x80,
  0x00, 0x01, 0x02, 0x2d, 0x02, 0x06, 0xfa, 0x96, 0xa6, 0xdd, 0x49, 0x80,
  0x00, 0x01, 0x02, 0x04, 0x08, 0x10, 0x20, 0x40, 0x80, 0x00, 0x01, 0x02,
  0x04, 0x08, 0x10, 0x20, 0x40, 0x80, 0x00, 0x01, 0x02, 0x04, 0x08, 0x10,
  0x20, 0x40, 0x80, 0x00, 0x01, 0x02, 0x51, 0x81, 0xa3, 0x68, 0xba, 0x70,
  0x02, 0x04, 0x08, 0x10, 0x20, 0x40, 0x80, 0x00, 0x01, 0x02, 0x04, 0x08,
  0x10, 0x20, 0x40, 0x80, 0x00, 0x01, 0x02, 0x04, 0x08, 0x10, 0x20, 0x40,
  0x80, 0x00, 0x01, 0x02, 0x04, 0x08, 0x10, 0xa8, 0x12, 0xb8, 0xfb, 0xf0,
  0x93, 0xaa, 0x7b, 0xff, 0xf9, 0xd8, 0x5b, 0x77, 0x1e, 0x3c, 0x7d, 0x53,
  0x7b, 0xbd, 0xc3, 0x09, 0x10, 0x20, 0x40, 0x80, 0x00, 0x81, 0x83, 0x0a,
  0x5c, 0x5d, 0x9e, 0x1f, 0xf4, 0xe7, 0xfb, 0xe1, 0x04, 0x08, 0x6c, 0x4b,
  0xe0, 0xc3, 0x27, 0x1f, 0xc7, 0x1e, 0xf4, 0xe2, 0xc5, 0x8b, 0x58, 0xf6,
  0xdb, 0xe0, 0x93, 0x93, 0x93, 0x68, 0x7e, 0x32, 0xfc, 0xdb, 0xaf, 0xbe,
  0x4e, 0xc6, 0xcb, 0x0e, 0x0a, 0x5c, 0x5c, 0xdf, 0x04, 0xd3, 0xb3, 0xd1,
  0x67, 0xa7, 0xc7, 0xd9, 0x07, 0x48, 0x27, 0x10, 0x10, 0xb8, 0x7f, 0xef,
  0x76, 0x20, 0x55, 0x64, 0x5a, 0xe0, 0xe5, 0xab, 0xd7, 0xe9, 0x27, 0xc8,
  0x27, 0x50, 0x27, 0xf0, 0xe8, 0xf1, 0xb3, 0xba, 0x9b, 0x1d, 0x4c, 0x80,
  0x00, 0x81, 0x36, 0x01, 0xff, 0x17, 0xf7, 0x6d, 0x8d, 0xbb, 0x97, 0x00,
  0x01, 0x02, 0x04, 0x08, 0x10, 0x20, 0x40, 0x80, 0x00, 0x01, 0x02, 0x04,
  0x08, 0x10, 0x20, 0x40, 0x80, 0x00, 0x01, 0x02, 0x04, 0x08, 0x10, 0x20,
  0x40, 0x80, 0x00, 0x01, 0x02, 0x04, 0x22, 0x02, 0x06, 0xfa, 0x08, 0xbb,
  0x50, 0x02, 0x04, 0x08, 0x10, 0x20, 0x40, 0x80, 0x00, 0x01, 0x02, 0x04,
  0x08, 0x10, 0x20, 0x40, 0x80, 0x00, 0x01, 0x02, 0x04, 0x08, 0x10, 0x20,
  0x40, 0x80, 0x00, 0x01, 0x02, 0x04, 0x08, 0x10, 0x68, 0x13, 0x30, 0xd0,
  0xb7, 0x35, 0xee, 0x5e, 0x02, 0x04, 0x08, 0x10, 0x20, 0x40, 0x80, 0x00,
  0x01, 0x02, 0x04, 0x08, 0x10, 0x20, 0x40, 0x80, 0x00, 0x01, 0x02, 0x04,
  0x08, 0x10, 0x20, 0x40, 0x80, 0x00, 0x01, 0x02, 0x04, 0x08, 0x10, 0x88,
  0x08, 0x18, 0xe8, 0x23, 0xec, 0x42, 0x09, 0x10, 0x20, 0x40, 0x80, 0x00,
  0x01, 0x02, 0x04, 0x08, 0x10, 0x20, 0x40, 0x80, 0x00, 0x01, 0x02, 0x04,
  0x08, 0x10, 0x20, 0x40, 0x80, 0x00, 0x01, 0x02, 0x04, 0x08, 0x10, 0x20,
  0x40, 0xa0, 0x4d, 0xc0, 0x40, 0xdf, 0xd6, 0xb8, 0x7b, 0x09, 0x10, 0x20,
  0x40, 0x80, 0x00, 0x01, 0x02, 0x04, 0x08, 0x10, 0x20, 0x40, 0x80, 0x00,
  0x01, 0x02, 0x04, 0x08, 0x10, 0x20, 0x40, 0x80, 0x00, 0x01, 0x02, 0x04,
  0x08, 0x10, 0x20, 0x40, 0x20, 0x22, 0x60, 0xa0, 0x8f, 0xb0, 0x0b, 0x25,
  0x40, 0x80, 0x00, 0x01, 0x02, 0x04, 0x08, 0x10, 0x20, 0x40, 0x80, 0x00,
  0x01, 0x02, 0x04, 0x08, 0x10, 0x20, 0x40, 0x80, 0x00, 0x01, 0x02, 0x04,
  0x08, 0x10, 0x20, 0x40, 0x80, 0x00, 0x81, 0x36, 0x01, 0x03, 0x7d, 0x5b,
  0xe3, 0xee, 0x25, 0x40, 0x80, 0x00, 0x01, 0x02, 0x04, 0x08, 0x10, 0x20,
  0x40, 0x80, 0x00, 0x01, 0x02, 0x04, 0x08, 0x10, 0x20, 0x40, 0x80, 0x00,
  0x01, 0x02, 0x04, 0x08, 0x10, 0x20, 0x40, 0x80, 0x00, 0x81, 0x88, 0x80,
  0x81, 0x3e, 0xc2, 0x2e, 0x94, 0x00, 0x01, 0x02, 0x04, 0x08, 0x10, 0x20,
  0x40, 0x80, 0x00, 0x01, 0x02, 0x04, 0x08, 0x10, 0x20, 0x40, 0x80, 0x00,
  0x01, 0x02, 0x04, 0x08, 0x10, 0x20, 0x40, 0x80, 0x00, 0x01, 0x02, 0x04,
  0xda, 0x04, 0x0c, 0xf4, 0x6d, 0x8d, 0xbb, 0x97, 0x00, 0x01, 0x02, 0x04,
  0x08, 0x10, 0x20, 0x40, 0x80, 0x00, 0x01, 0x02, 0x04, 0x08, 0x10, 0x20,
  0x40, 0x80, 0x00, 0x01, 0x02, 0x04, 0x08, 0x10, 0x20, 0x40, 0x80, 0x00,
  0x01, 0x02, 0x04, 0x22, 0x02, 0x06, 0xfa, 0x08, 0xbb, 0x50, 0x02, 0x04,
  0x08, 0x10, 0x20, 0x40, 0x80, 0x00, 0x01, 0x02, 0x04, 0x08, 0x10, 0x20,
  0x40, 0x80, 0x00, 0x01, 0x02, 0x04, 0x08, 0x10, 0x20, 0x40, 0x80, 0x00,
  0x01, 0x02, 0x04, 0x08, 0x10, 0x68, 0x13, 0x30, 0xd0, 0xb7, 0x35, 0xee,
  0x5e, 0x02, 0x04, 0x08, 0x10, 0x20, 0x40, 0x80, 0x00, 0x01, 0x02, 0x04,
  0x08, 0x10, 0x20, 0x40, 0x80, 0x00, 0x01, 0x02, 0x04, 0x08, 0x10, 0x20,
  0x40, 0x80, 0x00, 0x01, 0x02, 0x04, 0x08, 0x10, 0x88, 0x08, 0x18, 0xe8,
  0x23, 0xec, 0x42, 0x09, 0x10, 0x20, 0x40, 0x80, 0x00, 0x01, 0x02, 0x04,
  0x08, 0x10, 0x20, 0x40, 0x80, 0x00, 0x01, 0x02, 0x04, 0x08, 0x10, 0x20,
  0x40, 0x80, 0x00, 0x01, 0x02, 0x04, 0x08, 0x10, 0x20, 0x40, 0xa0, 0x4d,
  0xc0, 0x40, 0xdf, 0xd6, 0xb8, 0x7b, 0x09, 0x10, 0x20, 0x40, 0x80, 0x00,
  0x01, 0x02, 0x04, 0x08, 0x10, 0x20, 0x40, 0x80, 0x00, 0x01, 0x02, 0x04,
  0x08, 0x10, 0x20, 0x40, 0x80, 0x00, 0x01, 0x02, 0x04, 0x08, 0x10, 0x20,
  0x40, 0x20, 0x22, 0x60, 0xa0, 0x8f, 0xb0, 0x0b, 0x25, 0x40, 0x80, 0x00,
  0x01, 0x02, 0x04, 0x08, 0x10, 0x20, 0x40, 0x80, 0x00, 0x01, 0x02, 0x04,
  0x08, 0x10, 0x20, 0x40, 0x80, 0x00, 0x01, 0x02, 0x04, 0x08, 0x10, 0x20,
  0x40, 0x80, 0x00, 0x81, 0x36, 0x01, 0x03, 0x7d, 0x5b, 0xe3, 0xee, 0x25,
  0x40, 0x80, 0x00, 0x01, 0x02, 0x04, 0x08, 0x10, 0x20, 0x40, 0x80, 0x00,
  0x01, 0x02, 0x04, 0x08, 0x10, 0x20, 0x40, 0x80, 0x00, 0x01, 0x02, 0x04,
  0x08, 0x10, 0x20, 0x40, 0x80, 0x00, 0x81, 0x88, 0x80, 0x81, 0x3e, 0xc2,
  0x2e, 0x94, 0x00, 0x01, 0x02, 0x04, 0x08, 0x10, 0x20, 0x40, 0x80, 0x00,
  0x01, 0x02, 0x04, 0x08, 0x10, 0x20, 0x40, 0x80, 0x00, 0x01, 0x02, 0x04,
  0x08, 0x10, 0x20, 0x40, 0x80, 0x00, 0x01, 0x02, 0x04, 0xda, 0x04, 0x0c,
  0xf4, 0x6d, 0x8d, 0xbb, 0x97, 0x00, 0x01, 0x02, 0x04, 0x08, 0x10, 0x20,
  0x40, 0x80, 0x00, 0x01, 0x02, 0x04, 0x08, 0x10, 0x20, 0x40, 0x80, 0x00,
  0x01, 0x02, 0x04, 0x08, 0x10, 0x20, 0x40, 0x80, 0x00, 0x01, 0x02, 0x04,
  0x22, 0x02, 0x06, 0xfa, 0x08, 0xbb, 0x50, 0x02, 0x04, 0x08, 0x10, 0x20,
  0x40, 0x80, 0x00, 0x01, 0x02, 0x04, 0x08, 0x10, 0x20, 0x40, 0x80, 0x00,
  0x01, 0x02, 0x04, 0x08, 0x10, 0x20, 0x40, 0x80, 0x00, 0x01, 0x02, 0x04,
  0x08, 0x10, 0x68, 0x13, 0x30, 0xd0, 0xb7, 0x35, 0xee, 0x5e, 0x02, 0x04,
  0x08, 0x10, 0x20, 0x40, 0x80, 0x00, 0x01, 0x02, 0x04, 0x08, 0x10, 0x20,
  0x40, 0x80, 0x00, 0x01, 0x02, 0x04, 0x08, 0x10, 0x20, 0x40, 0x80, 0x00,
  0x01, 0x02, 0x04, 0x08, 0x10, 0x88, 0x08, 0x18, 0xe8, 0x23, 0xec, 0x42,
  0x09, 0x10, 0x20, 0x40, 0x80, 0x00, 0x01, 0x02, 0x04, 0x08, 0x10, 0x20,
  0x40, 0x80, 0x00, 0x01, 0x02, 0x04, 0x08, 0x10, 0x20, 0x40, 0x80, 0x00,
  0x01, 0x02, 0x04, 0x08, 0x10, 0x20, 0x40, 0xa0, 0x4d, 0xc0, 0x40, 0xdf,
  0xd6, 0xb8, 0x7b, 0x09, 0x10, 0x20, 0x40, 0x80, 0x00, 0x01, 0x02, 0x04,
  0x08, 0x10, 0x20, 0x40, 0x80, 0x00, 0x01, 0x02, 0x04, 0x08, 0x10, 0x20,
  0x40, 0x80, 0x00, 0x01, 0x02, 0x04, 0x08, 0x10, 0x20, 0x40, 0x20, 0x22,
  0x60, 0xa0, 0x8f, 0xb0, 0x0b, 0x25, 0x40, 0x80, 0x00, 0x01, 0x02, 0x04,
  0x08, 0x10, 0x20, 0x40, 0x80, 0x00, 0x01, 0x02, 0x04, 0x08, 0x10, 0x20,
  0x40, 0x80, 0x00, 0x01, 0x02, 0x04, 0x08, 0x10, 0x20, 0x40, 0x80, 0x00,
  0x81, 0x36, 0x01, 0x03, 0x7d, 0x5b, 0xe3, 0xee, 0x25, 0x40, 0x80, 0x00,
  0x01, 0x02, 0x04, 0x08, 0x10, 0x20, 0x40, 0x80, 0x00, 0x01, 0x02, 0x04,
  0x08, 0x10, 0x20, 0x40, 0x80, 0x00, 0x01, 0x02, 0x04, 0x08, 0x10, 0x20,
  0x40, 0x80, 0x00, 0x81, 0x88, 0x80, 0x81, 0x3e, 0xc2, 0x2e, 0x94, 0x00,
  0x01, 0x02, 0x04, 0x08, 0x10, 0x20, 0x40, 0x80, 0x00, 0x01, 0x02, 0x04,
  0x08, 0x10, 0x20, 0x40, 0x80, 0x00, 0x01, 0x02, 0x04, 0x08, 0x10, 0x20,
  0x40, 0x80, 0x00, 0x01, 0x02, 0x04, 0xda, 0x04, 0x0c, 0xf4, 0x6d, 0x8d,
  0xbb, 0x97, 0x00, 0x01, 0x02, 0x04, 0x08, 0x10, 0x20, 0x40, 0x80, 0x00,
  0x01, 0x02, 0x04, 0x08, 0x10, 0x20, 0x40, 0x80, 0x00, 0x01, 0x02, 0x04,
  0x08, 0x10, 0x20, 0x40, 0x80, 0x00, 0x01, 0x02, 0x04, 0x22, 0x02, 0x06,
  0xfa, 0x08, 0xbb, 0x50, 0x02, 0x04, 0x08, 0x10, 0x20, 0x40, 0x80, 0x00,
  0x01, 0x02, 0x04, 0x08, 0x10, 0x20, 0x40, 0x80, 0x00, 0x01, 0x02, 0x04,
  0x08, 0x10, 0x20, 0x40, 0x80, 0x00, 0x01, 0x02, 0x04, 0x08, 0x10, 0x68,
  0x13, 0x30, 0xd0, 0xb7, 0x35, 0xee, 0x5e, 0x02, 0x04, 0x08, 0x10, 0x20,
  0x40, 0x80, 0x00, 0x01, 0x02, 0x04, 0x08, 0x10, 0x20, 0x40, 0x80, 0x00,
  0x01, 0x02, 0x04, 0x08, 0x10, 0x20, 0x40, 0x80, 0x00, 0x01, 0x02, 0x04,
  0x08, 0x10, 0x88, 0x08, 0x18, 0xe8, 0x23, 0xec, 0x42, 0x09, 0x10, 0x20,
  0x40, 0x80, 0x00, 0x01, 0x02, 0x04, 0x08, 0x10, 0x20, 0x40, 0x80, 0x00,
  0x01, 0x02, 0x04, 0x08, 0x10, 0x20, 0x40, 0x80, 0x00, 0x01, 0x02, 0x04,
  0x08, 0x10, 0x20, 0x40, 0xa0, 0x4d, 0xc0, 0x40, 0xdf, 0xd6, 0xb8, 0x7b,
  0x09, 0x10, 0x20, 0x40, 0x80, 0x00, 0x01, 0x02, 0x04, 0x08, 0x10, 0x20,
  0x40, 0x80, 0x00, 0x01, 0x02, 0x04, 0x08, 0x10, 0x20, 0x40, 0x80, 0x00,
  0x01, 0x02, 0x04, 0x08, 0x10, 0x20, 0x40, 0x20, 0x22, 0x60, 0xa0, 0x8f,
  0xb0, 0x0b, 0x25, 0x40, 0x80, 0x00, 0x01, 0x02, 0x04, 0x08, 0x10, 0x20,
  0x40, 0x80, 0x00, 0x01, 0x02, 0x04, 0x08, 0x10, 0x20, 0x40, 0x80, 0x00,
  0x01, 0x02, 0x04, 0x08, 0x10, 0x20, 0x40, 0x80, 0x00, 0x81, 0x36, 0x81,
  0xa3, 0xb6, 0x83, 0xdd, 0x4b, 0x80, 0x00, 0x01, 0x02, 0x04, 0x9a, 0x04,
  0xae, 0x2e, 0xcf, 0x9b, 0xce, 0x75, 0x2b, 0x81, 0x7a, 0x81, 0x0f, 0x9f,
  0x7c, 0x5c, 0x6b, 0x70, 0x72, 0x72, 0x52, 0x7b, 0xbb, 0xc3, 0x09, 0xa4,
  0x04, 0xce, 0x4e, 0x8f, 0x53, 0xd1, 0xef, 0x5d, 0x5c, 0xdf, 0xc4, 0xb2,
  0x05, 0x77, 0x0b, 0xdc, 0xbf, 0x77, 0xbb, 0x1b, 0xc0, 0xf5, 0x04, 0x08,
  0x10, 0x20, 0x70, 0x70, 0x81, 0xe4, 0xff, 0x96, 0xf3, 0xe8, 0xf1, 0xb3,
  0x83, 0xdf, 0x27, 0x80, 0x00, 0x01, 0x02, 0x04, 0xde, 0x7b, 0xcf, 0x6f,
  0xd0, 0xfb, 0x0a, 0x08, 0x10, 0x20, 0x40, 0x80, 0x00, 0x01, 0x02, 0x04,
  0x08, 0x10, 0x20, 0x40, 0x80, 0x00, 0x01, 0x02, 0x04, 0x08, 0x10, 0x20,
  0x40, 0x80, 0x00, 0x01, 0x02, 0x04, 0x08, 0x10, 0x20, 0x40, 0x80, 0xc0,
  0x80, 0x80, 0x81, 0x7e, 0x00, 0x59, 0x04, 0x01, 0x02, 0x04, 0x08, 0x10,
  0x20, 0x40, 0x80, 0x00, 0x01, 0x02, 0x04, 0x08, 0x10, 0x20, 0x40, 0x80,
  0x00, 0x01, 0x02, 0x04, 0x08, 0x10, 0x20, 0x40, 0x80, 0x00, 0x01, 0x02,
  0x04, 0x08, 0x10, 0x30, 0xd0, 0xfb, 0x06, 0x08, 0x10, 0x20, 0x40, 0x80,
  0x00, 0x01, 0x02, 0x04, 0x08, 0x10, 0x20, 0x40, 0x80, 0x00, 0x01, 0x02,
  0x04, 0x08, 0x10, 0x20, 0x40, 0x80, 0x00, 0x01, 0x02, 0x04, 0x08, 0x10,
  0x20, 0x40, 0x80, 0xc0, 0x80, 0x80, 0x81, 0x7e, 0x00, 0x59, 0x04, 0x01,
  0x02, 0x04, 0x08, 0x10, 0x20, 0x40, 0x80, 0x00, 0x01, 0x02, 0x04, 0x08,
  0x10, 0x20, 0x40, 0x80, 0x00, 0x01, 0x02, 0x04, 0x08, 0x10, 0x20, 0x40,
  0x80, 0x00, 0x01, 0x02, 0x04, 0x08, 0x10, 0x30, 0xd0, 0xfb, 0x06, 0x08,
  0x10, 0x20, 0x40, 0x80, 0x00, 0x01, 0x02, 0x04, 0x08, 0x10, 0x20, 0x40,
  0x80, 0x00, 0x01, 0x02, 0x04, 0x08, 0x10, 0x20, 0x40, 0x80, 0x00, 0x01,
  0x02, 0x04, 0x08, 0x10, 0x20, 0x40, 0x80, 0xc0, 0x80, 0x80, 0x81, 0x7e,
  0x00, 0x59, 0x04, 0x01, 0x02, 0x04, 0x08, 0x10, 0x20, 0x40, 0x80, 0x00,
  0x01, 0x02, 0x04, 0x08, 0x10, 0x20, 0x40, 0x80, 0x00, 0x01, 0x02, 0x04,
  0x08, 0x10, 0x20, 0x40, 0x80, 0x00, 0x01, 0x02, 0x04, 0x08, 0x10, 0x30,
  0xd0, 0xfb, 0x06, 0x08, 0x10, 0x20, 0x40, 0x80, 0x00, 0x01, 0x02, 0x04,
  0x08, 0x10, 0x20, 0x40, 0x80, 0x00, 0x01, 0x02, 0x04, 0x08, 0x10, 0x20,
  0x40, 0x80, 0x00, 0x01, 0x02, 0x04, 0x08, 0x10, 0x20, 0x40, 0x80, 0xc0,
  0x80, 0x80, 0x81, 0x7e, 0x00, 0x59, 0x04, 0x01, 0x02, 0x04, 0x08, 0x10,
  0x20, 0x40, 0x80, 0x00, 0x01, 0x02, 0x04, 0x08, 0x10, 0x20, 0x40, 0x80,
  0x00, 0x01, 0x02, 0x04, 0x08, 0x10, 0x20, 0x40, 0x80, 0x00, 0x01, 0x02,
  0x04, 0x08, 0x10, 0x30, 0xd0, 0xfb, 0x06, 0x08, 0x10, 0x20, 0x40, 0x80,
  0x00, 0x01, 0x02, 0x04, 0x08, 0x10, 0x20, 0x40, 0x80, 0x00, 0x01, 0x02,
  0x04, 0x08, 0x10, 0x20, 0x40, 0x80, 0x00, 0x01, 0x02, 0x04, 0x08, 0x10,
  0x20, 0x40, 0x80, 0xc0, 0x80, 0x80, 0x81, 0x7e, 0x00, 0x59, 0x04, 0x01,
  0x02, 0x04, 0x08, 0x10, 0x20, 0x40, 0x80, 0x00, 0x01, 0x02, 0x04, 0x08,
  0x10, 0x20, 0x40, 0x80, 0x00, 0x01, 0x02, 0x04, 0x08, 0x10, 0x20, 0x40,
  0x80, 0x00, 0x01, 0x02, 0x04, 0x08, 0x10, 0x30, 0xd0, 0xfb, 0x06, 0x08,
  0x10, 0x20, 0x40, 0x80, 0x00, 0x01, 0x02, 0x04, 0x08, 0x10, 0x20, 0x40,
  0x80, 0x00, 0x01, 0x02, 0x04, 0x08, 0x10, 0x20, 0x40, 0x80, 0x00, 0x01,
  0x02, 0x04, 0x08, 0x10, 0x20, 0x40, 0x80, 0xc0, 0x80, 0x80, 0x81, 0x7e,
  0x00, 0x59, 0x04, 0x01, 0x02, 0x04, 0x08, 0x10, 0x20, 0x40, 0x80, 0x00,
  0x01, 0x02, 0x04, 0x08, 0x10, 0x20, 0x40, 0x80, 0x00, 0x01, 0x02, 0x04,
  0x08, 0x10, 0x20, 0x40, 0x80, 0x00, 0x01, 0x02, 0x04, 0x08, 0x10, 0x30,
  0xd0, 0xfb, 0x06, 0x08, 0x10, 0x20, 0x40, 0x80, 0x00, 0x01, 0x02, 0x04,
  0x08, 0x10, 0x20, 0x40, 0x80, 0x00, 0x01, 0x02, 0x04, 0x08, 0x10, 0x20,
  0x40, 0x80, 0x00, 0x01, 0x02, 0x04, 0x08, 0x10, 0x20, 0x40, 0x80, 0xc0,
  0x80, 0x80, 0x81, 0x7e, 0x00, 0x59, 0x04, 0x01, 0x02, 0x04, 0x08, 0x10,
  0x20, 0x40, 0x80, 0x00, 0x01, 0x02, 0x04, 0x08, 0x10, 0x20, 0x40, 0x80,
  0x00, 0x01, 0x02, 0x04, 0x08, 0x10, 0x20, 0x40, 0x80, 0x00, 0x01, 0x02,
  0x04, 0x08, 0x10, 0x30, 0xd0, 0xfb, 0x06, 0x08, 0x10, 0x20, 0x40, 0x80,
  0x00, 0x01, 0x02, 0x04, 0x08, 0x10, 0x20, 0x40, 0x80, 0x00, 0x01, 0x02,
  0x04, 0x08, 0x10, 0x20, 0x40, 0x80, 0x00, 0x01, 0x02, 0x04, 0x08, 0x10,
  0x20, 0x40, 0x80, 0xc0, 0x80, 0x80, 0x81, 0x7e, 0x00, 0x59, 0x04, 0x01,
  0x02, 0x04, 0x08, 0x10, 0x20, 0x40, 0x80, 0x00, 0x01, 0x02, 0x04, 0x08,
  0x10, 0x20, 0x40, 0x80, 0x00, 0x01, 0x02, 0x04, 0x08, 0x10, 0x20, 0x40,
  0x80, 0x00, 0x01, 0x02, 0x04, 0x08, 0x10, 0x30, 0xd0, 0xfb, 0x06, 0x08,
  0x10, 0x20, 0x40, 0x80, 0x00, 0x01, 0x02, 0x04, 0x08, 0x10, 0x20, 0x40,
  0x80, 0x00, 0x01, 0x02, 0x04, 0x08, 0x10, 0x20, 0x40, 0x80, 0x00, 0x01,
  0x02, 0x04, 0x08, 0x10, 0x20, 0x40, 0x80, 0xc0, 0x80, 0x80, 0x81, 0x7e,
  0x00, 0x59, 0x04, 0x01, 0x02, 0x04, 0x08, 0x10, 0x20, 0x40, 0x80, 0x00,
  0x01, 0x02, 0x04, 0x08, 0x10, 0x20, 0x40, 0x80, 0x00, 0x01, 0x02, 0x04,
  0x08, 0x10, 0x20, 0x40, 0x80, 0x00, 0x01, 0x02, 0x04, 0x08, 0x10, 0x30,
  0xd0, 0xfb, 0x06, 0x08, 0x10, 0x20, 0x40, 0x80, 0x00, 0x01, 0x02, 0x04,
  0x08, 0x10, 0x20, 0x40, 0x80, 0x00, 0x01, 0x02, 0x04, 0x08, 0x10, 0x20,
  0x40, 0x80, 0x00, 0x01, 0x02, 0x04, 0x08, 0x10, 0x20, 0x40, 0x80, 0xc0,
  0x80, 0x80, 0x81, 0x7e, 0x00, 0x59, 0x04, 0x01, 0x02, 0x04, 0x08, 0x10,
  0x20, 0x40, 0x80, 0x00, 0x01, 0x02, 0x04, 0x08, 0x10, 0x20, 0x40, 0x80,
  0x00, 0x01, 0x02, 0x04, 0x08, 0x10, 0x20, 0x40, 0x80, 0x00, 0x01, 0x02,
  0x04, 0x08, 0x10, 0x30, 0xd0, 0xfb, 0x06, 0x08, 0x10, 0x20, 0x40, 0x80,
  0x00, 0x01, 0x02, 0x04, 0x08, 0x10, 0x20, 0x40, 0x80, 0x00, 0x01, 0x02,
  0x04, 0x08, 0x10, 0x20, 0x40, 0x80, 0x00, 0x01, 0x02, 0x04, 0x08, 0x10,
  0x20, 0x40, 0x80, 0xc0, 0x80, 0x80, 0x81, 0x7e, 0x00, 0x59, 0x04, 0x01,
  0x02, 0x04, 0x08, 0x10, 0x20, 0x40, 0x80, 0x00, 0x01, 0x02, 0x04, 0x08,
  0x10, 0x20, 0x40, 0x80, 0x00, 0x01, 0x02, 0x04, 0x08, 0x10, 0x20, 0x40,
  0x80, 0x00, 0x01, 0x02, 0x04, 0x08, 0x10, 0x30, 0xd0, 0xfb, 0x06, 0x08,
  0x10, 0x20, 0x40, 0x80, 0x00, 0x01, 0x02, 0x04, 0x08, 0x10, 0x20, 0x40,
  0x80, 0x00, 0x01, 0x02, 0x04, 0x08, 0x10, 0x20, 0x40, 0x80, 0x00, 0x01,
  0x02, 0x04, 0x08, 0x10, 0x20, 0x40, 0x80, 0xc0, 0x80, 0x80, 0x81, 0x7e,
  0x00, 0x59, 0x04, 0x01, 0x02, 0x04, 0x08, 0x10, 0x20, 0x40, 0x80, 0x00,
  0x01, 0x02, 0x04, 0x08, 0x10, 0x20, 0x40, 0x80, 0x00, 0x01, 0x02, 0x04,
  0x08, 0x10, 0x20, 0x40, 0x80, 0x00, 0x01, 0x02, 0x04, 0x08, 0x10, 0x30,
  0xd0, 0xfb, 0x06, 0x08, 0x10, 0x20, 0x40, 0x80, 0x00, 0x01, 0x02, 0x04,
  0x08, 0x10, 0x20, 0x40, 0x80, 0x00, 0x01, 0x02, 0x04, 0x08, 0x10, 0x20,
  0x40, 0x80, 0x00, 0x01, 0x02, 0x04, 0x08, 0x10, 0x20, 0x40, 0x80, 0xc0,
  0x80, 0x80, 0x81, 0x7e, 0x00, 0x59, 0x04, 0x01, 0x02, 0x04, 0x08, 0x10,
  0x20, 0x40, 0x80, 0x00, 0x01, 0x02, 0x04, 0x08, 0x10, 0x20, 0x40, 0x80,
  0x00, 0x01, 0x02, 0x04, 0x08, 0x10, 0x20, 0x40, 0x80, 0x00, 0x01, 0x02,
  0x04, 0x08, 0x10, 0x30, 0xd0, 0xfb, 0x06, 0x08, 0x10, 0x20, 0x40, 0x80,
  0x00, 0x01, 0x02, 0x04, 0x08, 0x10, 0x20, 0x40, 0x80, 0x00, 0x01, 0x02,
  0x04, 0x08, 0x10, 0x20, 0x40, 0x80, 0x00, 0x01, 0x02, 0x04, 0x08, 0x10,
  0x20, 0x40, 0x80, 0xc0, 0x80, 0x80, 0x81, 0x7e, 0x00, 0x59, 0x04, 0x01,
  0x02, 0x04, 0x08, 0x10, 0x20, 0x40, 0x80, 0x00, 0x01, 0x02, 0x04, 0x08,
  0x10, 0x20, 0x40, 0x80, 0x00, 0x01, 0x02, 0x04, 0x08, 0x10, 0x20, 0x40,
  0x80, 0x00, 0x01, 0x02, 0x04, 0x08, 0x10, 0x30, 0xd0, 0xfb, 0x06, 0x08,
  0x10, 0x20, 0x40, 0x80, 0x00, 0x01, 0x02, 0x04, 0x08, 0x10, 0x20, 0x40,
  0x80, 0x00, 0x01, 0x02, 0x04, 0x08, 0x10, 0x20, 0x40, 0x80, 0x00, 0x01,
  0x02, 0x04, 0x08, 0x10, 0x20, 0x40, 0x80, 0xc0, 0x80, 0x80, 0x81, 0x7e,
  0x00, 0x59, 0x04, 0x01, 0x02, 0x04, 0x08, 0x10, 0x20, 0x40, 0x80, 0x00,
  0x01, 0x02, 0x04, 0x08, 0x10, 0x20, 0x40, 0x80, 0x00, 0x01, 0x02, 0x04,
  0x08, 0x10, 0x20, 0x40, 0x80, 0x00, 0x01, 0x02, 0x04, 0x08, 0x10, 0x30,
  0xd0, 0xfb, 0x06, 0x08, 0x10, 0x20, 0x40, 0x80, 0x00, 0x01, 0x02, 0x04,
  0x08, 0x10, 0x20, 0x40, 0x80, 0x00, 0x01, 0x02, 0x04, 0x08, 0x10, 0x20,
  0x40, 0x80, 0x00, 0x01, 0x02, 0x04, 0x08, 0x10, 0x20, 0x40, 0x80, 0xc0,
  0x80, 0xc0, 0xad, 0x3b, 0x0f, 0x9e, 0xbe, 0x19, 0xc8, 0x11, 0x41, 0x80,
  0x00, 0x01, 0x02, 0x04, 0x6a, 0x05, 0xae, 0x2e, 0xcf, 0x6b, 0x6f, 0x77,
  0x38, 0x81, 0x46, 0x81, 0x0f, 0x9f, 0x7c, 0xdc, 0x78, 0xb6, 0x9b, 0x8b,
  0x05, 0xbe, 0xfd, 0xea, 0xeb, 0xe2, 0xeb, 0x9d, 0x4e, 0x80, 0xc0, 0xb4,
  0xc0, 0xfd, 0x7b, 0xb7, 0xa7, 0x23, 0xe5, 0x6d, 0x40, 0xe0, 0xe5, 0xab,
  0xd7, 0x1b, 0x78, 0x85, 0x27, 0x10, 0x20, 0x40, 0x60, 0x46, 0xe0, 0xe2,
  0xfa, 0x66, 0x26, 0x68, 0x83, 0x29, 0xcf, 0x3f, 0xfb, 0x62, 0x83, 0xaf,
  0xf2, 0x24, 0x02, 0x04, 0x08, 0xbc, 0x7b, 0x01, 0xbf, 0x41, 0xff, 0xee,
  0x4d, 0xfd, 0x44, 0x02, 0x04, 0x08, 0x10, 0x20, 0x40, 0x80, 0x00, 0x01,
  0x02, 0x04, 0x08, 0x10, 0x20, 0x40, 0x80, 0x00, 0x01, 0x02, 0x04, 0x08,
  0x10, 0x20, 0x40, 0x80, 0x00, 0x01, 0x02, 0x04, 0x08, 0x10, 0x20, 0xf0,
  0x2f, 0x02, 0x06, 0x7a, 0x1f, 0x05, 0x01, 0x02, 0x04, 0x08, 0x10, 0x20,
  0x40, 0x80, 0x00, 0x01, 0x02, 0x04, 0x08, 0x10, 0x20, 0x40, 0x80, 0x00,
  0x01, 0x02, 0x04, 0x08, 0x10, 0x20, 0x40, 0x80, 0x00, 0x01, 0x02, 0x04,
  0x08, 0x10, 0x18, 0x10, 0x30, 0xd0, 0x0f, 0x20, 0x8b, 0x20, 0x40, 0x80,
  0x00, 0x01, 0x02, 0x04, 0x08, 0x10, 0x20, 0x40, 0x80, 0x00, 0x01, 0x02,
  0x04, 0x08, 0x10, 0x20, 0x40, 0x80, 0x00, 0x01, 0x02, 0x04, 0x08, 0x10,
  0x20, 0x40, 0x80, 0x00, 0x01, 0x02, 0x06, 0x7a, 0xdf, 0x00, 0x01, 0x02,
  0x04, 0x08, 0x10, 0x20, 0x40, 0x80, 0x00, 0x01, 0x02, 0x04, 0x08, 0x10,
  0x20, 0x40, 0x80, 0x00, 0x01, 0x02, 0x04, 0x08, 0x10, 0x20, 0x40, 0x80,
  0x00, 0x01, 0x02, 0x04, 0x08, 0x10, 0x18, 0x10, 0x30, 0xd0, 0x0f, 0x20,
  0x8b, 0x20, 0x40, 0x80, 0x00, 0x01, 0x02, 0x04, 0x08, 0x10, 0x20, 0x40,
  0x80, 0x00, 0x01, 0x02, 0x04, 0x08, 0x10, 0x20, 0x40, 0x80, 0x00, 0x01,
  0x02, 0x04, 0x08, 0x10, 0x20, 0x40, 0x80, 0x00, 0x01, 0x02, 0x06, 0x7a,
  0xdf, 0x00, 0x01, 0x02, 0x04, 0x08, 0x10, 0x20, 0x40, 0x80, 0x00, 0x01,
  0x02, 0x04, 0x08, 0x10, 0x20, 0x40, 0x80, 0x00, 0x01, 0x02, 0x04, 0x08,
  0x10, 0x20, 0x40, 0x80, 0x00, 0x01, 0x02, 0x04, 0x08, 0x10, 0x18, 0x10,
  0x30, 0xd0, 0x0f, 0x20, 0x8b, 0x20, 0x40, 0x80, 0x00, 0x01, 0x02, 0x04,
  0x08, 0x10, 0x20, 0x40, 0x80, 0x00, 0x01, 0x02, 0x04, 0x08, 0x10, 0x20,
  0x40, 0x80, 0x00, 0x01, 0x02, 0x04, 0x08, 0x10, 0x20, 0x40, 0x80, 0x00,
  0x01, 0x02, 0x06, 0x7a, 0xdf, 0x00, 0x01, 0x02, 0x04, 0x08, 0x10, 0x20,
  0x40, 0x80, 0x00, 0x01, 0x02, 0x04, 0x08, 0x10, 0x20, 0x40, 0x80, 0x00,
  0x01, 0x02, 0x04, 0x08, 0x10, 0x20, 0x40, 0x80, 0x00, 0x01, 0x02, 0x04,
  0x08, 0x10, 0x18, 0x10, 0x30, 0xd0, 0x0f, 0x20, 0x8b, 0x20, 0x40, 0x80,
  0x00, 0x01, 0x02, 0x04, 0x08, 0x10, 0x20, 0x40, 0x80, 0x00, 0x01, 0x02,
  0x04, 0x08, 0x10, 0x20, 0x40, 0x80, 0x00, 0x01, 0x02, 0x04, 0x08, 0x10,
  0x20, 0x40, 0x80, 0x00, 0x01, 0x02, 0x06, 0x7a, 0xdf, 0x00, 0x01, 0x02,
  0x04, 0x08, 0x10, 0x20, 0x40, 0x80, 0x00, 0x01, 0x02, 0x04, 0x08, 0x10,
  0x20, 0x40, 0x80, 0x00, 0x01, 0x02, 0x04, 0x08, 0x10, 0x20, 0x40, 0x80,
  0x00, 0x01, 0x02, 0x04, 0x08, 0x10, 0x18, 0x10, 0x30, 0xd0, 0x0f, 0x20,
  0x8b, 0x20, 0x40, 0x80, 0x00, 0x01, 0x02, 0x04, 0x08, 0x10, 0x20, 0x40,
  0x80, 0x00, 0x01, 0x02, 0x04, 0x08, 0x10, 0x20, 0x40, 0x80, 0x00, 0x01,
  0x02, 0x04, 0x08, 0x10, 0x20, 0x40, 0x80, 0x00, 0x01, 0x02, 0x06, 0x7a,
  0xdf, 0x00, 0x01, 0x02, 0x04, 0x08, 0x10, 0x20, 0x40, 0x80, 0x00, 0x01,
  0x02, 0x04, 0x08, 0x10, 0x20, 0x40, 0x80, 0x00, 0x01, 0x02, 0x04, 0x08,
  0x10, 0x20, 0x40, 0x80, 0x00, 0x01, 0x02, 0x04, 0x08, 0x10, 0x18, 0x10,
  0x30, 0xd0, 0x0f, 0x20, 0x8b, 0x20, 0x40, 0x80, 0x00, 0x01, 0x02, 0x04,
  0x08, 0x10, 0x20, 0x40, 0x80, 0x00, 0x01, 0x02, 0x04, 0x08, 0x10, 0x20,
  0x40, 0x80, 0x00, 0x01, 0x02, 0x04, 0x08, 0x10, 0x20, 0x40, 0x80, 0x00,
  0x01, 0x02, 0x06, 0x7a, 0xdf, 0x00, 0x01, 0x02, 0x04, 0x08, 0x10, 0x20,
  0x40, 0x80, 0x00, 0x01, 0x02, 0x04, 0x08, 0x10, 0x20, 0x40, 0x80, 0x00,
  0x01, 0x02, 0x04, 0x08, 0x10, 0x20, 0x40, 0x80, 0x00, 0x01, 0x02, 0x04,
  0x08, 0x10, 0x18, 0x10, 0x30, 0xd0, 0x0f, 0x20, 0x8b, 0x20, 0x40, 0x80,
  0x00, 0x01, 0x02, 0x04, 0x08, 0x10, 0x20, 0x40, 0x80, 0x00, 0x01, 0x02,
  0x04, 0x08, 0x10, 0x20, 0x40, 0x80, 0x00, 0x01, 0x02, 0x04, 0x08, 0x10,
  0x20, 0x40, 0x80, 0x00, 0x01, 0x02, 0x06, 0x7a, 0xdf, 0x00, 0x01, 0x02,
  0x04, 0x08, 0x10, 0x20, 0x40, 0x80, 0x00, 0x01, 0x02, 0x04, 0x08, 0x10,
  0x20, 0x40, 0x80, 0x00, 0x01, 0x02, 0x04, 0x08, 0x10, 0x20, 0x40, 0x80,
  0x00, 0x01, 0x02, 0x04, 0x08, 0x10, 0x18, 0x10, 0x30, 0xd0, 0x0f, 0x20,
  0x8b, 0x20, 0x40, 0x80, 0x00, 0x01, 0x02, 0x04, 0x08, 0x10, 0x20, 0x40,
  0x80, 0x00, 0x01, 0x02, 0x04, 0x08, 0x10, 0x20, 0x40, 0x80, 0x00, 0x01,
  0x02, 0x04, 0x08, 0x10, 0x20, 0x40, 0x80, 0x00, 0x01, 0x02, 0x06, 0x7a,
  0xdf, 0x00, 0x01, 0x02, 0x04, 0x08, 0x10, 0x20, 0x40, 0x80, 0x00, 0x01,
  0x02, 0x04, 0x08, 0x10, 0x20, 0x40, 0x80, 0x00, 0x01, 0x02, 0x04, 0x08,
  0x10, 0x20, 0x40, 0x80, 0x00, 0x01, 0x02, 0x04, 0x08, 0x10, 0x18, 0x10,
  0x30, 0xd0, 0x0f, 0x20, 0x8b, 0x20, 0x40, 0x80, 0x00, 0x01, 0x02, 0x04,
  0x08, 0x10, 0x20, 0x40, 0x80, 0x00, 0x01, 0x02, 0x04, 0x08, 0x10, 0x20,
  0x40, 0x80, 0x00, 0x01, 0x02, 0x04, 0x08, 0x10, 0x20, 0x40, 0x80, 0x00,
  0x01, 0x02, 0x06, 0x7a, 0xdf, 0x00, 0x01, 0x02, 0x04, 0x08, 0x10, 0x20,
  0x40, 0x80, 0x00, 0x01, 0x02, 0x04, 0x08, 0x10, 0x20, 0x40, 0x80, 0x00,
  0x01, 0x02, 0x04, 0x08, 0x10, 0x20, 0x40, 0x80, 0x00, 0x01, 0x02, 0x04,
  0x08, 0x10, 0x18, 0x10, 0x30, 0xd0, 0x0f, 0x20, 0x8b, 0x20, 0x40, 0x80,
  0x00, 0x01, 0x02, 0x04, 0x08, 0x10, 0x20, 0x40, 0x80, 0x00, 0x01, 0x02,
  0x04, 0x08, 0x10, 0x20, 0x40, 0x80, 0x00, 0x01, 0x02, 0x04, 0x08, 0x10,
  0x20, 0x40, 0x80, 0x00, 0x01, 0x02, 0x06, 0x7a, 0xdf, 0x00, 0x01, 0x02,
  0x04, 0x08, 0x10, 0x20, 0x40, 0x80, 0x00, 0x01, 0x02, 0x04, 0x08, 0x10,
  0x20, 0x40, 0x80, 0x00, 0x01, 0x02, 0x04, 0x08, 0x10, 0x20, 0x40, 0x80,
  0x00, 0x01, 0x02, 0x04, 0x08, 0x10, 0x18, 0x10, 0x30, 0xd0, 0x0f, 0x20,
  0x8b, 0x20, 0x40, 0x80, 0x00, 0x01, 0x02, 0x04, 0x08, 0x10, 0x20, 0x40,
  0x80, 0x00, 0x01, 0x02, 0x04, 0x08, 0x10, 0x20, 0x40, 0x80, 0x00, 0x01,
  0x02, 0x04, 0x08, 0x10, 0x20, 0x40, 0x80, 0x00, 0x01, 0x02, 0x06, 0x7a,
  0xdf, 0x00, 0x01, 0x02, 0x04, 0x08, 0x10, 0x20, 0x40, 0x80, 0x00, 0x01,
  0x02, 0x04, 0x08, 0x10, 0x20, 0x40, 0x80, 0x00, 0x01, 0x02, 0x04, 0x08,
  0x10, 0x20, 0x40, 0x80, 0x00, 0x01, 0x02, 0x04, 0x08, 0x10, 0x18, 0x10,
  0x30, 0xd0, 0x0f, 0x20, 0x8b, 0x20, 0x40, 0x80, 0x00, 0x01, 0x02, 0x04,
  0x08, 0x10, 0x20, 0x40, 0x80, 0x00, 0x01, 0x02, 0x04, 0x08, 0x10, 0x20,
  0x40, 0x80, 0x00, 0x01, 0x02, 0x04, 0x08, 0x10, 0x20, 0x40, 0x80, 0x00,
  0x01, 0x02, 0x06, 0x7a, 0xdf, 0x00, 0x01, 0x02, 0x04, 0x08, 0x10, 0x20,
  0x40, 0x80, 0x00, 0x01, 0x02, 0x04, 0x08, 0x10, 0x20, 0x40, 0x80, 0x00,
  0x01, 0x02, 0x04, 0x08, 0x10, 0x20, 0x40, 0x80, 0x00, 0x01, 0x02, 0x04,
  0x08, 0x10, 0x18, 0x10, 0x30, 0xd0, 0x0f, 0x20, 0x8b, 0x20, 0x40, 0x80,
  0x00, 0x01, 0x02, 0x04, 0x08, 0x10, 0x20, 0x40, 0x80, 0x00, 0x01, 0x02,
  0x04, 0x08, 0x10, 0x20, 0x40, 0x80, 0x00, 0x01, 0x02, 0x04, 0x08, 0x10,
  0x20, 0x40, 0x80, 0x00, 0x01, 0x02, 0x06, 0x7a, 0xdf, 0x00, 0x01, 0x02,
  0x04, 0x08, 0x10, 0x20, 0x40, 0x80, 0x00, 0x01, 0x02, 0x04, 0x08, 0x10,
  0x20, 0x40, 0x80, 0x00, 0x01, 0x02, 0x04, 0x08, 0x10, 0x20, 0x40, 0x80,
  0x00, 0x01, 0x02, 0x04, 0x08, 0x10, 0x18, 0x10, 0x30, 0xd0, 0x0f, 0x20,
  0x8b, 0x20, 0x40, 0x80, 0x00, 0x01, 0x02, 0x04, 0x08, 0x10, 0x20, 0x40,
  0x80, 0x00, 0x01, 0x02, 0x04, 0x08, 0x10, 0x20, 0x40, 0x80, 0x00, 0x01,
  0x02, 0x04, 0x08, 0x10, 0x20, 0x40, 0x80, 0x00, 0x01, 0x02, 0x06, 0x7a,
  0xdf, 0x00, 0x01, 0x02, 0x04, 0x08, 0x10, 0x20, 0x40, 0x80, 0x00, 0x01,
  0x02, 0x04, 0x08, 0x10, 0x20, 0x40, 0x80, 0x00, 0x01, 0x02, 0x04, 0x08,
  0x10, 0x20, 0x40, 0x80, 0x00, 0x01, 0x02, 0x04, 0x08, 0x10, 0x18, 0x10,
  0x38, 0x1a, 0xc8, 0x10, 0x41, 0x80, 0x00, 0x01, 0x02, 0xe5, 0x02, 0x57,
  0x97, 0xe7, 0xe5, 0x02, 0xce, 0x27, 0x40, 0x80, 0x00, 0x81, 0x43, 0x0b,
  0xfc, 0xee, 0xf8, 0xf8, 0xd0, 0x11, 0xbf, 0xf8, 0xf3, 0xbf, 0xbf, 0xb9,
  0x89, 0xe6, 0x0b, 0x27, 0x40, 0x80, 0x40, 0x8b, 0xc0, 0xcb, 0x57, 0xaf,
  0x5b, 0x4e, 0x75, 0x27, 0x01, 0x02, 0x1b, 0x10, 0xb8, 0xb8, 0xce, 0xfd,
  0x3b, 0xde, 0xd9, 0x69, 0xf6, 0xdf, 0x6f, 0x37, 0xc0, 0x1f, 0x7b, 0x42,
  0xb2, 0xf7, 0xd8, 0xd1, 0x1b, 0x09, 0x7e, 0xfe, 0xf9, 0xa7, 0xd1, 0x97,
  0x3c, 0xff, 0xec, 0x8b, 0x68, 0xbe, 0x70, 0x02, 0x04, 0x7a, 0x04, 0xfc,
  0x06, 0x7d, 0x4f, 0xd7, 0x2e, 0x25, 0x40, 0x80, 0x00, 0x01, 0x02, 0x04,
  0x08, 0x10, 0x20, 0x40, 0x80, 0x00, 0x01, 0x02, 0x04, 0x08, 0x10, 0x20,
  0x40, 0x80, 0x00, 0x01, 0x02, 0x04, 0x08, 0x10, 0x20, 0x40, 0x80, 0x00,
  0x81, 0xa0, 0x80, 0x81, 0x3e, 0x88, 0x2f, 0x9a, 0x00, 0x01, 0x02, 0x04,
  0x08, 0x10, 0x20, 0x40, 0x80, 0x00, 0x01, 0x02, 0x04, 0x08, 0x10, 0x20,
  0x40, 0x80, 0x00, 0x01, 0x02, 0x04, 0x08, 0x10, 0x20, 0x40, 0x80, 0x00,
  0x01, 0x02, 0x04, 0x7a, 0x04, 0x0c, 0xf4, 0x3d, 0x5d, 0xbb, 0x94, 0x00,
  0x01, 0x02, 0x04, 0x08, 0x10, 0x20, 0x40, 0x80, 0x00, 0x01, 0x02, 0x04,
  0x08, 0x10, 0x20, 0x40, 0x80, 0x00, 0x01, 0x02, 0x04, 0x08, 0x10, 0x20,
  0x40, 0x80, 0x00, 0x01, 0x02, 0x04, 0x82, 0x02, 0x06, 0xfa, 0x20, 0xbe,
  0x68, 0x02, 0x04, 0x08, 0x10, 0x20, 0x40, 0x80, 0x00, 0x01, 0x02, 0x04,
  0x08, 0x10, 0x20, 0x40, 0x80, 0x00, 0x01, 0x02, 0x04, 0x08, 0x10, 0x20,
  0x40, 0x80, 0x00, 0x01, 0x02, 0x04, 0x08, 0x10, 0xe8, 0x11, 0x30, 0xd0,
  0xf7, 0x74, 0xed, 0x52, 0x02, 0x04, 0x08, 0x10, 0x20, 0x40, 0x80, 0x00,
  0x01, 0x02, 0x04, 0x08, 0x10, 0x20, 0x40, 0x80, 0x00, 0x01, 0x02, 0x04,
  0x08, 0x10, 0x20, 0x40, 0x80, 0x00, 0x01, 0x02, 0x04, 0x08, 0x10, 0x08,
  0x0a, 0x18, 0xe8, 0x83, 0xf8, 0xa2, 0x09, 0x10, 0x20, 0x40, 0x80, 0x00,
  0x01, 0x02, 0x04, 0x08, 0x10, 0x20, 0x40, 0x80, 0x00, 0x01, 0x02, 0x04,
  0x08, 0x10, 0x20, 0x40, 0x80, 0x00, 0x01, 0x02, 0x04, 0x08, 0x10, 0x20,
  0x40, 0xa0, 0x47, 0xc0, 0x40, 0xdf, 0xd3, 0xb5, 0x4b, 0x09, 0x10, 0x20,
  0x40, 0x80, 0x00, 0x01, 0x02, 0x04, 0x08, 0x10, 0x20, 0x40, 0x80, 0x00,
  0x01, 0x02, 0x04, 0x08, 0x10, 0x20, 0x40, 0x80, 0x00, 0x01, 0x02, 0x04,
  0x08, 0x10, 0x20, 0x40, 0x20, 0x28, 0x60, 0xa0, 0x0f, 0xe2, 0x8b, 0x26,
  0x40, 0x80, 0x00, 0x01, 0x02, 0x04, 0x08, 0x10, 0x20, 0x40, 0x80, 0x00,
  0x01, 0x02, 0x04, 0x08, 0x10, 0x20, 0x40, 0x80, 0x00, 0x01, 0x02, 0x04,
  0x08, 0x10, 0x20, 0x40, 0x80, 0x00, 0x81, 0x1e, 0x01, 0x03, 0x7d, 0x4f,
  0xd7, 0x2e, 0x25, 0x40, 0x80, 0x00, 0x01, 0x02, 0x04, 0x08, 0x10, 0x20,
  0x40, 0x80, 0x00, 0x01, 0x02, 0x04, 0x08, 0x10, 0x20, 0x40, 0x80, 0x00,
  0x01, 0x02, 0x04, 0x08, 0x10, 0x20, 0x40, 0x80, 0x00, 0x81, 0xa0, 0x80,
  0x81, 0x3e, 0x88, 0x2f, 0x9a, 0x00, 0x01, 0x02, 0x04, 0x08, 0x10, 0x20,
  0x40, 0x80, 0x00, 0x01, 0x02, 0x04, 0x08, 0x10, 0x20, 0x40, 0x80, 0x00,
  0x01, 0x02, 0x04, 0x08, 0x10, 0x20, 0x40, 0x80, 0x00, 0x01, 0x02, 0x04,
  0x7a, 0x04, 0x0c, 0xf4, 0x3d, 0x5d, 0xbb, 0x94, 0x00, 0x01, 0x02, 0x04,
  0x08, 0x10, 0x20, 0x40, 0x80, 0x00, 0x01, 0x02, 0x04, 0x08, 0x10, 0x20,
  0x40, 0x80, 0x00, 0x01, 0x02, 0x04, 0x08, 0x10, 0x20, 0x40, 0x80, 0x00,
  0x01, 0x02, 0x04, 0x82, 0x02, 0x06, 0xfa, 0x20, 0xbe, 0x68, 0x02, 0x04,
  0x08, 0x10, 0x20, 0x40, 0x80, 0x00, 0x01, 0x02, 0x04, 0x08, 0x10, 0x20,
  0x40, 0x80, 0x00, 0x01, 0x02, 0x04, 0x08, 0x10, 0x20, 0x40, 0x80, 0x00,
  0x01, 0x02, 0x04, 0x08, 0x10, 0xe8, 0x11, 0x30, 0xd0, 0xf7, 0x74, 0xed,
  0x52, 0x02, 0x04, 0x08, 0x10, 0x20, 0x40, 0x80, 0x00, 0x01, 0x02, 0x04,
  0x08, 0x10, 0x20, 0x40, 0x80, 0x00, 0x01, 0x02, 0x04, 0x08, 0x10, 0x20,
  0x40, 0x80, 0x00, 0x01, 0x02, 0x04, 0x08, 0x10, 0x08, 0x0a, 0x18, 0xe8,
  0x83, 0xf8, 0xa2, 0x09, 0x10, 0x20, 0x40, 0x80, 0x00, 0x01, 0x02, 0x04,
  0x08, 0x10, 0x20, 0x40, 0x80, 0x00, 0x01, 0x02, 0x04, 0x08, 0x10, 0x20,
  0x40, 0x80, 0x00, 0x01, 0x02, 0x04, 0x08, 0x10, 0x20, 0x40, 0xa0, 0x47,
  0xc0, 0x40, 0xdf, 0xd3, 0xb5, 0x4b, 0x09, 0x10, 0x20, 0x40, 0x80, 0x00,
  0x01, 0x02, 0x04, 0x08, 0x10, 0x20, 0x40, 0x80, 0x00, 0x01, 0x02, 0x04,
  0x08, 0x10, 0x20, 0x40, 0x80, 0x00, 0x01, 0x02, 0x04, 0x08, 0x10, 0x20,
  0x40, 0x20, 0x28, 0x60, 0xa0, 0x0f, 0xe2, 0x8b, 0x26, 0x40, 0x80, 0x00,
  0x01, 0x02, 0x04, 0x08, 0x10, 0x20, 0x40, 0x80, 0x00, 0x01, 0x02, 0x04,
  0x08, 0x10, 0x20, 0x40, 0x80, 0x00, 0x01, 0x02, 0x04, 0x08, 0x10, 0x20,
  0x40, 0x80, 0x00, 0x81, 0x1e, 0x01, 0x03, 0x7d, 0x4f, 0xd7, 0x2e, 0x25,
  0x40, 0x80, 0x00, 0x01, 0x02, 0x04, 0x08, 0x10, 0x20, 0x40, 0x80, 0x00,
  0x01, 0x02, 0x04, 0x08, 0x10, 0x20, 0x40, 0x80, 0x00, 0x01, 0x02, 0x04,
  0x08, 0x10, 0x20, 0x40, 0x80, 0x00, 0x81, 0xa0, 0x80, 0x81, 0x3e, 0x88,
  0x2f, 0x9a, 0x00, 0x01, 0x02, 0x04, 0x08, 0x10, 0x20, 0x40, 0x80, 0x00,
  0x01, 0x02, 0x04, 0x08, 0x10, 0x20, 0x40, 0x80, 0x00, 0x01, 0x02, 0x04,
  0x08, 0x10, 0x20, 0x40, 0x80, 0x00, 0x01, 0x02, 0x04, 0x7a, 0x04, 0x0c,
  0xf4, 0x3d, 0x5d, 0xbb, 0x94, 0x00, 0x01, 0x02, 0x04, 0x08, 0x10, 0x20,
  0x40, 0x80, 0x00, 0x01, 0x02, 0x04, 0x08, 0x10, 0x20, 0x40, 0x80, 0x00,
  0x01, 0x02, 0x04, 0x08, 0x10, 0x20, 0x40, 0x80, 0x00, 0x01, 0x02, 0x04,
  0x82, 0x02, 0x06, 0xfa, 0x20, 0xbe, 0x68, 0x02, 0x04, 0x08, 0x10, 0x20,
  0x40, 0x80, 0x00, 0x01, 0x02, 0x04, 0x08, 0x10, 0x20, 0x40, 0x80, 0x00,
  0x01, 0x02, 0x04, 0x08, 0x10, 0x20, 0x40, 0x80, 0x00, 0x01, 0x02, 0x04,
  0x08, 0x10, 0xe8, 0x11, 0x30, 0xd0, 0xf7, 0x74, 0xed, 0x52, 0x02, 0x04,
  0x08, 0x10, 0x20, 0x40, 0x80, 0x00, 0x01, 0x02, 0x04, 0x08, 0x10, 0x20,
  0x40, 0x80, 0x00, 0x01, 0x02, 0x04, 0x08, 0x10, 0x20, 0x40, 0x80, 0x00,
  0x01, 0x02, 0x04, 0x08, 0x10, 0x08, 0x0a, 0x18, 0xe8, 0x83, 0xf8, 0xa2,
  0x09, 0x10, 0x20, 0x40, 0x80, 0x00, 0x01, 0x02, 0x04, 0x08, 0x10, 0x20,
  0x40, 0x80, 0x00, 0x01, 0x02, 0x04, 0x08, 0x10, 0x20, 0x40, 0x80, 0x00,
  0x01, 0x02, 0x04, 0x08, 0x10, 0x20, 0x40, 0xa0, 0x47, 0xc0, 0x40, 0xdf,
  0xd3, 0xb5, 0x4b, 0x09, 0x10, 0x20, 0x40, 0x80, 0x00, 0x01, 0x02, 0x04,
  0x08, 0x10, 0x20, 0x40, 0x80, 0x00, 0x01, 0x02, 0x04, 0x08, 0x10, 0x20,
  0x40, 0x80, 0x00, 0x01, 0x02, 0x04, 0x08, 0x10, 0x20, 0x40, 0x20, 0x28,
  0x60, 0xa0, 0x0f, 0xe2, 0x8b, 0x26, 0x40, 0x80, 0x00, 0x01, 0x02, 0x04,
  0x08, 0x10, 0x20, 0x40, 0x80, 0x00, 0x01, 0x02, 0x04, 0x08, 0x10, 0x20,
  0x40, 0x80, 0x00, 0x01, 0x02, 0x04, 0x08, 0x10, 0x20, 0x40, 0x80, 0x00,
  0x81, 0x1e, 0x01, 0x03, 0x7d, 0x4f, 0xd7, 0x2e, 0x25, 0x40, 0x80, 0x00,
  0x01, 0x02, 0x04, 0x08, 0x10, 0x20, 0x40, 0x80, 0x00, 0x01, 0x02, 0x04,
  0x08, 0x10, 0x20, 0x40, 0x80, 0x00, 0x01, 0x02, 0x04, 0x08, 0x10, 0x20,
  0x40, 0x80, 0x00, 0x81, 0xa0, 0x80, 0x81, 0x3e, 0x88, 0x2f, 0x9a, 0x00,
  0x01, 0x02, 0x04, 0x08, 0x10, 0x20, 0x40, 0x80, 0x00, 0x01, 0x02, 0x04,
  0x08, 0x10, 0x20, 0x40, 0x80, 0x00, 0x01, 0x02, 0x04, 0x08, 0x10, 0x20,
  0x40, 0x80, 0x00, 0x01, 0x02, 0x04, 0x7a, 0x04, 0x0c, 0xf4, 0x3d, 0x5d,
  0xbb, 0x94, 0x00, 0x01, 0x02, 0x04, 0x08, 0x10, 0x20, 0x40, 0x80, 0x00,
  0x01, 0x02, 0x04, 0x08, 0x10, 0x20, 0x40, 0x80, 0x00, 0x01, 0x02, 0x04,
  0x08, 0x10, 0x20, 0x40, 0x80, 0x00, 0x01, 0x02, 0x04, 0x82, 0x02, 0x06,
  0xfa, 0x20, 0xbe, 0x68, 0x02, 0x04, 0x08, 0x10, 0x20, 0x40, 0x80, 0x00,
  0x01, 0x02, 0x04, 0x08, 0x10, 0x20, 0x40, 0x80, 0x00, 0x01, 0x02, 0x04,
  0x08, 0x10, 0x20, 0x40, 0x80, 0x00, 0x01, 0x02, 0x04, 0x08, 0x10, 0xe8,
  0x11, 0x30, 0xd0, 0xf7, 0x74, 0xed, 0x52, 0x02, 0x04, 0x08, 0x10, 0x20,
  0x40, 0x80, 0x00, 0x01, 0x02, 0x04, 0x08, 0x10, 0x20, 0x40, 0x80, 0x00,
  0x01, 0x02, 0x04, 0x08, 0x10, 0x20, 0x40, 0x80, 0x00, 0x01, 0x02, 0x04,
  0x08, 0x10, 0x08, 0x0a, 0x18, 0xe8, 0x83, 0xf8, 0xa2, 0x09, 0x10, 0x20,
  0x40, 0x80, 0x00, 0x01, 0x02, 0x04, 0x08, 0x10, 0x20, 0x40, 0x80, 0x00,
  0x01, 0x02, 0x04, 0x08, 0x10, 0x20, 0x40, 0x80, 0x00, 0x01, 0x02, 0x04,
  0x08, 0x10, 0x20, 0x40, 0xa0, 0x47, 0xc0, 0x40, 0xdf, 0xd3, 0xb5, 0x4b,
  0x09, 0x10, 0x20, 0x40, 0x80, 0x00, 0x01, 0x02, 0x04, 0x08, 0x10, 0x20,
  0x40, 0x80, 0x00, 0x01, 0x02, 0x04, 0x08, 0x10, 0x20, 0x40, 0x80, 0x00,
  0x01, 0x02, 0x04, 0x08, 0x10, 0x20, 0x40, 0x20, 0x28, 0x70, 0x14, 0xcc,
  0x16, 0x4d, 0x80, 0x00, 0x01, 0x02, 0x25, 0x02, 0x8f, 0x1e, 0x3f, 0x2b,
  0xb9, 0xf4, 0xe7, 0xcf, 0xbc, 0xba, 0x3c, 0x8f, 0xdd, 0x7f, 0xff, 0xde,
  0xed, 0x58, 0xb6, 0xe0, 0xac, 0xc0, 0xcb, 0x57, 0xaf, 0xb3, 0x0f, 0x08,
  0xa6, 0x7f, 0xf8, 0xe4, 0xe3, 0x60, 0x7a, 0x77, 0xf4, 0xef, 0x8e, 0x8f,
  0xbb, 0x01, 0x5c, 0x5f, 0x29, 0xe0, 0x9f, 0xb5, 0x99, 0xda, 0x9b, 0xff,
  0x39, 0x97, 0x11, 0x97, 0x4a, 0x80, 0x00, 0x01, 0x02, 0xd3, 0x02, 0x17,
  0xd7, 0x37, 0xd3, 0x91, 0xff, 0x2f, 0xef, 0xec, 0x34, 0xf7, 0xef, 0xf6,
  0xe9, 0xdb, 0xa3, 0xf0, 0xc2, 0x09, 0x10, 0x20, 0x40, 0xa0, 0x42, 0xc0,
  0x6f, 0xd0, 0x57, 0xd4, 0xec, 0x48, 0x02, 0x04, 0x08, 0x10, 0x20, 0x40,
  0x80, 0x00, 0x01, 0x02, 0x04, 0x08, 0x10, 0x20, 0x40, 0x80, 0x00, 0x01,
  0x02, 0x04, 0x08, 0x10, 0x20, 0x40, 0x80, 0x00, 0x01, 0x02, 0x04, 0x08,
  0x10, 0x48, 0x0b, 0x18, 0xe8, 0xd3, 0x0d, 0xc8, 0x27, 0x40, 0x80, 0x00,
  0x01, 0x02, 0x04, 0x08, 0x10, 0x20, 0x40, 0x80, 0x00, 0x01, 0x02, 0x04,
  0x08, 0x10, 0x20, 0x40, 0x80, 0x00, 0x01, 0x02, 0x04, 0x08, 0x10, 0x20,
  0x40, 0x80, 0x00, 0x81, 0x0a, 0x01, 0x03, 0x7d, 0x45, 0xcd, 0x8e, 0x24,
  0x40, 0x80, 0x00, 0x01, 0x02, 0x04, 0x08, 0x10, 0x20, 0x40, 0x80, 0x00,
  0x01, 0x02, 0x04, 0x08, 0x10, 0x20, 0x40, 0x80, 0x00, 0x01, 0x02, 0x04,
  0x08, 0x10, 0x20, 0x40, 0x80, 0x00, 0x81, 0xb4, 0x80, 0x81, 0x3e, 0xdd,
  0x80, 0x7c, 0x02, 0x04, 0x08, 0x10, 0x20, 0x40, 0x80, 0x00, 0x01, 0x02,
  0x04, 0x08, 0x10, 0x20, 0x40, 0x80, 0x00, 0x01, 0x02, 0x04, 0x08, 0x10,
  0x20, 0x40, 0x80, 0x00, 0x01, 0x02, 0x04, 0x08, 0x10, 0xa8, 0x10, 0x30,
  0xd0, 0x57, 0xd4, 0xec, 0x48, 0x02, 0x04, 0x08, 0x10, 0x20, 0x40, 0x80,
  0x00, 0x01, 0x02, 0x04, 0x08, 0x10, 0x20, 0x40, 0x80, 0x00, 0x01, 0x02,
  0x04, 0x08, 0x10, 0x20, 0x40, 0x80, 0x00, 0x01, 0x02, 0x04, 0x08, 0x10,
  0x48, 0x0b, 0x18, 0xe8, 0xd3, 0x0d, 0xc8, 0x27, 0x40, 0x80, 0x00, 0x01,
  0x02, 0x04, 0x08, 0x10, 0x20, 0x40, 0x80, 0x00, 0x01, 0x02, 0x04, 0x08,
  0x10, 0x20, 0x40, 0x80, 0x00, 0x01, 0x02, 0x04, 0x08, 0x10, 0x20, 0x40,
  0x80, 0x00, 0x81, 0x0a, 0x01, 0x03, 0x7d, 0x45, 0xcd, 0x8e, 0x24, 0x40,
  0x80, 0x00, 0x01, 0x02, 0x04, 0x08, 0x10, 0x20, 0x40, 0x80, 0x00, 0x01,
  0x02, 0x04, 0x08, 0x10, 0x20, 0x40, 0x80, 0x00, 0x01, 0x02, 0x04, 0x08,
  0x10, 0x20, 0x40, 0x80, 0x00, 0x81, 0xb4, 0x80, 0x81, 0x3e, 0xdd, 0x80,
  0x7c, 0x02, 0x04, 0x08, 0x10, 0x20, 0x40, 0x80, 0x00, 0x01, 0x02, 0x04,
  0x08, 0x10, 0x20, 0x40, 0x80, 0x00, 0x01, 0x02, 0x04, 0x08, 0x10, 0x20,
  0x40, 0x80, 0x00, 0x01, 0x02, 0x04, 0x08, 0x10, 0xa8, 0x10, 0x30, 0xd0,
  0x57, 0xd4, 0xec, 0x48, 0x02, 0x04, 0x08, 0x10, 0x20, 0x40, 0x80, 0x00,
  0x01, 0x02, 0x04, 0x08, 0x10, 0x20, 0x40, 0x80, 0x00, 0x01, 0x02, 0x04,
  0x08, 0x10, 0x20, 0x40, 0x80, 0x00, 0x01, 0x02, 0x04, 0x08, 0x10, 0x48,
  0x0b, 0x18, 0xe8, 0xd3, 0x0d, 0xc8, 0x27, 0x40, 0x80, 0x00, 0x01, 0x02,
  0x04, 0x08, 0x10, 0x20, 0x40, 0x80, 0x00, 0x01, 0x02, 0x04, 0x08, 0x10,
  0x20, 0x40, 0x80, 0x00, 0x01, 0x02, 0x04, 0x08, 0x10, 0x20, 0x40, 0x80,
  0x00, 0x81, 0x0a, 0x01, 0x03, 0x7d, 0x45, 0xcd, 0x8e, 0x24, 0x40, 0x80,
  0x00, 0x01, 0x02, 0x04, 0x08, 0x10, 0x20, 0x40, 0x80, 0x00, 0x01, 0x02,
  0x04, 0x08, 0x10, 0x20, 0x40, 0x80, 0x00, 0x01, 0x02, 0x04, 0x08, 0x10,
  0x20, 0x40, 0x80, 0x00, 0x81, 0xb4, 0x80, 0x81, 0x3e, 0xdd, 0x80, 0x7c,
  0x02, 0x04, 0x08, 0x10, 0x20, 0x40, 0x80, 0x00, 0x01, 0x02, 0x04, 0x08,
  0x10, 0x20, 0x40, 0x80, 0x00, 0x01, 0x02, 0x04, 0x08, 0x10, 0x20, 0x40,
  0x80, 0x00, 0x01, 0x02, 0x04, 0x08, 0x10, 0xa8, 0x10, 0x30, 0xd0, 0x57,
  0xd4, 0xec, 0x48, 0x02, 0x04, 0x08, 0x10, 0x20, 0x40, 0x80, 0x00, 0x01,
  0x02, 0x04, 0x08, 0x10, 0x20, 0x40, 0x80, 0x00, 0x01, 0x02, 0x04, 0x08,
  0x10, 0x20, 0x40, 0x80, 0x00, 0x01, 0x02, 0x04, 0x08, 0x10, 0x48, 0x0b,
  0x18, 0xe8, 0xd3, 0x0d, 0xc8, 0x27, 0x40, 0x80, 0x00, 0x01, 0x02, 0x04,
  0x08, 0x10, 0x20, 0x40, 0x80, 0x00, 0x01, 0x02, 0x04, 0x08, 0x10, 0x20,
  0x40, 0x80, 0x00, 0x01, 0x02, 0x04, 0x08, 0x10, 0x20, 0x40, 0x80, 0x00,
  0x81, 0x0a, 0x01, 0x03, 0x7d, 0x45, 0xcd, 0x8e, 0x24, 0x40, 0x80, 0x00,
  0x01, 0x02, 0x04, 0x08, 0x10, 0x20, 0x40, 0x80, 0x00, 0x01, 0x02, 0x04,
  0x08, 0x10, 0x20, 0x40, 0x80, 0x00, 0x01, 0x02, 0x04, 0x08, 0x10, 0x20,
  0x40, 0x80, 0x00, 0x81, 0xb4, 0x80, 0x81, 0x3e, 0xdd, 0x80, 0x7c, 0x02,
  0x04, 0x08, 0x10, 0x20, 0x40, 0x80, 0x00, 0x01, 0x02, 0x04, 0x08, 0x10,
  0x20, 0x40, 0x80, 0x00, 0x01, 0x02, 0x04, 0x08, 0x10, 0x20, 0x40, 0x80,
  0x00, 0x01, 0x02, 0x04, 0x08, 0x10, 0xa8, 0x10, 0x30, 0xd0, 0x57, 0xd4,
  0xec, 0x48, 0x02, 0x04, 0x08, 0x10, 0x20, 0x40, 0x80, 0x00, 0x01, 0x02,
  0x04, 0x08, 0x10, 0x20, 0x40, 0x80, 0x00, 0x01, 0x02, 0x04, 0x08, 0x10,
  0x20, 0x40, 0x80, 0x00, 0x01, 0x02, 0x04, 0x08, 0x10, 0x48, 0x0b, 0x18,
  0xe8, 0xd3, 0x0d, 0xc8, 0x27, 0x40, 0x80, 0x00, 0x01, 0x02, 0x04, 0x08,
  0x10, 0x20, 0x40, 0x80, 0x00, 0x01, 0x02, 0x04, 0x08, 0x10, 0x20, 0x40,
  0x80, 0x00, 0x01, 0x02, 0x04, 0x08, 0x10, 0x20, 0x40, 0x80, 0x00, 0x81,
  0x0a, 0x01, 0x03, 0x7d, 0x45, 0xcd, 0x8e, 0x24, 0x40, 0x80, 0x00, 0x01,
  0x02, 0x04, 0x08, 0x10, 0x20, 0x40, 0x80, 0x00, 0x01, 0x02, 0x04, 0x08,
  0x10, 0x20, 0x40, 0x80, 0x00, 0x01, 0x02, 0x04, 0x08, 0x10, 0x20, 0x40,
  0x80, 0x00, 0x81, 0xb4, 0x80, 0x81, 0x3e, 0xdd, 0x80, 0x7c, 0x02, 0x04,
  0x08, 0x10, 0x20, 0x40, 0x80, 0x00, 0x01, 0x02, 0x04, 0x08, 0x10, 0x20,
  0x40, 0x80, 0x00, 0x01, 0x02, 0x04, 0x08, 0x10, 0x20, 0x40, 0x80, 0x00,
  0x01, 0x02, 0x04, 0x08, 0x10, 0xa8, 0x10, 0x30, 0xd0, 0x57, 0xd4, 0xec,
  0x48, 0x02, 0x04, 0x08, 0x10, 0x20, 0x40, 0x80, 0x00, 0x01, 0x02, 0x04,
  0x08, 0x10, 0x20, 0x40, 0x80, 0x00, 0x01, 0x02, 0x04, 0x08, 0x10, 0x20,
  0x40, 0x80, 0x00, 0x01, 0x02, 0x04, 0x08, 0x10, 0x48, 0x0b, 0x18, 0xe8,
  0xd3, 0x0d, 0xc8, 0x27, 0x40, 0x80, 0x00, 0x01, 0x02, 0x04, 0x08, 0x10,
  0x20, 0x40, 0x80, 0x00, 0x01, 0x02, 0x04, 0x08, 0x10, 0x20, 0x40, 0x80,
  0x00, 0x01, 0x02, 0x04, 0x08, 0x10, 0x20, 0x40, 0x80, 0x00, 0x81, 0x0a,
  0x01, 0x03, 0x7d, 0x45, 0xcd, 0x8e, 0x24, 0x40, 0x80, 0x00, 0x01, 0x02,
  0x04, 0x08, 0x10, 0x20, 0x40, 0x80, 0x00, 0x01, 0x02, 0x04, 0x08, 0x10,
  0x20, 0x40, 0x80, 0x00, 0x01, 0x02, 0x04, 0x08, 0x10, 0x20, 0x40, 0x80,
  0x00, 0x81, 0xb4, 0x80, 0x81, 0x3e, 0xdd, 0x80, 0x7c, 0x02, 0x04, 0x08,
  0x10, 0x20, 0x40, 0x80, 0x00, 0x01, 0x02, 0x04, 0x08, 0x10, 0x20, 0x40,
  0x80, 0x00, 0x01, 0x02, 0x04, 0x08, 0x10, 0x20, 0x40, 0x80, 0x00, 0x01,
  0x02, 0x04, 0x08, 0x10, 0xa8, 0x10, 0x30, 0xd0, 0x57, 0xd4, 0xec, 0x48,
  0x02, 0x04, 0x08, 0x10, 0x20, 0x40, 0x80, 0x00, 0x01, 0x02, 0x04, 0x08,
  0x10, 0x20, 0x40, 0x80, 0x00, 0x01, 0x02, 0x04, 0x08, 0x10, 0x20, 0x40,
  0x80, 0x00, 0x01, 0x02, 0x04, 0x08, 0x10, 0x48, 0x0b, 0x18, 0xe8, 0xd3,
  0x0d, 0xc8, 0x27, 0x40, 0x80, 0x00, 0x01, 0x02, 0x04, 0x08, 0x10, 0x20,
  0x40, 0x80, 0x00, 0x01, 0x02, 0x04, 0x08, 0x10, 0x20, 0x40, 0x80, 0x00,
  0x01, 0x02, 0x04, 0x08, 0x10, 0x20, 0x40, 0x80, 0x00, 0x81, 0x0a, 0x01,
  0x03, 0x7d, 0x45, 0xcd, 0x8e, 0x24, 0x40, 0x80, 0x00, 0x01, 0x02, 0x04,
  0x08, 0x10, 0x20, 0x40, 0x80, 0x00, 0x01, 0x02, 0x04, 0x08, 0x10, 0x20,
  0x40, 0x80, 0x00, 0x01, 0x02, 0x04, 0x08, 0x10, 0x20, 0x40, 0x80, 0x00,
  0x81, 0xb4, 0x80, 0x81, 0x3e, 0xdd, 0x80, 0x7c, 0x02, 0x04, 0x08, 0x10,
  0x20, 0x40, 0x80, 0x00, 0x01, 0x02, 0x04, 0x08, 0x10, 0x20, 0x40, 0x80,
  0x00, 0x01, 0x02, 0x04, 0x08, 0x10, 0x20, 0x40, 0x80, 0x00, 0x01, 0x02,
  0x04, 0x08, 0x10, 0xa8, 0x10, 0x30, 0xd0, 0x57, 0xd4, 0xec, 0x48, 0x02,
  0x04, 0x08, 0x10, 0x20, 0x40, 0x80, 0x00, 0x01, 0x02, 0x04, 0x08, 0x10,
  0x20, 0x40, 0x80, 0x00, 0x01, 0x02, 0x04, 0x08, 0x10, 0x20, 0x40, 0x80,
  0x00, 0x01, 0x02, 0x04, 0x08, 0x10, 0x48, 0x0b, 0x18, 0xe8, 0xd3, 0x0d,
  0xc8, 0x27, 0x40, 0x80, 0x00, 0x01, 0x02, 0x04, 0x08, 0x10, 0x20, 0x40,
  0x80, 0x00, 0x01, 0x02, 0x04, 0x08, 0x10, 0x20, 0x40, 0x80, 0x00, 0x01,
  0x02, 0x04, 0x08, 0x10, 0x20, 0x40, 0x80, 0x00, 0x81, 0x0a, 0x01, 0x03,
  0x7d, 0x45, 0xcd, 0x8e, 0x24, 0x40, 0x80, 0x00, 0x01, 0x02, 0x04, 0x08,
  0x10, 0x20, 0x40, 0x80, 0x00, 0x01, 0x02, 0x04, 0x08, 0x10, 0x20, 0x40,
  0x80, 0x00, 0x01, 0x02, 0x04, 0x08, 0x10, 0x20, 0x40, 0x80, 0x00, 0x81,
  0xb4, 0xc0, 0x51, 0xfa, 0x01, 0xf2, 0x09, 0x10, 0x20, 0x40, 0x80, 0x00,
  0x01, 0x02, 0x04, 0x08, 0x10, 0x20, 0xf0, 0x5b, 0x05, 0xbe, 0xbf, 0xb9,
  0xf9, 0xad, 0x3f, 0x62, 0xe9, 0x3f, 0xff, 0xed, 0x57, 0x5f, 0x2f, 0xfd,
  0xfe, 0xdf, 0xf2, 0xf8, 0xfb, 0xf7, 0x6e, 0xff, 0x96, 0x3f, 0xee, 0xcf,
  0x12, 0x58, 0x52, 0xe0, 0xe2, 0xba, 0xf7, 0xbf, 0xf3, 0xce, 0x4e, 0x8f,
  0x97, 0xec, 0xcc, 0xa3, 0x09, 0x10, 0x20, 0xb0, 0x9a, 0x40, 0xf3, 0x3f,
  0x6b, 0x56, 0xeb, 0xca, 0x7b, 0xdf, 0x9d, 0xc0, 0xf3, 0xcf, 0x3f, 0x7d,
  0x77, 0x3f, 0xec, 0x57, 0xfe, 0xa4, 0xe7, 0x9f, 0x7d, 0xf1, 0x2b, 0xff,
  0x84, 0xbf, 0x9c, 0x00, 0x81, 0x95, 0x05, 0xfc, 0x06, 0xfd, 0xca, 0xed,
  0x79, 0x3b, 0x01, 0x02, 0x04, 0x08, 0x10, 0x20, 0x40, 0x80, 0x00, 0x01,
  0x02, 0x04, 0x08, 0x10, 0x20, 0x40, 0x80, 0x00, 0x01, 0x02, 0x04, 0x08,
  0x10, 0x20, 0x40, 0x80, 0x00, 0x01, 0x02, 0x04, 0x08, 0x2c, 0x23, 0x60,
  0xa0, 0x5f, 0xa6, 0x2a, 0x0f, 0x25, 0x40, 0x80, 0x00, 0x01, 0x02, 0x04,
  0x08, 0x10, 0x20, 0x40, 0x80, 0x00, 0x01, 0x02, 0x04, 0x08, 0x10, 0x20,
  0x40, 0x80, 0x00, 0x01, 0x02, 0x04, 0x08, 0x10, 0x20, 0x40, 0x80, 0x00,
  0x81, 0x95, 0x05, 0x0c, 0xf4, 0x2b, 0xb7, 0xe7, 0xed, 0x04, 0x08, 0x10,
  0x20, 0x40, 0x80, 0x00, 0x01, 0x02, 0x04, 0x08, 0x10, 0x20, 0x40, 0x80,
  0x00, 0x01, 0x02, 0x04, 0x08, 0x10, 0x20, 0x40, 0x80, 0x00, 0x01, 0x02,
  0x04, 0x08, 0x10, 0x20, 0xb0, 0x8c, 0x80, 0x81, 0x7e, 0x99, 0xaa, 0x3c,
  0x94, 0x00, 0x01, 0x02, 0x04, 0x08, 0x10, 0x20, 0x40, 0x80, 0x00, 0x01,
  0x02, 0x04, 0x08, 0x10, 0x20, 0x40, 0x80, 0x00, 0x01, 0x02, 0x04, 0x08,
  0x10, 0x20, 0x40, 0x80, 0x00, 0x01, 0x02, 0x04, 0x56, 0x16, 0x30, 0xd0,
  0xaf, 0xdc, 0x9e, 0xb7, 0x13, 0x20, 0x40, 0x80, 0x00, 0x01, 0x02, 0x04,
  0x08, 0x10, 0x20, 0x40, 0x80, 0x00, 0x01, 0x02, 0x04, 0x08, 0x10, 0x20,
  0x40, 0x80, 0x00, 0x01, 0x02, 0x04, 0x08, 0x10, 0x20, 0x40, 0x80, 0xc0,
  0x32, 0x02, 0x06, 0xfa, 0x65, 0xaa, 0xf2, 0x50, 0x02, 0x04, 0x08, 0x10,
  0x20, 0x40, 0x80, 0x00, 0x01, 0x02, 0x04, 0x08, 0x10, 0x20, 0x40, 0x80,
  0x00, 0x01, 0x02, 0x04, 0x08, 0x10, 0x20, 0x40, 0x80, 0x00, 0x01, 0x02,
  0x04, 0x08, 0x10, 0x58, 0x59, 0xc0, 0x40, 0xbf, 0x72, 0x7b, 0xde, 0x4e,
  0x80, 0x00, 0x01, 0x02, 0x04, 0x08, 0x10, 0x20, 0x40, 0x80, 0x00, 0x01,
  0x02, 0x04, 0x08, 0x10, 0x20, 0x40, 0x80, 0x00, 0x01, 0x02, 0x04, 0x08,
  0x10, 0x20, 0x40, 0x80, 0x00, 0x01, 0x02, 0xcb, 0x08, 0x18, 0xe8, 0x97,
  0xa9, 0xca, 0x43, 0x09, 0x10, 0x20, 0x40, 0x80, 0x00, 0x01, 0x02, 0x04,
  0x08, 0x10, 0x20, 0x40, 0x80, 0x00, 0x01, 0x02, 0x04, 0x08, 0x10, 0x20,
  0x40, 0x80, 0x00, 0x01, 0x02, 0x04, 0x08, 0x10, 0x20, 0x40, 0x60, 0x65,
  0x01, 0x03, 0xfd, 0xca, 0xed, 0x79, 0x3b, 0x01, 0x02, 0x04, 0x08, 0x10,
  0x20, 0x40, 0x80, 0x00, 0x01, 0x02, 0x04, 0x08, 0x10, 0x20, 0x40, 0x80,
  0x00, 0x01, 0x02, 0x04, 0x08, 0x10, 0x20, 0x40, 0x80, 0x00, 0x01, 0x02,
  0x04, 0x08, 0x2c, 0x23, 0x60, 0xa0, 0x5f, 0xa6, 0x2a, 0x0f, 0x25, 0x40,
  0x80, 0x00, 0x01, 0x02, 0x04, 0x08, 0x10, 0x20, 0x40, 0x80, 0x00, 0x01,
  0x02, 0x04, 0x08, 0x10, 0x20, 0x40, 0x80, 0x00, 0x01, 0x02, 0x04, 0x08,
  0x10, 0x20, 0x40, 0x80, 0x00, 0x81, 0x95, 0x05, 0x0c, 0xf4, 0x2b, 0xb7,
  0xe7, 0xed, 0x04, 0x08, 0x10, 0x20, 0x40, 0x80, 0x00, 0x01, 0x02, 0x04,
  0x08, 0x10, 0x20, 0x40, 0x80, 0x00, 0x01, 0x02, 0x04, 0x08, 0x10, 0x20,
  0x40, 0x80, 0x00, 0x01, 0x02, 0x04, 0x08, 0x10, 0x20, 0xb0, 0x8c, 0x80,
  0x81, 0x7e, 0x99, 0xaa, 0x3c, 0x94, 0x00, 0x01, 0x02, 0x04, 0x08, 0x10,
  0x20, 0x40, 0x80, 0x00, 0x01, 0x02, 0x04, 0x08, 0x10, 0x20, 0x40, 0x80,
  0x00, 0x01, 0x02, 0x04, 0x08, 0x10, 0x20, 0x40, 0x80, 0x00, 0x01, 0x02,
  0x04, 0x56, 0x16, 0x30, 0xd0, 0xaf, 0xdc, 0x9e, 0xb7, 0x13, 0x20, 0x40,
  0x80, 0x00, 0x01, 0x02, 0x04, 0x08, 0x10, 0x20, 0x40, 0x80, 0x00, 0x01,
  0x02, 0x04, 0x08, 0x10, 0x20, 0x40, 0x80, 0x00, 0x01, 0x02, 0x04, 0x08,
  0x10, 0x20, 0x40, 0x80, 0xc0, 0x32, 0x02, 0x06, 0xfa, 0x65, 0xaa, 0xf2,
  0x50, 0x02, 0x04, 0x08, 0x10, 0x20, 0x40, 0x80, 0x00, 0x01, 0x02, 0x04,
  0x08, 0x10, 0x20, 0x40, 0x80, 0x00, 0x01, 0x02, 0x04, 0x08, 0x10, 0x20,
  0x40, 0x80, 0x00, 0x01, 0x02, 0x04, 0x08, 0x10, 0x58, 0x59, 0xc0, 0x40,
  0xbf, 0x72, 0x7b, 0xde, 0x4e, 0x80, 0x00, 0x01, 0x02, 0x04, 0x08, 0x10,
  0x20, 0x40, 0x80, 0x00, 0x01, 0x02, 0x04, 0x08, 0x10, 0x20, 0x40, 0x80,
  0x00, 0x01, 0x02, 0x04, 0x08, 0x10, 0x20, 0x40, 0x80, 0x00, 0x01, 0x02,
  0xcb, 0x08, 0x18, 0xe8, 0x97, 0xa9, 0xca, 0x43, 0x09, 0x10, 0x20, 0x40,
  0x80, 0x00, 0x01, 0x02, 0x04, 0x08, 0x10, 0x20, 0x40, 0x80, 0x00, 0x01,
  0x02, 0x04, 0x08, 0x10, 0x20, 0x40, 0x80, 0x00, 0x01, 0x02, 0x04, 0x08,
  0x10, 0x20, 0x40, 0x60, 0x65, 0x01, 0x03, 0xfd, 0xca, 0xed, 0x79, 0x3b,
  0x01, 0x02, 0x04, 0x08, 0x10, 0x20, 0x40, 0x80, 0x00, 0x01, 0x02, 0x04,
  0x08, 0x10, 0x20, 0x40, 0x80, 0x00, 0x01, 0x02, 0x04, 0x08, 0x10, 0x20,
  0x40, 0x80, 0x00, 0x01, 0x02, 0x04, 0x08, 0x2c, 0x23, 0x60, 0xa0, 0x5f,
  0xa6, 0x2a, 0x0f, 0x25, 0x40, 0x80, 0x00, 0x01, 0x02, 0x04, 0x08, 0x10,
  0x20, 0x40, 0x80, 0x00, 0x01, 0x02, 0x04, 0x08, 0x10, 0x20, 0x40, 0x80,
  0x00, 0x01, 0x02, 0x04, 0x08, 0x10, 0x20, 0x40, 0x80, 0x00, 0x81, 0x95,
  0x05, 0x0c, 0xf4, 0x2b, 0xb7, 0xe7, 0xed, 0x04, 0x08, 0x10, 0x20, 0x40,
  0x80, 0x00, 0x01, 0x02, 0x04, 0x08, 0x10, 0x20, 0x40, 0x80, 0x00, 0x01,
  0x02, 0x04, 0x08, 0x10, 0x20, 0x40, 0x80, 0x00, 0x01, 0x02, 0x04, 0x08,
  0x10, 0x20, 0xb0, 0x8c, 0x80, 0x81, 0x7e, 0x99, 0xaa, 0x3c, 0x94, 0x00,
  0x01, 0x02, 0x04, 0x08, 0x10, 0x20, 0x40, 0x80, 0x00, 0x01, 0x02, 0x04,
  0x08, 0x10, 0x20, 0x40, 0x80, 0x00, 0x01, 0x02, 0x04, 0x08, 0x10, 0x20,
  0x40, 0x80, 0x00, 0x01, 0x02, 0x04, 0x56, 0x16, 0x30, 0xd0, 0xaf, 0xdc,
  0x9e, 0xb7, 0x13, 0x20, 0x40, 0x80, 0x00, 0x01, 0x02, 0x04, 0x08, 0x10,
  0x20, 0x40, 0x80, 0x00, 0x01, 0x02, 0x04, 0x08, 0x10, 0x20, 0x40, 0x80,
  0x00, 0x01, 0x02, 0x04, 0x08, 0x10, 0x20, 0x40, 0x80, 0xc0, 0x32, 0x02,
  0x06, 0xfa, 0x65, 0xaa, 0xf2, 0x50, 0x02, 0x04, 0x08, 0x10, 0x20, 0x40,
  0x80, 0x00, 0x01, 0x02, 0x04, 0x08, 0xee, 0x1c, 0xa3, 0x0f, 0x00, 0x00,
  0x20, 0x00, 0x49, 0x44, 0x41, 0x54, 0x10, 0x20, 0x40, 0x80, 0x00, 0x01,
  0x02, 0x04, 0x08, 0x10, 0x20, 0x40, 0x80, 0x00, 0x01, 0x02, 0x04, 0x08,
  0x10, 0x58, 0x59, 0xc0, 0x40, 0xbf, 0x72, 0x7b, 0xde, 0x4e, 0x80, 0x00,
  0x01, 0x02, 0x04, 0x08, 0x10, 0x20, 0x40, 0x80, 0x00, 0x01, 0x02, 0x04,
  0x08, 0x10, 0x20, 0x40, 0x80, 0x00, 0x01, 0x02, 0x04, 0x08, 0x10, 0x20,
  0x40, 0x80, 0x00, 0x01, 0x02, 0xcb, 0x08, 0x18, 0xe8, 0x97, 0xa9, 0xca,
  0x43, 0x09, 0x10, 0x20, 0x40, 0x80, 0x00, 0x01, 0x02, 0x04, 0x08, 0x10,
  0x20, 0x40, 0x80, 0x00, 0x01, 0x02, 0x04, 0x08, 0x10, 0x20, 0x40, 0x80,
  0x00, 0x01, 0x02, 0x04, 0x08, 0x10, 0x20, 0x40, 0x60, 0x65, 0x01, 0x03,
  0xfd, 0xca, 0xed, 0x79, 0x3b, 0x01, 0x02, 0x04, 0x08, 0x10, 0x20, 0x40,
  0x80, 0x00, 0x01, 0x02, 0x04, 0x08, 0x10, 0x20, 0x40, 0x80, 0x00, 0x01,
  0x02, 0x04, 0x08, 0x10, 0x20, 0x40, 0x80, 0x00, 0x01, 0x02, 0x04, 0x08,
  0x2c, 0x23, 0x60, 0xa0, 0x5f, 0xa6, 0x2a, 0x0f, 0x25, 0x40, 0x80, 0x00,
  0x01, 0x02, 0x04, 0x08, 0x10, 0x20, 0x40, 0x80, 0x00, 0x01, 0x02, 0x04,
  0x08, 0x10, 0x20, 0x40, 0x80, 0x00, 0x01, 0x02, 0x04, 0x08, 0x10, 0x20,
  0x40, 0x80, 0x00, 0x81, 0x95, 0x05, 0x0c, 0xf4, 0x2b, 0xb7, 0xe7, 0xed,
  0x04, 0x08, 0x10, 0x20, 0x40, 0x80, 0x00, 0x01, 0x02, 0x04, 0x08, 0x10,
  0x20, 0x40, 0x80, 0x00, 0x01, 0x02, 0x04, 0x08, 0x10, 0x20, 0x40, 0x80,
  0x00, 0x01, 0x02, 0x04, 0x08, 0x10, 0x20, 0xb0, 0x8c, 0x80, 0x81, 0x7e,
  0x99, 0xaa, 0x3c, 0x94, 0x00, 0x01, 0x02, 0x04, 0x08, 0x10, 0x20, 0x40,
  0x80, 0x00, 0x01, 0x02, 0x04, 0x08, 0x10, 0x20, 0x40, 0x80, 0x00, 0x01,
  0x02, 0x04, 0x08, 0x10, 0x20, 0x40, 0x80, 0x00, 0x01, 0x02, 0x04, 0x56,
  0x16, 0x30, 0xd0, 0xaf, 0xdc, 0x9e, 0xb7, 0x13, 0x20, 0x40, 0x80, 0x00,
  0x01, 0x02, 0x04, 0x08, 0x10, 0x20, 0x40, 0x80, 0x00, 0x01, 0x02, 0x04,
  0x08, 0x10, 0x20, 0x40, 0x80, 0x00, 0x01, 0x02, 0x04, 0x08, 0x10, 0x20,
  0x40, 0x80, 0xc0, 0x32, 0x02, 0x06, 0xfa, 0x65, 0xaa, 0xf2, 0x50, 0x02,
  0x04, 0x08, 0x10, 0x20, 0x40, 0x80, 0x00, 0x01, 0x02, 0x04, 0x08, 0x10,
  0x20, 0x40, 0x80, 0x00, 0x01, 0x02, 0x04, 0x08, 0x10, 0x20, 0x40, 0x80,
  0x00, 0x01, 0x02, 0x04, 0x08, 0x10, 0x58, 0x59, 0xe0, 0x68, 0xe5, 0xc7,
  0x7b, 0x3b, 0x01, 0x02, 0x04, 0x08, 0x10, 0x20, 0xf0, 0xcb, 0x02, 0x2f,
  0x5f, 0xbd, 0x46, 0x44, 0x60, 0x5c, 0xe0, 0xc3, 0x27, 0x1f, 0x8f, 0x67,
  0x0a, 0x24, 0x40, 0x80, 0x40, 0xa3, 0x80, 0x7f, 0xce, 0x37, 0xb6, 0xee,
  0x66, 0x02, 0x04, 0x08, 0x10, 0x20, 0x40, 0x80, 0x00, 0x01, 0x02, 0x04,
  0x08, 0x10, 0x58, 0x5d, 0xc0, 0x6f, 0xd0, 0xaf, 0xde, 0xa0, 0xf7, 0x13,
  0x20, 0x40, 0x80, 0x00, 0x01, 0x02, 0x04, 0x08, 0x10, 0x20, 0x40, 0x80,
  0x00, 0x01, 0x02, 0x04, 0x08, 0x10, 0x20, 0x40, 0x80, 0x00, 0x01, 0x02,
  0x04, 0x08, 0x10, 0x20, 0x40, 0x80, 0xc0, 0x12, 0x02, 0x06, 0xfa, 0x25,
  0x6a, 0xf2, 0x48, 0x02, 0x04, 0x08, 0x10, 0x20, 0x40, 0x80, 0x00, 0x01,
  0x02, 0x04, 0x08, 0x10, 0x20, 0x40, 0x80, 0x00, 0x01, 0x02, 0x04, 0x08,
  0x10, 0x20, 0x40, 0x80, 0x00, 0x01, 0x02, 0x04, 0x08, 0x10, 0x58, 0x5d,
  0xc0, 0x40, 0xbf, 0x7a, 0x83, 0xde, 0x4f, 0x80, 0x00, 0x01, 0x02, 0x04,
  0x08, 0x10, 0x20, 0x40, 0x80, 0x00, 0x01, 0x02, 0x04, 0x08, 0x10, 0x20,
  0x40, 0x80, 0x00, 0x01, 0x02, 0x04, 0x08, 0x10, 0x20, 0x40, 0x80, 0x00,
  0x01, 0x02, 0x4b, 0x08, 0x18, 0xe8, 0x97, 0xa8, 0xc9, 0x23, 0x09, 0x10,
  0x20, 0x40, 0x80, 0x00, 0x01, 0x02, 0x04, 0x08, 0x10, 0x20, 0x40, 0x80,
  0x00, 0x01, 0x02, 0x04, 0x08, 0x10, 0x20, 0x40, 0x80, 0x00, 0x01, 0x02,
  0x04, 0x08, 0x10, 0x20, 0x40, 0x60, 0x75, 0x01, 0x03, 0xfd, 0xea, 0x0d,
  0x7a, 0x3f, 0x01, 0x02, 0x04, 0x08, 0x10, 0x20, 0x40, 0x80, 0x00, 0x01,
  0x02, 0x04, 0x08, 0x10, 0x20, 0x40, 0x80, 0x00, 0x01, 0x02, 0x04, 0x08,
  0x10, 0x20, 0x40, 0x80, 0x00, 0x01, 0x02, 0x04, 0x08, 0x2c, 0x21, 0x60,
  0xa0, 0x5f, 0xa2, 0x26, 0x8f, 0x24, 0x40, 0x80, 0x00, 0x01, 0x02, 0x04,
  0x08, 0x10, 0x20, 0x40, 0x80, 0x00, 0x01, 0x02, 0x04, 0x08, 0x10, 0x20,
  0x40, 0x80, 0x00, 0x01, 0x02, 0x04, 0x08, 0x10, 0x20, 0x40, 0x80, 0x00,
  0x81, 0xd5, 0x05, 0x0c, 0xf4, 0xab, 0x37, 0xe8, 0xfd, 0x04, 0x08, 0x10,
  0x20, 0x40, 0x80, 0x00, 0x01, 0x02, 0x04, 0x08, 0x10, 0x20, 0x40, 0x80,
  0x00, 0x01, 0x02, 0x04, 0x08, 0x10, 0x20, 0x40, 0x80, 0x00, 0x01, 0x02,
  0x04, 0x08, 0x10, 0x20, 0xb0, 0x84, 0x80, 0x81, 0x7e, 0x89, 0x9a, 0x3c,
  0x92, 0x00, 0x01, 0x02, 0x04, 0x08, 0x10, 0x20, 0x40, 0x80, 0x00, 0x01,
  0x02, 0x04, 0x08, 0x10, 0x20, 0x40, 0x80, 0x00, 0x01, 0x02, 0x04, 0x08,
  0x10, 0x20, 0x40, 0x80, 0x00, 0x01, 0x02, 0x04, 0x56, 0x17, 0x30, 0xd0,
  0xaf, 0xde, 0xa0, 0xf7, 0x13, 0x20, 0x40, 0x80, 0x00, 0x01, 0x02, 0x04,
  0x08, 0x10, 0x20, 0x40, 0x80, 0x00, 0x01, 0x02, 0x04, 0x08, 0x10, 0x20,
  0x40, 0x80, 0x00, 0x01, 0x02, 0x04, 0x08, 0x10, 0x20, 0x40, 0x80, 0xc0,
  0x12, 0x02, 0x06, 0xfa, 0x25, 0x6a, 0xf2, 0x48, 0x02, 0x04, 0x08, 0x10,
  0x20, 0x40, 0x80, 0x00, 0x01, 0x02, 0x04, 0x08, 0x10, 0x20, 0x40, 0x80,
  0x00, 0x01, 0x02, 0x04, 0x08, 0x10, 0x20, 0x40, 0x80, 0x00, 0x01, 0x02,
  0x04, 0x08, 0x10, 0x58, 0x5d, 0xc0, 0x40, 0xbf, 0x7a, 0x83, 0xde, 0x4f,
  0x80, 0x00, 0x01, 0x02, 0x04, 0x08, 0x10, 0x20, 0x40, 0x80, 0x00, 0x01,
  0x02, 0x04, 0x08, 0x10, 0x20, 0x40, 0x80, 0x00, 0x01, 0x02, 0x04, 0x08,
  0x10, 0x20, 0x40, 0x80, 0x00, 0x01, 0x02, 0x4b, 0x08, 0x18, 0xe8, 0x97,
  0xa8, 0xc9, 0x23, 0x09, 0x10, 0x20, 0x40, 0x80, 0x00, 0x01, 0x02, 0x04,
  0x08, 0x10, 0x20, 0x40, 0x80, 0x00, 0x01, 0x02, 0x04, 0x08, 0x10, 0x20,
  0x40, 0x80, 0x00, 0x01, 0x02, 0x04, 0x08, 0x10, 0x20, 0x40, 0x60, 0x75,
  0x01, 0x03, 0xfd, 0xea, 0x0d, 0x7a, 0x3f, 0x01, 0x02, 0x04, 0x08, 0x10,
  0x20, 0x40, 0x80, 0x00, 0x01, 0x02, 0x04, 0x08, 0x10, 0x20, 0x40, 0x80,
  0x00, 0x01, 0x02, 0x04, 0x08, 0x10, 0x20, 0x40, 0x80, 0x00, 0x01, 0x02,
  0x04, 0x08, 0x2c, 0x21, 0x60, 0xa0, 0x5f, 0xa2, 0x26, 0x8f, 0x24, 0x40,
  0x80, 0x00, 0x01, 0x02, 0x04, 0x08, 0x10, 0x20, 0x40, 0x80, 0x00, 0x01,
  0x02, 0x04, 0x08, 0x10, 0x20, 0x40, 0x80, 0x00, 0x01, 0x02, 0x04, 0x08,
  0x10, 0x20, 0x40, 0x80, 0x00, 0x81, 0xd5, 0x05, 0x0c, 0xf4, 0xab, 0x37,
  0xe8, 0xfd, 0x04, 0x08, 0x10, 0x20, 0x40, 0x80, 0x00, 0x01, 0x02, 0x04,
  0x08, 0x10, 0x20, 0x40, 0x80, 0x00, 0x01, 0x02, 0x04, 0x08, 0x10, 0x20,
  0x40, 0x80, 0x00, 0x01, 0x02, 0x04, 0x08, 0x10, 0x20, 0xb0, 0x84, 0x80,
  0x81, 0x7e, 0x89, 0x9a, 0x3c, 0x92, 0x00, 0x01, 0x02, 0x04, 0x08, 0x10,
  0x20, 0x40, 0x80, 0x00, 0x01, 0x02, 0x04, 0x08, 0x10, 0x20, 0x40, 0x80,
  0x00, 0x01, 0x02, 0x04, 0x08, 0x10, 0x20, 0x40, 0x80, 0x00, 0x01, 0x02,
  0x04, 0x56, 0x17, 0x30, 0xd0, 0xaf, 0xde, 0xa0, 0xf7, 0x13, 0x20, 0x40,
  0x80, 0x00, 0x01, 0x02, 0x04, 0x08, 0x10, 0x20, 0x40, 0x80, 0x00, 0x01,
  0x02, 0x04, 0x08, 0x10, 0x20, 0x40, 0x80, 0x00, 0x01, 0x02, 0x04, 0x08,
  0x10, 0x20, 0x40, 0x80, 0xc0, 0x12, 0x02, 0x06, 0xfa, 0x25, 0x6a, 0xf2,
  0x48, 0x02, 0x04, 0x08, 0x10, 0x20, 0x40, 0x80, 0x00, 0x01, 0x02, 0x04,
  0x08, 0x10, 0x20, 0x40, 0x80, 0x00, 0x01, 0x02, 0x04, 0x08, 0x10, 0x20,
  0x40, 0x80, 0x00, 0x01, 0x02, 0x04, 0x08, 0x10, 0x58, 0x5d, 0xc0, 0x40,
  0xbf, 0x7a, 0x83, 0xde, 0x4f, 0x80, 0x00, 0x01, 0x02, 0x04, 0x08, 0x10,
  0x20, 0x40, 0x80, 0x00, 0x01, 0x02, 0x04, 0x08, 0x10, 0x20, 0x40, 0x80,
  0x00, 0x01, 0x02, 0x04, 0x08, 0x10, 0x20, 0x40, 0x80, 0x00, 0x01, 0x02,
  0x4b, 0x08, 0x18, 0xe8, 0x97, 0xa8, 0xc9, 0x23, 0x09, 0x10, 0x20, 0x40,
  0x80, 0x00, 0x01, 0x02, 0x04, 0x08, 0x10, 0x20, 0x40, 0x80, 0x00, 0x01,
  0x02, 0x04, 0x08, 0x10, 0x20, 0x40, 0x80, 0x00, 0x01, 0x02, 0x04, 0x08,
  0x10, 0x20, 0x40, 0x60, 0x75, 0x01, 0x03, 0xfd, 0xea, 0x0d, 0x7a, 0x3f,
  0x01, 0x02, 0x04, 0x08, 0x10, 0x20, 0x40, 0x80, 0x00, 0x01, 0x02, 0x04,
  0x08, 0x10, 0x20, 0x40, 0x80, 0x00, 0x01, 0x02, 0x04, 0x08, 0x10, 0x20,
  0x40, 0x80, 0x00, 0x01, 0x02, 0x04, 0x08, 0x2c, 0x21, 0x60, 0xa0, 0x5f,
  0xa2, 0x26, 0x8f, 0x24, 0x40, 0x80, 0x00, 0x01, 0x02, 0x04, 0x08, 0x10,
  0x20, 0x40, 0x80, 0x00, 0x01, 0x02, 0x04, 0x08, 0x10, 0x20, 0x40, 0x80,
  0x00, 0x01, 0x02, 0x04, 0x08, 0x10, 0x20, 0x40, 0x80, 0x00, 0x81, 0xd5,
  0x05, 0x0c, 0xf4, 0xab, 0x37, 0xe8, 0xfd, 0x04, 0x08, 0x10, 0x20, 0x40,
  0x80, 0x00, 0x01, 0x02, 0x04, 0x08, 0x10, 0x20, 0x40, 0x80, 0x00, 0x01,
  0x02, 0x04, 0x08, 0x10, 0x20, 0x40, 0x80, 0x00, 0x01, 0x02, 0x04, 0x08,
  0x10, 0x20, 0xb0, 0x84, 0x80, 0x81, 0x7e, 0x89, 0x9a, 0x3c, 0x92, 0x00,
  0x01, 0x02, 0x04, 0x08, 0x10, 0x20, 0x40, 0x80, 0x00, 0x01, 0x02, 0x04,
  0x08, 0x10, 0x20, 0x40, 0x80, 0x00, 0x01, 0x02, 0x04, 0x08, 0x10, 0x20,
  0x40, 0x80, 0x00, 0x01, 0x02, 0x04, 0x56, 0x17, 0x30, 0xd0, 0xaf, 0xde,
  0xa0, 0xf7, 0x13, 0x20, 0x40, 0x80, 0x00, 0x01, 0x02, 0x04, 0x08, 0x10,
  0x20, 0x40, 0x80, 0x00, 0x01, 0x02, 0x04, 0x08, 0x10, 0x20, 0x40, 0x80,
  0x00, 0x01, 0x02, 0x04, 0x08, 0x10, 0x20, 0x40, 0x80, 0xc0, 0x12, 0x02,
  0x06, 0xfa, 0x25, 0x6a, 0xf2, 0x48, 0x02, 0x04, 0x08, 0x10, 0x20, 0x40,
  0x80, 0x00, 0x01, 0x02, 0x04, 0x08, 0x10, 0x20, 0x40, 0x80, 0x00, 0x01,
  0x02, 0x04, 0x08, 0x10, 0x20, 0x40, 0x80, 0x00, 0x01, 0x02, 0x04, 0x08,
  0x10, 0x58, 0x5d, 0xc0, 0x40, 0xbf, 0x7a, 0x83, 0xde, 0x4f, 0x80, 0x00,
  0x01, 0x02, 0x04, 0x08, 0x10, 0x20, 0x40, 0x80, 0x00, 0x01, 0x02, 0x04,
  0x08, 0x10, 0x20, 0x40, 0x80, 0x00, 0x01, 0x02, 0x04, 0x08, 0x10, 0x20,
  0x40, 0x80, 0x00, 0x01, 0x02, 0x4b, 0x08, 0x18, 0xe8, 0x97, 0xa8, 0xc9,
  0x23, 0x09, 0x10, 0x20, 0x40, 0x80, 0x00, 0x01, 0x02, 0x04, 0x08, 0x10,
  0x20, 0x40, 0x80, 0x00, 0x01, 0x02, 0x04, 0x08, 0x10, 0x20, 0x40, 0x80,
  0x00, 0x01, 0x02, 0x04, 0x08, 0x10, 0x20, 0x40, 0x60, 0x75, 0x01, 0x03,
  0xfd, 0xea, 0x0d, 0x7a, 0x3f, 0x01, 0x02, 0x04, 0x08, 0x10, 0x20, 0x40,
  0x80, 0x00, 0x01, 0x02, 0x04, 0x08, 0x10, 0x20, 0x40, 0x80, 0x00, 0x01,
  0x02, 0x04, 0x08, 0x10, 0x20, 0x40, 0x80, 0x00, 0x01, 0x02, 0x04, 0x08,
  0x2c, 0x21, 0x60, 0xa0, 0x5f, 0xa2, 0x26, 0x8f, 0x24, 0x40, 0x80, 0x00,
  0x01, 0x02, 0x04, 0x08, 0x10, 0x20, 0x40, 0x80, 0x00, 0x01, 0x02, 0x04,
  0x08, 0x10, 0x20, 0x40, 0x80, 0x00, 0x01, 0x02, 0x04, 0x08, 0x10, 0x20,
  0x40, 0x80, 0x00, 0x81, 0xd5, 0x05, 0x0c, 0xf4, 0xab, 0x37, 0xe8, 0xfd,
  0x04, 0x08, 0x10, 0x20, 0x40, 0x80, 0x00, 0x01, 0x02, 0x04, 0x08, 0x10,
  0x20, 0x40, 0x80, 0x00, 0x01, 0x02, 0x04, 0x08, 0x10, 0x20, 0x40, 0x80,
  0x00, 0x01, 0x02, 0x04, 0x08, 0x10, 0x20, 0xb0, 0x84, 0xc0, 0xd1, 0x12,
  0xaf, 0xf4, 0x48, 0x02, 0x04, 0x08, 0x10, 0x20, 0x40, 0x80, 0x00, 0x01,
  0x02, 0x04, 0x08, 0x10, 0x20, 0xf0, 0x33, 0x02, 0x2f, 0x5f, 0xbd, 0xe6,
  0x42, 0x80, 0x40, 0x91, 0xc0, 0xc5, 0xf5, 0x4d, 0xf4, 0xda, 0xb3, 0xd3,
  0xe3, 0x68, 0xbe, 0x70, 0x02, 0xd3, 0x02, 0xe9, 0xbf, 0xe7, 0xa6, 0xef,
  0x95, 0x47, 0xe0, 0xad, 0xc0, 0x5f, 0xff, 0xf2, 0xb7, 0x28, 0xc4, 0x1f,
  0xff, 0xf4, 0x87, 0x68, 0xbe, 0xf0, 0x8c, 0xc0, 0xf3, 0xcf, 0x3f, 0xcd,
  0x04, 0xff, 0x23, 0xf5, 0xf9, 0x67, 0x5f, 0x44, 0xf3, 0x85, 0x13, 0x68,
  0x13, 0xf0, 0x1b, 0xf4, 0x6d, 0x8d, 0xbb, 0x97, 0x00, 0x01, 0x02, 0x04,
  0x08, 0x10, 0x20, 0x40, 0x80, 0x00, 0x01, 0x02, 0x04, 0x08, 0x10, 0x20,
  0x40, 0x80, 0x00, 0x01, 0x02, 0x04, 0x08, 0x10, 0x20, 0x40, 0x80, 0x00,
  0x01, 0x02, 0x04, 0x22, 0x02, 0x06, 0xfa, 0x08, 0xbb, 0x50, 0x02, 0x04,
  0x08, 0x10, 0x20, 0x40, 0x80, 0x00, 0x01, 0x02, 0x04, 0x08, 0x10, 0x20,
  0x40, 0x80, 0x00, 0x01, 0x02, 0x04, 0x08, 0x10, 0x20, 0x40, 0x80, 0x00,
  0x01, 0x02, 0x04, 0x08, 0x10, 0x68, 0x13, 0x30, 0xd0, 0xb7, 0x35, 0xee,
  0x5e, 0x02, 0x04, 0x08, 0x10, 0x20, 0x40, 0x80, 0x00, 0x01, 0x02, 0x04,
  0x08, 0x10, 0x20, 0x40, 0x80, 0x00, 0x01, 0x02, 0x04, 0x08, 0x10, 0x20,
  0x40, 0x80, 0x00, 0x01, 0x02, 0x04, 0x08, 0x10, 0x88, 0x08, 0x18, 0xe8,
  0x23, 0xec, 0x42, 0x09, 0x10, 0x20, 0x40, 0x80, 0x00, 0x01, 0x02, 0x04,
  0x08, 0x10, 0x20, 0x40, 0x80, 0x00, 0x01, 0x02, 0x04, 0x08, 0x10, 0x20,
  0x40, 0x80, 0x00, 0x01, 0x02, 0x04, 0x08, 0x10, 0x20, 0x40, 0xa0, 0x4d,
  0xc0, 0x40, 0xdf, 0xd6, 0xb8, 0x7b, 0x09, 0x10, 0x20, 0x40, 0x80, 0x00,
  0x01, 0x02, 0x04, 0x08, 0x10, 0x20, 0x40, 0x80, 0x00, 0x01, 0x02, 0x04,
  0x08, 0x10, 0x20, 0x40, 0x80, 0x00, 0x01, 0x02, 0x04, 0x08, 0x10, 0x20,
  0x40, 0x20, 0x22, 0x60, 0xa0, 0x8f, 0xb0, 0x0b, 0x25, 0x40, 0x80, 0x00,
  0x01, 0x02, 0x04, 0x08, 0x10, 0x20, 0x40, 0x80, 0x00, 0x01, 0x02, 0x04,
  0x08, 0x10, 0x20, 0x40, 0x80, 0x00, 0x01, 0x02, 0x04, 0x08, 0x10, 0x20,
  0x40, 0x80, 0x00, 0x81, 0x36, 0x01, 0x03, 0x7d, 0x5b, 0xe3, 0xee, 0x25,
  0x40, 0x80, 0x00, 0x01, 0x02, 0x04, 0x08, 0x10, 0x20, 0x40, 0x80, 0x00,
  0x01, 0x02, 0x04, 0x08, 0x10, 0x20, 0x40, 0x80, 0x00, 0x01, 0x02, 0x04,
  0x08, 0x10, 0x20, 0x40, 0x80, 0x00, 0x81, 0x88, 0x80, 0x81, 0x3e, 0xc2,
  0x2e, 0x94, 0x00, 0x01, 0x02, 0x04, 0x08, 0x10, 0x20, 0x40, 0x80, 0x00,
  0x01, 0x02, 0x04, 0x08, 0x10, 0x20, 0x40, 0x80, 0x00, 0x01, 0x02, 0x04,
  0x08, 0x10, 0x20, 0x40, 0x80, 0x00, 0x01, 0x02, 0x04, 0xda, 0x04, 0x0c,
  0xf4, 0x6d, 0x8d, 0xbb, 0x97, 0x00, 0x01, 0x02, 0x04, 0x08, 0x10, 0x20,
  0x40, 0x80, 0x00, 0x01, 0x02, 0x04, 0x08, 0x10, 0x20, 0x40, 0x80, 0x00,
  0x01, 0x02, 0x04, 0x08, 0x10, 0x20, 0x40, 0x80, 0x00, 0x01, 0x02, 0x04,
  0x22, 0x02, 0x06, 0xfa, 0x08, 0xbb, 0x50, 0x02, 0x04, 0x08, 0x10, 0x20,
  0x40, 0x80, 0x00, 0x01, 0x02, 0x04, 0x08, 0x10, 0x20, 0x40, 0x80, 0x00,
  0x01, 0x02, 0x04, 0x08, 0x10, 0x20, 0x40, 0x80, 0x00, 0x01, 0x02, 0x04,
  0x08, 0x10, 0x68, 0x13, 0x30, 0xd0, 0xb7, 0x35, 0xee, 0x5e, 0x02, 0x04,
  0x08, 0x10, 0x20, 0x40, 0x80, 0x00, 0x01, 0x02, 0x04, 0x08, 0x10, 0x20,
  0x40, 0x80, 0x00, 0x01, 0x02, 0x04, 0x08, 0x10, 0x20, 0x40, 0x80, 0x00,
  0x01, 0x02, 0x04, 0x08, 0x10, 0x88, 0x08, 0x18, 0xe8, 0x23, 0xec, 0x42,
  0x09, 0x10, 0x20, 0x40, 0x80, 0x00, 0x01, 0x02, 0x04, 0x08, 0x10, 0x20,
  0x40, 0x80, 0x00, 0x01, 0x02, 0x04, 0x08, 0x10, 0x20, 0x40, 0x80, 0x00,
  0x01, 0x02, 0x04, 0x08, 0x10, 0x20, 0x40, 0xa0, 0x4d, 0xc0, 0x40, 0xdf,
  0xd6, 0xb8, 0x7b, 0x09, 0x10, 0x20, 0x40, 0x80, 0x00, 0x01, 0x02, 0x04,
  0x08, 0x10, 0x20, 0x40, 0x80, 0x00, 0x01, 0x02, 0x04, 0x08, 0x10, 0x20,
  0x40, 0x80, 0x00, 0x01, 0x02, 0x04, 0x08, 0x10, 0x20, 0x40, 0x20, 0x22,
  0x60, 0xa0, 0x8f, 0xb0, 0x0b, 0x25, 0x40, 0x80, 0x00, 0x01, 0x02, 0x04,
  0x08, 0x10, 0x20, 0x40, 0x80, 0x00, 0x01, 0x02, 0x04, 0x08, 0x10, 0x20,
  0x40, 0x80, 0x00, 0x01, 0x02, 0x04, 0x08, 0x10, 0x20, 0x40, 0x80, 0x00,
  0x81, 0x36, 0x01, 0x03, 0x7d, 0x5b, 0xe3, 0xee, 0x25, 0x40, 0x80, 0x00,
  0x01, 0x02, 0x04, 0x08, 0x10, 0x20, 0x40, 0x80, 0x00, 0x01, 0x02, 0x04,
  0x08, 0x10, 0x20, 0x40, 0x80, 0x00, 0x01, 0x02, 0x04, 0x08, 0x10, 0x20,
  0x40, 0x80, 0x00, 0x81, 0x88, 0x80, 0x81, 0x3e, 0xc2, 0x2e, 0x94, 0x00,
  0x01, 0x02, 0x04, 0x08, 0x10, 0x20, 0x40, 0x80, 0x00, 0x01, 0x02, 0x04,
  0x08, 0x10, 0x20, 0x40, 0x80, 0x00, 0x01, 0x02, 0x04, 0x08, 0x10, 0x20,
  0x40, 0x80, 0x00, 0x01, 0x02, 0x04, 0xda, 0x04, 0x0c, 0xf4, 0x6d, 0x8d,
  0xbb, 0x97, 0x00, 0x01, 0x02, 0x04, 0x08, 0x10, 0x20, 0x40, 0x80, 0x00,
  0x01, 0x02, 0x04, 0x08, 0x10, 0x20, 0x40, 0x80, 0x00, 0x01, 0x02, 0x04,
  0x08, 0x10, 0x20, 0x40, 0x80, 0x00, 0x01, 0x02, 0x04, 0x22, 0x02, 0x06,
  0xfa, 0x08, 0xbb, 0x50, 0x02, 0x04, 0x08, 0x10, 0x20, 0x40, 0x80, 0x00,
  0x01, 0x02, 0x04, 0x08, 0x10, 0x20, 0x40, 0x80, 0x00, 0x01, 0x02, 0x04,
  0x08, 0x10, 0x20, 0x40, 0x80, 0x00, 0x01, 0x02, 0x04, 0x08, 0x10, 0x68,
  0x13, 0x30, 0xd0, 0xb7, 0x35, 0xee, 0x5e, 0x02, 0x04, 0x08, 0x10, 0x20,
  0x40, 0x80, 0x00, 0x01, 0x02, 0x04, 0x08, 0x10, 0x20, 0x40, 0x80, 0x00,
  0x01, 0x02, 0x04, 0x08, 0x10, 0x20, 0x40, 0x80, 0x00, 0x01, 0x02, 0x04,
  0x08, 0x10, 0x88, 0x08, 0x18, 0xe8, 0x23, 0xec, 0x42, 0x09, 0x10, 0x20,
  0x40, 0x80, 0x00, 0x01, 0x02, 0x04, 0x08, 0x10, 0x20, 0x40, 0x80, 0x00,
  0x01, 0x02, 0x04, 0x08, 0x10, 0x20, 0x40, 0x80, 0x00, 0x01, 0x02, 0x04,
  0x08, 0x10, 0x20, 0x40, 0xa0, 0x4d, 0xc0, 0x40, 0xdf, 0xd6, 0xb8, 0x7b,
  0x09, 0x10, 0x20, 0x40, 0x80, 0x00, 0x01, 0x02, 0x04, 0x08, 0x10, 0x20,
  0x40, 0x80, 0x00, 0x01, 0x02, 0x04, 0x08, 0x10, 0x20, 0x40, 0x80, 0x00,
  0x01, 0x02, 0x04, 0x08, 0x10, 0x20, 0x40, 0x20, 0x22, 0x60, 0xa0, 0x8f,
  0xb0, 0x0b, 0x25, 0x40, 0x80, 0x00, 0x01, 0x02, 0x04, 0x08, 0x10, 0x20,
  0x40, 0x80, 0x00, 0x01, 0x02, 0x04, 0x08, 0x10, 0x20, 0x40, 0x80, 0x00,
  0x01, 0x02, 0x04, 0x08, 0x10, 0x20, 0x40, 0x80, 0x00, 0x81, 0x36, 0x01,
  0x03, 0x7d, 0x5b, 0xe3, 0xee, 0x25, 0x40, 0x80, 0x00, 0x01, 0x02, 0x04,
  0x08, 0x10, 0x20, 0x40, 0x80, 0x00, 0x01, 0x02, 0x04, 0x08, 0x10, 0x20,
  0x40, 0x80, 0x00, 0x01, 0x02, 0x04, 0x08, 0x10, 0x20, 0x40, 0x80, 0x00,
  0x81, 0x88, 0x80, 0x81, 0x3e, 0xc2, 0x2e, 0x94, 0x00, 0x01, 0x02, 0x04,
  0x08, 0x10, 0x20, 0x40, 0x80, 0x00, 0x01, 0x02, 0x04, 0x08, 0x10, 0x20,
  0x40, 0x80, 0x00, 0x01, 0x02, 0x04, 0x08, 0x10, 0x20, 0x40, 0x80, 0x00,
  0x01, 0x02, 0x04, 0xda, 0x04, 0x0c, 0xf4, 0x6d, 0x8d, 0xbb, 0x97, 0x00,
  0x01, 0x02, 0x04, 0x08, 0x10, 0x20, 0x40, 0x80, 0x00, 0x01, 0x02, 0x04,
  0x08, 0x10, 0x20, 0x40, 0x80, 0x00, 0x01, 0x02, 0x04, 0x08, 0x10, 0x20,
  0x40, 0x80, 0x00, 0x01, 0x02, 0x04, 0x22, 0x02, 0x06, 0xfa, 0x08, 0xbb,
  0x50, 0x02, 0x04, 0x08, 0x10, 0x20, 0x40, 0x80, 0x00, 0x01, 0x02, 0x04,
  0x08, 0x10, 0x20, 0x40, 0x80, 0x00, 0x01, 0x02, 0x04, 0x08, 0x10, 0x20,
  0x40, 0x80, 0x00, 0x01, 0x02, 0x04, 0x08, 0x10, 0x68, 0x13, 0x30, 0xd0,
  0xb7, 0x35, 0xee, 0x5e, 0x02, 0x04, 0x08, 0x10, 0x20, 0x40, 0x80, 0x00,
  0x01, 0x02, 0x04, 0x08, 0x10, 0x20, 0x40, 0x80, 0x00, 0x01, 0x02, 0x04,
  0x08, 0x10, 0x20, 0x40, 0x80, 0x00, 0x01, 0x02, 0x04, 0x08, 0x10, 0x88,
  0x08, 0x18, 0xe8, 0x23, 0xec, 0x42, 0x09, 0x10, 0x20, 0x40, 0x80, 0x00,
  0x01, 0x02, 0x04, 0x08, 0x10, 0x20, 0x40, 0x80, 0x00, 0x01, 0x02, 0x04,
  0x08, 0x10, 0x20, 0x40, 0x80, 0x00, 0x01, 0x02, 0x04, 0x08, 0x10, 0x20,
  0x40, 0xa0, 0x4d, 0xc0, 0x40, 0xdf, 0xd6, 0xb8, 0x7b, 0x09, 0x10, 0x20,
  0x40, 0x80, 0x00, 0x01, 0x02, 0x04, 0x08, 0x10, 0x20, 0x40, 0x80, 0x00,
  0x01, 0x02, 0x04, 0x08, 0x10, 0x20, 0x40, 0x80, 0x00, 0x01, 0x02, 0x04,
  0x08, 0x10, 0x20, 0x40, 0x20, 0x22, 0x60, 0xa0, 0x8f, 0xb0, 0x0b, 0x25,
  0x40, 0x80, 0x00, 0x01, 0x02, 0x04, 0x08, 0x10, 0x20, 0x40, 0x80, 0x00,
  0x01, 0x02, 0x04, 0x08, 0x10, 0x20, 0x40, 0x80, 0x00, 0x01, 0x02, 0x04,
  0x08, 0x10, 0x20, 0x40, 0x80, 0x00, 0x81, 0x36, 0x81, 0xa3, 0xb6, 0x83,
  0xdd, 0x4b, 0x80, 0x00, 0x01, 0x02, 0x04, 0x08, 0x10, 0x20, 0x40, 0x80,
  0xc0, 0x61, 0x04, 0xbe, 0xbf, 0xb9, 0x39, 0xcc, 0x0f, 0xf6, 0x53, 0x09,
  0x10, 0x20, 0x40, 0x80, 0x00, 0x01, 0x02, 0x04, 0x08, 0x10, 0x20, 0x40,
  0x80, 0x00, 0x01, 0x02, 0x04, 0x08, 0xec, 0x44, 0xc0, 0x40, 0xbf, 0x93,
  0x22, 0x9d, 0x41, 0x80, 0x00, 0x01, 0x02, 0xdb, 0x15, 0xb8, 0xb8, 0xee,
  0x1d, 0xac, 0xce, 0x4e, 0x8f, 0xb7, 0x5b, 0xcc, 0x81, 0x5f, 0xd6, 0xdc,
  0xfb, 0x47, 0x2f, 0x5e, 0x1c, 0x58, 0x77, 0xdb, 0x3f, 0xfe, 0xe4, 0xe4,
  0x64, 0xdb, 0x0f, 0xf4, 0x3a, 0x02, 0x04, 0x08, 0xec, 0x40, 0xa0, 0xf9,
  0x9f, 0xb3, 0x3b, 0xa8, 0x6f, 0xe9, 0x13, 0x7c, 0x7b, 0x4b, 0xd7, 0xe7,
  0xf1, 0x04, 0x08, 0x10, 0xf8, 0x8f, 0x04, 0xfe, 0xf8, 0xa7, 0x3f, 0xfc,
  0x47, 0x7f, 0xdd, 0xa1, 0xfe, 0xa2, 0xbf, 0xfe, 0xe5, 0x6f, 0x87, 0xfa,
  0xd1, 0xff, 0xf6, 0xe7, 0xa6, 0x6f, 0xff, 0xb7, 0x0f, 0xf4, 0x17, 0x10,
  0x20, 0x40, 0x60, 0x27, 0x02, 0xfe, 0x2f, 0xee, 0x77, 0x52, 0xa4, 0x33,
  0x08, 0x10, 0x20, 0x40, 0x80, 0x00, 0x01, 0x02, 0x04, 0x08, 0x10, 0x20,
  0x40, 0x80, 0x00, 0x01, 0x02, 0x04, 0x08, 0x10, 0x20, 0x40, 0x80, 0x00,
  0x01, 0x02, 0x04, 0x08, 0x10, 0x20, 0x40, 0x60, 0xdb, 0x02, 0x06, 0xfa,
  0x6d, 0xf7, 0xe3, 0x75, 0x04, 0x08, 0x10, 0x20, 0x40, 0x80, 0x00, 0x01,
  0x02, 0x04, 0x08, 0x10, 0x20, 0x40, 0x80, 0x00, 0x01, 0x02, 0x04, 0x08,
  0x10, 0x20, 0x40, 0x80, 0x00, 0x01, 0x02, 0x04, 0x08, 0x10, 0x20, 0xb0,
  0x13, 0x01, 0x03, 0xfd, 0x4e, 0x8a, 0x74, 0x06, 0x01, 0x02, 0x04, 0x08,
  0x10, 0x20, 0x40, 0x80, 0x00, 0x01, 0x02, 0x04, 0x08, 0x10, 0x20, 0x40,
  0x80, 0x00, 0x01, 0x02, 0x04, 0x08, 0x10, 0x20, 0x40, 0x80, 0x00, 0x01,
  0x02, 0x04, 0x08, 0x6c, 0x5b, 0xc0, 0x40, 0xbf, 0xed, 0x7e, 0xbc, 0x8e,
  0x00, 0x01, 0x02, 0x04, 0x08, 0x10, 0x20, 0x40, 0x80, 0x00, 0x01, 0x02,
  0x04, 0x08, 0x10, 0x20, 0x40, 0x80, 0x00, 0x01, 0x02, 0x04, 0x08, 0x10,
  0x20, 0x40, 0x80, 0x00, 0x01, 0x02, 0x04, 0x76, 0x22, 0x60, 0xa0, 0xdf,
  0x49, 0x91, 0xce, 0x20, 0x40, 0x80, 0x00, 0x01, 0x02, 0x04, 0x08, 0x10,
  0x20, 0x40, 0x80, 0x00, 0x01, 0x02, 0x04, 0x08, 0x10, 0x20, 0x40, 0x80,
  0x00, 0x01, 0x02, 0x04, 0x08, 0x10, 0x20, 0x40, 0x80, 0x00, 0x81, 0x6d,
  0x0b, 0x18, 0xe8, 0xb7, 0xdd, 0x8f, 0xd7, 0x11, 0x20, 0x40, 0x80, 0x00,
  0x01, 0x02, 0x04, 0x08, 0x10, 0x20, 0x40, 0x80, 0x00, 0x01, 0x02, 0x04,
  0x08, 0x10, 0x20, 0x40, 0x80, 0x00, 0x01, 0x02, 0x04, 0x08, 0x10, 0x20,
  0x40, 0x80, 0xc0, 0x4e, 0x04, 0x0c, 0xf4, 0x3b, 0x29, 0xd2, 0x19, 0x04,
  0x08, 0x10, 0x20, 0x40, 0x80, 0x00, 0x01, 0x02, 0x04, 0x08, 0x10, 0x20,
  0x40, 0x80, 0x00, 0x01, 0x02, 0x04, 0x08, 0x10, 0x20, 0x40, 0x80, 0x00,
  0x01, 0x02, 0x04, 0x08, 0x10, 0x20, 0xb0, 0x6d, 0x01, 0x03, 0xfd, 0xb6,
  0xfb, 0xf1, 0x3a, 0x02, 0x04, 0x08, 0x10, 0x20, 0x40, 0x80, 0x00, 0x01,
  0x02, 0x04, 0x08, 0x10, 0x20, 0x40, 0x80, 0x00, 0x01, 0x02, 0x04, 0x08,
  0x10, 0x20, 0x40, 0x80, 0x00, 0x01, 0x02, 0x04, 0x08, 0x10, 0xd8, 0x89,
  0x80, 0x81, 0x7e, 0x27, 0x45, 0x3a, 0x83, 0x00, 0x01, 0x02, 0x04, 0x08,
  0x10, 0x20, 0x40, 0x80, 0x00, 0x01, 0x02, 0x04, 0x08, 0x10, 0x20, 0x40,
  0x80, 0x00, 0x01, 0x02, 0x04, 0x08, 0x10, 0x20, 0x40, 0x80, 0x00, 0x01,
  0x02, 0x04, 0xb6, 0x2d, 0x60, 0xa0, 0xdf, 0x76, 0x3f, 0x5e, 0x47, 0x80,
  0x00, 0x01, 0x02, 0x04, 0x08, 0x10, 0x20, 0x40, 0x80, 0x00, 0x01, 0x02,
  0x04, 0x08, 0x10, 0x20, 0x40, 0x80, 0x00, 0x01, 0x02, 0x04, 0x08, 0x10,
  0x20, 0x40, 0x80, 0x00, 0x01, 0x02, 0x3b, 0x11, 0x30, 0xd0, 0xef, 0xa4,
  0x48, 0x67, 0x10, 0x20, 0x40, 0x80, 0x00, 0x01, 0x02, 0x04, 0x08, 0x10,
  0x20, 0x40, 0x80, 0x00, 0x01, 0x02, 0x04, 0x08, 0x10, 0x20, 0x40, 0x80,
  0x00, 0x01, 0x02, 0x04, 0x08, 0x10, 0x20, 0x40, 0x80, 0xc0, 0xb6, 0x05,
  0x0c, 0xf4, 0xdb, 0xee, 0xc7, 0xeb, 0x08, 0x10, 0x20, 0x40, 0x80, 0x00,
  0x01, 0x02, 0x04, 0x08, 0x10, 0x20, 0x40, 0x80, 0x00, 0x01, 0x02, 0x04,
  0x08, 0x10, 0x20, 0x40, 0x80, 0x00, 0x01, 0x02, 0x04, 0x08, 0x10, 0x20,
  0x40, 0x60, 0x27, 0x02, 0x06, 0xfa, 0x9d, 0x14, 0xe9, 0x0c, 0x02, 0x04,
  0x08, 0x10, 0x20, 0x40, 0x80, 0x00, 0x01, 0x02, 0x04, 0x08, 0x10, 0x20,
  0x40, 0x80, 0x00, 0x01, 0x02, 0x04, 0x08, 0x10, 0x20, 0x40, 0x80, 0x00,
  0x01, 0x02, 0x04, 0x08, 0x10, 0xd8, 0xb6, 0x80, 0x81, 0x7e, 0xdb, 0xfd,
  0x78, 0x1d, 0x01, 0x02, 0x04, 0x08, 0x10, 0x20, 0x40, 0x80, 0x00, 0x01,
  0x02, 0x04, 0x08, 0x10, 0x20, 0x40, 0x80, 0x00, 0x01, 0x02, 0x04, 0x08,
  0x10, 0x20, 0x40, 0x80, 0x00, 0x01, 0x02, 0x04, 0x08, 0xec, 0x44, 0xc0,
  0x40, 0xbf, 0x93, 0x22, 0x9d, 0x41, 0x80, 0x00, 0x01, 0x02, 0x04, 0x08,
  0x10, 0x20, 0x40, 0x80, 0x00, 0x01, 0x02, 0x04, 0x08, 0x10, 0x20, 0x40,
  0x80, 0x00, 0x01, 0x02, 0x04, 0x08, 0x10, 0x20, 0x40, 0x80, 0x00, 0x01,
  0x02, 0xdb, 0x16, 0x30, 0xd0, 0x6f, 0xbb, 0x1f, 0xaf, 0x23, 0x40, 0x80,
  0x00, 0x01, 0x02, 0x04, 0x08, 0x10, 0x20, 0x40, 0x80, 0x00, 0x01, 0x02,
  0x04, 0x08, 0x10, 0x20, 0x40, 0x80, 0x00, 0x01, 0x02, 0x04, 0x08, 0x10,
  0x20, 0x40, 0x80, 0x00, 0x81, 0x9d, 0x08, 0x18, 0xe8, 0x77, 0x52, 0xa4,
  0x33, 0x08, 0x10, 0x20, 0x40, 0x80, 0x00, 0x01, 0x02, 0x04, 0x08, 0x10,
  0x20, 0x40, 0x80, 0x00, 0x01, 0x02, 0x04, 0x08, 0x10, 0x20, 0x40, 0x80,
  0x00, 0x01, 0x02, 0x04, 0x08, 0x10, 0x20, 0x40, 0x60, 0xdb, 0x02, 0x06,
  0xfa, 0x6d, 0xf7, 0xe3, 0x75, 0x04, 0x08, 0x10, 0x20, 0x40, 0x80, 0x00,
  0x01, 0x02, 0x04, 0x08, 0x10, 0x20, 0x40, 0x80, 0x00, 0x01, 0x02, 0x04,
  0x08, 0x10, 0x20, 0x40, 0x80, 0x00, 0x01, 0x02, 0x04, 0x08, 0x10, 0x20,
  0xb0, 0x13, 0x01, 0x03, 0xfd, 0x4e, 0x8a, 0x74, 0x06, 0x01, 0x02, 0x04,
  0x08, 0x10, 0x20, 0x40, 0x80, 0x00, 0x01, 0x02, 0x04, 0x08, 0x10, 0x20,
  0x40, 0x80, 0x00, 0x01, 0x02, 0x04, 0x08, 0x10, 0x20, 0x40, 0x80, 0x00,
  0x01, 0x02, 0x04, 0x08, 0x6c, 0x5b, 0xc0, 0x40, 0xbf, 0xed, 0x7e, 0xbc,
  0x8e, 0x00, 0x01, 0x02, 0x04, 0x08, 0x10, 0x20, 0x40, 0x80, 0x00, 0x01,
  0x02, 0x04, 0x08, 0x10, 0x20, 0x40, 0x80, 0x00, 0x01, 0x02, 0x04, 0x08,
  0x10, 0x20, 0x40, 0x80, 0x00, 0x01, 0x02, 0x04, 0x76, 0x22, 0x60, 0xa0,
  0xdf, 0x49, 0x91, 0xce, 0x20, 0x40, 0x80, 0x00, 0x01, 0x02, 0xff, 0xc7,
  0xce, 0xfd, 0x84, 0xf8, 0x59, 0xe0, 0x67, 0x00, 0x1f, 0x65, 0xa0, 0x42,
  0x3d, 0xa4, 0xa5, 0x2c, 0xe4, 0x56, 0xec, 0xa1, 0xd4, 0x40, 0x18, 0x82,
  0xb9, 0xcc, 0x2c, 0xa1, 0xa7, 0x08, 0x15, 0xec, 0x25, 0x14, 0x56, 0x4b,
  0xa0, 0xa0, 0x97, 0x62, 0xc0, 0x40, 0x91, 0xb6, 0x73, 0xc9, 0x25, 0x6d,
  0x91, 0x85, 0x08, 0xf1, 0xa6, 0x6c, 0x41, 0x1a, 0x0f, 0x25, 0xec, 0x21,
  0xe0, 0x82, 0x1e, 0xc5, 0x99, 0x4b, 0x42, 0x18, 0x84, 0x08, 0x0b, 0x25,
  0x87, 0x5e, 0x02, 0x9e, 0x72, 0xc8, 0x21, 0x27, 0xed, 0x8e, 0x94, 0x45,
  0x69, 0x5d, 0xff, 0x24, 0xf3, 0x7d, 0xde, 0x7d, 0x9f, 0xcf, 0xd9, 0xcc,
  0xef, 0x79, 0x9f, 0xcf, 0xf7, 0x4d, 0x32, 0xe1, 0x61, 0x24, 0x40, 0x80,
  0x00, 0x01, 0x02, 0x04, 0x08, 0x10, 0x20, 0x40, 0x80, 0x00, 0x01, 0x02,
  0x04, 0x08, 0x10, 0x20, 0x40, 0x80, 0x00, 0x01, 0x02, 0x04, 0x08, 0x2c,
  0x5b, 0xc0, 0x40, 0xbf, 0xec, 0xfb, 0x78, 0x3a, 0x02, 0x04, 0x08, 0x10,
  0x20, 0x40, 0x80, 0x00, 0x01, 0x02, 0x04, 0x08, 0x10, 0x20, 0x40, 0x80,
  0x00, 0x01, 0x02, 0x04, 0x08, 0x10, 0x20, 0x40, 0x80, 0x00, 0x01, 0x02,
  0x04, 0x08, 0x10, 0x58, 0x89, 0x80, 0x81, 0x7e, 0x25, 0x87, 0x54, 0x83,
  0x00, 0x01, 0x02, 0x04, 0x08, 0x10, 0x20, 0x40, 0x80, 0x00, 0x01, 0x02,
  0x04, 0x08, 0x10, 0x20, 0x40, 0x80, 0x00, 0x01, 0x02, 0x04, 0x08, 0x10,
  0x20, 0x40, 0x80, 0x00, 0x01, 0x02, 0x04, 0x96, 0x2d, 0x60, 0xa0, 0x5f,
  0xf6, 0x7d, 0x3c, 0x1d, 0x01, 0x02, 0x04, 0x08, 0x10, 0x20, 0x40, 0x80,
  0x00, 0x01, 0x02, 0x04, 0x08, 0x10, 0x20, 0x40, 0x80, 0x00, 0x01, 0x02,
  0x04, 0x08, 0x10, 0x20, 0x40, 0x80, 0x00, 0x01, 0x02, 0x04, 0x08, 0xac,
  0x44, 0xc0, 0x40, 0xbf, 0x92, 0x43, 0xaa, 0x41, 0x80, 0x00, 0x01, 0x02,
  0x04, 0x08, 0x10, 0x20, 0x40, 0x80, 0x00, 0x01, 0x02, 0x04, 0x08, 0x10,
  0x20, 0x40, 0x80, 0x00, 0x01, 0x02, 0x04, 0x08, 0x10, 0x20, 0x40, 0x80,
  0x00, 0x01, 0x02, 0xcb, 0x16, 0x30, 0xd0, 0x2f, 0xfb, 0x3e, 0x9e, 0x8e,
  0x00, 0x01, 0x02, 0x04, 0x08, 0x10, 0x20, 0x40, 0x80, 0x00, 0x01, 0x02,
  0x04, 0x08, 0x10, 0x20, 0x40, 0x80, 0x00, 0x01, 0x02, 0x04, 0x08, 0x10,
  0x20, 0x40, 0x80, 0x00, 0x01, 0x02, 0x04, 0x56, 0x22, 0x60, 0xa0, 0x5f,
  0xc9, 0x21, 0xd5, 0x20, 0x40, 0x80, 0x00, 0x01, 0x02, 0x04, 0x08, 0x10,
  0x20, 0x40, 0x80, 0x00, 0x01, 0x02, 0x04, 0x08, 0x10, 0x20, 0x40, 0x80,
  0x00, 0x01, 0x02, 0x04, 0x08, 0x10, 0x20, 0x40, 0x80, 0x00, 0x81, 0x65,
  0x0b, 0x18, 0xe8, 0x97, 0x7d, 0x1f, 0x4f, 0x47, 0x80, 0x00, 0x01, 0x02,
  0x04, 0x08, 0x10, 0x20, 0x40, 0x80, 0x00, 0x01, 0x02, 0x04, 0x08, 0x10,
  0x20, 0x40, 0x80, 0x00, 0x01, 0x02, 0x04, 0x08, 0x10, 0x20, 0x40, 0x80,
  0x00, 0x01, 0x02, 0x2b, 0x11, 0x30, 0xd0, 0xaf, 0xe4, 0x90, 0x6a, 0x10,
  0x20, 0x40, 0x80, 0x00, 0x01, 0x02, 0x04, 0x08, 0x10, 0x20, 0x40, 0x80,
  0x00, 0x01, 0x02, 0x04, 0x08, 0x10, 0x20, 0x40, 0x80, 0x00, 0x01, 0x02,
  0x04, 0x08, 0x10, 0x20, 0x40, 0x80, 0xc0, 0xb2, 0x05, 0x0c, 0xf4, 0xcb,
  0xbe, 0x8f, 0xa7, 0x23, 0x40, 0x80, 0x00, 0x01, 0x02, 0x04, 0x08, 0x10,
  0x20, 0x40, 0x80, 0x00, 0x01, 0x02, 0x04, 0x08, 0x10, 0x20, 0x40, 0x80,
  0x00, 0x01, 0x02, 0x04, 0x08, 0x10, 0x20, 0x40, 0x80, 0x00, 0x81, 0x95,
  0x08, 0x6c, 0xae, 0xa4, 0x87, 0x1a, 0x04, 0x08, 0x10, 0x20, 0x40, 0xe0,
  0x5b, 0x05, 0x2e, 0xbd, 0xf9, 0x3a, 0x9d, 0x90, 0xc0, 0xaf, 0x6e, 0xfe,
  0x3a, 0x94, 0x2c, 0x96, 0x40, 0x4e, 0xe0, 0xd6, 0xad, 0x5b, 0xb1, 0xf0,
  0xe7, 0x9e, 0x7b, 0x2e, 0x96, 0x9d, 0x0e, 0x4e, 0xba, 0xa7, 0xbb, 0x1f,
  0xe6, 0xdf, 0xf6, 0xe7, 0x6d, 0xec, 0x0c, 0x7f, 0x75, 0xfa, 0xcf, 0x63,
  0xd9, 0xe9, 0x60, 0x7f, 0xcf, 0xa7, 0x2f, 0x20, 0x7f, 0x5a, 0xe0, 0xd4,
  0xb9, 0xd3, 0xd3, 0x91, 0x8b, 0xca, 0xbb, 0x7d, 0xfd, 0xe6, 0xa2, 0x9e,
  0xa7, 0xe9, 0x61, 0x9a, 0xdf, 0xbd, 0xe6, 0xf7, 0x6e, 0x7f, 0xef, 0x20,
  0xfa, 0x9a, 0x6f, 0xef, 0x6c, 0x45, 0xf3, 0x85, 0x67, 0x04, 0xbc, 0x77,
  0x19, 0x77, 0xa9, 0x04, 0x08, 0xf4, 0x09, 0xf8, 0x09, 0xfa, 0xbe, 0x9b,
  0x6b, 0x4c, 0x80, 0x00, 0x01, 0x02, 0x04, 0x08, 0x10, 0x20, 0x40, 0x80,
  0x00, 0x01, 0x02, 0x04, 0x08, 0x10, 0x20, 0x40, 0x80, 0x00, 0x01, 0x02,
  0x04, 0x08, 0x10, 0x20, 0x40, 0x80, 0x00, 0x01, 0x02, 0x01, 0x01, 0x03,
  0x7d, 0x00, 0x5d, 0x24, 0x01, 0x02, 0x04, 0x08, 0x10, 0x20, 0x40, 0x80,
  0x00, 0x01, 0x02, 0x04, 0x08, 0x10, 0x20, 0x40, 0x80, 0x00, 0x01, 0x02,
  0x04, 0x08, 0x10, 0x20, 0x40, 0x80, 0x00, 0x01, 0x02, 0x04, 0x08, 0xf4,
  0x09, 0x18, 0xe8, 0xfb, 0x6e, 0xae, 0x31, 0x01, 0x02, 0x04, 0x08, 0x10,
  0x20, 0x40, 0x80, 0x00, 0x01, 0x02, 0x04, 0x08, 0x10, 0x20, 0x40, 0x80,
  0x00, 0x01, 0x02, 0x04, 0x08, 0x10, 0x20, 0x40, 0x80, 0x00, 0x01, 0x02,
  0x04, 0x08, 0x04, 0x04, 0x0c, 0xf4, 0x01, 0x74, 0x91, 0x04, 0x08, 0x10,
  0x20, 0x40, 0x80, 0x00, 0x01, 0x02, 0x04, 0x08, 0x10, 0x20, 0x40, 0x80,
  0x00, 0x01, 0x02, 0x04, 0x08, 0x10, 0x20, 0x40, 0x80, 0x00, 0x01, 0x02,
  0x04, 0x08, 0x10, 0x20, 0xd0, 0x27, 0x60, 0xa0, 0xef, 0xbb, 0xb9, 0xc6,
  0x04, 0x08, 0x10, 0x20, 0x40, 0x80, 0x00, 0x01, 0x02, 0x04, 0x08, 0x10,
  0x20, 0x40, 0x80, 0x00, 0x01, 0x02, 0x04, 0x08, 0x10, 0x20, 0x40, 0x80,
  0x00, 0x01, 0x02, 0x04, 0x08, 0x10, 0x20, 0x10, 0x10, 0x30, 0xd0, 0x07,
  0xd0, 0x45, 0x12, 0x20, 0x40, 0x80, 0x00, 0x01, 0x02, 0x04, 0x08, 0x10,
  0x20, 0x40, 0x80, 0x00, 0x01, 0x02, 0x04, 0x08, 0x10, 0x20, 0x40, 0x80,
  0x00, 0x01, 0x02, 0x04, 0x08, 0x10, 0x20, 0x40, 0x80, 0x40, 0x9f, 0x80,
  0x81, 0xbe, 0xef, 0xe6, 0x1a, 0x13, 0x20, 0x40, 0x80, 0x00, 0x01, 0x02,
  0x04, 0x08, 0x10, 0x20, 0x40, 0x80, 0x00, 0x01, 0x02, 0x04, 0x08, 0x10,
  0x20, 0x40, 0x80, 0x00, 0x01, 0x02, 0x04, 0x08, 0x10, 0x20, 0x40, 0x80,
  0x40, 0x40, 0xc0, 0x40, 0x1f, 0x40, 0x17, 0x49, 0x80, 0x00, 0x01, 0x02,
  0x04, 0x08, 0x10, 0x20, 0x40, 0x80, 0x00, 0x01, 0x02, 0x04, 0x08, 0x10,
  0x20, 0x40, 0x80, 0x00, 0x01, 0x02, 0x04, 0x08, 0x10, 0x20, 0x40, 0x80,
  0x00, 0x01, 0x02, 0x7d, 0x02, 0x06, 0xfa, 0xbe, 0x9b, 0x6b, 0x4c, 0x80,
  0x00, 0x01, 0x02, 0x04, 0x08, 0x10, 0x20, 0x40, 0x80, 0x00, 0x01, 0x02,
  0x04, 0x08, 0x10, 0x20, 0x40, 0x80, 0x00, 0x01, 0x02, 0x04, 0x08, 0x10,
  0x20, 0x40, 0x80, 0x00, 0x01, 0x02, 0x01, 0x01, 0x03, 0x7d, 0x00, 0x5d,
  0x24, 0x01, 0x02, 0x04, 0x08, 0x10, 0x20, 0x40, 0x80, 0x00, 0x01, 0x02,
  0x04, 0x08, 0x10, 0x20, 0x40, 0x80, 0x00, 0x01, 0x02, 0x04, 0x08, 0x10,
  0x20, 0x40, 0x80, 0x00, 0x01, 0x02, 0x04, 0x08, 0xf4, 0x09, 0x18, 0xe8,
  0xfb, 0x6e, 0xae, 0x31, 0x01, 0x02, 0x04, 0x08, 0x10, 0x20, 0x40, 0x80,
  0x00, 0x01, 0x02, 0x04, 0x08, 0x10, 0x20, 0x40, 0x80, 0x00, 0x01, 0x02,
  0x04, 0x08, 0x10, 0x20, 0x40, 0x80, 0x00, 0x01, 0x02, 0x04, 0x08, 0x04,
  0x04, 0x0c, 0xf4, 0x01, 0x74, 0x91, 0x04, 0x08, 0x10, 0x20, 0x40, 0x80,
  0x00, 0x01, 0x02, 0x04, 0x08, 0x10, 0x20, 0x40, 0x80, 0x00, 0x01, 0x02,
  0x04, 0x08, 0x10, 0x20, 0x40, 0x80, 0x00, 0x01, 0x02, 0x04, 0x08, 0x10,
  0x20, 0xd0, 0x27, 0x60, 0xa0, 0xef, 0xbb, 0xb9, 0xc6, 0x04, 0x08, 0x10,
  0x20, 0x40, 0x80, 0x00, 0x01, 0x02, 0x04, 0x08, 0x10, 0x20, 0x40, 0x80,
  0x00, 0x01, 0x02, 0x04, 0x08, 0x10, 0x20, 0x40, 0x80, 0x00, 0x01, 0x02,
  0x04, 0x08, 0x10, 0x20, 0x10, 0x10, 0x30, 0xd0, 0x07, 0xd0, 0x45, 0x12,
  0x20, 0x40, 0x80, 0x00, 0x01, 0x02, 0x04, 0x08, 0x10, 0x20, 0x40, 0x80,
  0x00, 0x01, 0x02, 0x04, 0x08, 0x10, 0x20, 0x40, 0x80, 0x00, 0x01, 0x02,
  0x04, 0x08, 0x10, 0x20, 0x40, 0x80, 0x40, 0x9f, 0x80, 0x81, 0xbe, 0xef,
  0xe6, 0x1a, 0x13, 0x20, 0x40, 0x80, 0x00, 0x01, 0x02, 0x04, 0x08, 0x10,
  0x20, 0x40, 0x80, 0x00, 0x01, 0x02, 0x04, 0x08, 0x10, 0x20, 0x40, 0x80,
  0x00, 0x01, 0x02, 0x04, 0x08, 0x10, 0x20, 0x40, 0x80, 0x40, 0x40, 0xc0,
  0x40, 0x1f, 0x40, 0x17, 0x49, 0x80, 0x00, 0x01, 0x02, 0x04, 0x08, 0x10,
  0x20, 0x40, 0x80, 0x00, 0x01, 0x02, 0x04, 0x08, 0x10, 0x20, 0x40, 0x80,
  0x00, 0x01, 0x02, 0x04, 0x08, 0x10, 0x20, 0x40, 0x80, 0x00, 0x01, 0x02,
  0x7d, 0x02, 0x06, 0xfa, 0xbe, 0x9b, 0x6b, 0x4c, 0x80, 0x00, 0x01, 0x02,
  0x04, 0x08, 0x10, 0x20, 0x40, 0x80, 0x00, 0x01, 0x02, 0x04, 0x08, 0x10,
  0x20, 0x40, 0x80, 0x00, 0x01, 0x02, 0x04, 0x08, 0x10, 0x20, 0x40, 0x80,
  0x00, 0x01, 0x02, 0x01, 0x01, 0x03, 0x7d, 0x00, 0x5d, 0x24, 0x01, 0x02,
  0x04, 0x08, 0x10, 0x20, 0x40, 0x80, 0x00, 0x01, 0x02, 0x04, 0x08, 0x10,
  0x20, 0x40, 0x80, 0x00, 0x01, 0x02, 0x04, 0x08, 0x10, 0x20, 0x40, 0x80,
  0x00, 0x01, 0x02, 0x04, 0x08, 0xf4, 0x09, 0x18, 0xe8, 0xfb, 0x6e, 0xae,
  0x31, 0x01, 0x02, 0x04, 0x08, 0x10, 0x20, 0x40, 0x80, 0x00, 0x01, 0x02,
  0x04, 0x08, 0x10, 0x20, 0x40, 0x80, 0x00, 0x01, 0x02, 0x04, 0x08, 0x10,
  0x20, 0x40, 0x80, 0x00, 0x01, 0x02, 0x04, 0x08, 0x04, 0x04, 0x0c, 0xf4,
  0x01, 0x74, 0x91, 0x04, 0x08, 0x10, 0x20, 0x40, 0x80, 0x00, 0x01, 0x02,
  0x04, 0x08, 0x10, 0x20, 0x40, 0x80, 0x00, 0x01, 0x02, 0x04, 0x08, 0x10,
  0x20, 0x40, 0x80, 0x00, 0x01, 0x02, 0x04, 0x08, 0x10, 0x20, 0xd0, 0x27,
  0x60, 0xa0, 0xef, 0xbb, 0xb9, 0xc6, 0x04, 0x08, 0x10, 0x20, 0x40, 0x80,
  0x00, 0x01, 0x02, 0x04, 0x08, 0x10, 0x20, 0x40, 0x80, 0x00, 0x01, 0x02,
  0x04, 0x08, 0x10, 0x20, 0x40, 0x80, 0x00, 0x01, 0x02, 0x04, 0x08, 0x10,
  0x20, 0x10, 0x10, 0x30, 0xd0, 0x07, 0xd0, 0x45, 0x12, 0x20, 0x40, 0x80,
  0x00, 0x01, 0x02, 0x04, 0x08, 0x10, 0x20, 0x40, 0x80, 0x00, 0x01, 0x02,
  0x04, 0x08, 0x10, 0x20, 0x40, 0x80, 0x00, 0x01, 0x02, 0x04, 0x08, 0x10,
  0x20, 0x40, 0x80, 0x40, 0x9f, 0x80, 0x81, 0xbe, 0xef, 0xe6, 0x1a, 0x13,
  0x20, 0x40, 0x80, 0x00, 0x01, 0x02, 0x04, 0x08, 0x10, 0x20, 0x40, 0x80,
  0x00, 0x01, 0x02, 0x04, 0x08, 0x10, 0x20, 0x40, 0x80, 0x00, 0x01, 0x02,
  0x04, 0x08, 0x10, 0x20, 0x40, 0x80, 0x40, 0x40, 0xc0, 0x40, 0x1f, 0x40,
  0x17, 0x49, 0x80, 0x00, 0x01, 0x02, 0x04, 0x08, 0x10, 0x20, 0x40, 0x80,
  0x00, 0x01, 0x02, 0x04, 0x08, 0x10, 0x20, 0x40, 0x80, 0x00, 0x01, 0x02,
  0x04, 0x08, 0x10, 0x20, 0x40, 0x80, 0x00, 0x01, 0x02, 0x7d, 0x02, 0x06,
  0xfa, 0xbe, 0x9b, 0x6b, 0x4c, 0x80, 0x00, 0x01, 0x02, 0x04, 0x08, 0x10,
  0x20, 0x40, 0x80, 0x00, 0x01, 0x02, 0x04, 0x08, 0x10, 0x20, 0x40, 0x80,
  0x00, 0x01, 0x02, 0x04, 0x08, 0x10, 0x20, 0x40, 0x80, 0x00, 0x01, 0x02,
  0x01, 0x01, 0x03, 0x7d, 0x00, 0x5d, 0x24, 0x01, 0x02, 0x04, 0x08, 0x10,
  0x20, 0x40, 0x80, 0x00, 0x01, 0x02, 0x04, 0x08, 0x10, 0x20, 0x40, 0x80,
  0x00, 0x01, 0x02, 0x04, 0x08, 0x10, 0x20, 0x40, 0x80, 0x00, 0x01, 0x02,
  0x04, 0x08, 0xf4, 0x09, 0x18, 0xe8, 0xfb, 0x6e, 0xae, 0x31, 0x01, 0x02,
  0x04, 0x08, 0x10, 0x20, 0x40, 0x80, 0x00, 0x01, 0x02, 0x04, 0x08, 0x10,
  0x20, 0x40, 0x80, 0x00, 0x01, 0x02, 0x04, 0x08, 0x10, 0x20, 0x40, 0x80,
  0x00, 0x01, 0x02, 0x04, 0x08, 0x04, 0x04, 0x0c, 0xf4, 0x01, 0x74, 0x91,
  0x04, 0x08, 0x10, 0x20, 0x40, 0x80, 0x00, 0x01, 0x02, 0x04, 0x08, 0x10,
  0x20, 0x40, 0x80, 0x00, 0x01, 0x02, 0x04, 0x08, 0x10, 0x20, 0x40, 0x80,
  0x00, 0x01, 0x02, 0x04, 0x08, 0x10, 0x20, 0xd0, 0x27, 0x60, 0xa0, 0xef,
  0xbb, 0xb9, 0xc6, 0x04, 0x08, 0x10, 0x20, 0x40, 0x80, 0x00, 0x01, 0x02,
  0x04, 0x08, 0x10, 0x20, 0x40, 0x80, 0x00, 0x01, 0x02, 0x04, 0x08, 0x10,
  0x20, 0x40, 0x80, 0x00, 0x01, 0x02, 0x04, 0x08, 0x10, 0x20, 0x10, 0x10,
  0x30, 0xd0, 0x07, 0xd0, 0x45, 0x12, 0x20, 0x40, 0x80, 0x00, 0x01, 0x02,
  0x04, 0x08, 0x10, 0x20, 0x40, 0x80, 0x00, 0x01, 0x02, 0x04, 0x08, 0x10,
  0x20, 0x40, 0x80, 0x00, 0x01, 0x02, 0x04, 0x08, 0x10, 0x20, 0x40, 0x80,
  0x40, 0x9f, 0x80, 0x81, 0xbe, 0xef, 0xe6, 0x1a, 0x13, 0x20, 0x40, 0x80,
  0x00, 0x01, 0x02, 0x04, 0x08, 0x10, 0x20, 0x40, 0x80, 0x00, 0x01, 0x02,
  0x04, 0x08, 0x10, 0x20, 0x40, 0x80, 0x00, 0x01, 0x02, 0x04, 0x08, 0x10,
  0x20, 0x40, 0x80, 0x40, 0x40, 0x60, 0x33, 0x90, 0x29, 0x92, 0x00, 0x01,
  0x02, 0x04, 0x08, 0x10, 0x20, 0x40, 0x80, 0x00, 0x81, 0x23, 0x10, 0xb8,
  0x75, 0xeb, 0xd6, 0x11, 0x7c, 0xaa, 0x8f, 0x24, 0x40, 0xe0, 0x77, 0x09,
  0xfc, 0xea, 0xe6, 0xaf, 0x01, 0x11, 0x20, 0x50, 0x22, 0x70, 0xfb, 0xfa,
  0xcd, 0x68, 0xd3, 0x53, 0xe7, 0x4e, 0xd7, 0xe6, 0xb7, 0xdb, 0x27, 0x0f,
  0x9f, 0xb6, 0x4f, 0x76, 0x97, 0x4d, 0x20, 0x25, 0xb0, 0xbd, 0xb3, 0x95,
  0x8a, 0xde, 0xd8, 0xdf, 0x3b, 0x88, 0x65, 0x0b, 0xce, 0x0a, 0x5c, 0x7a,
  0xf3, 0xf5, 0xd8, 0x03, 0x5c, 0x7a, 0xe3, 0xad, 0x58, 0xb6, 0x60, 0x02,
  0x29, 0x01, 0x3f, 0x41, 0x9f, 0x92, 0x97, 0x4b, 0x80, 0x00, 0x01, 0x02,
  0x04, 0x08, 0x10, 0x20, 0x40, 0x80, 0x00, 0x01, 0x02, 0x04, 0x08, 0x10,
  0x20, 0x40, 0x80, 0x00, 0x01, 0x02, 0x04, 0x08, 0x10, 0x20, 0x40, 0x80,
  0x00, 0x01, 0x02, 0x55, 0x02, 0x06, 0xfa, 0xaa, 0x73, 0x2b, 0x4b, 0x80,
  0x00, 0x01, 0x02, 0x04, 0x08, 0x10, 0x20, 0x40, 0x80, 0x00, 0x01, 0x02,
  0x04, 0x08, 0x10, 0x20, 0x40, 0x80, 0x00, 0x01, 0x02, 0x04, 0x08, 0x10,
  0x20, 0x40, 0x80, 0x00, 0x01, 0x02, 0x29, 0x01, 0x03, 0x7d, 0x4a, 0x5e,
  0x2e, 0x01, 0x02, 0x04, 0x08, 0x10, 0x20, 0x40, 0x80, 0x00, 0x01, 0x02,
  0x04, 0x08, 0x10, 0x20, 0x40, 0x80, 0x00, 0x01, 0x02, 0x04, 0x08, 0x10,
  0x20, 0x40, 0x80, 0x00, 0x01, 0x02, 0x04, 0x08, 0x54, 0x09, 0x18, 0xe8,
  0xab, 0xce, 0xad, 0x2c, 0x01, 0x02, 0x04, 0x08, 0x10, 0x20, 0x40, 0x80,
  0x00, 0x01, 0x02, 0x04, 0x08, 0x10, 0x20, 0x40, 0x80, 0x00, 0x01, 0x02,
  0x04, 0x08, 0x10, 0x20, 0x40, 0x80, 0x00, 0x01, 0x02, 0x04, 0x08, 0xa4,
  0x04, 0x0c, 0xf4, 0x29, 0x79, 0xb9, 0x04, 0x08, 0x10, 0x20, 0x40, 0x80,
  0x00, 0x01, 0x02, 0x04, 0x08, 0x10, 0x20, 0x40, 0x80, 0x00, 0x01, 0x02,
  0x04, 0x08, 0x10, 0x20, 0x40, 0x80, 0x00, 0x01, 0x02, 0x04, 0x08, 0x10,
  0x20, 0x50, 0x25, 0x60, 0xa0, 0xaf, 0x3a, 0xb7, 0xb2, 0x04, 0x08, 0x10,
  0x20, 0x40, 0x80, 0x00, 0x01, 0x02, 0x04, 0x08, 0x10, 0x20, 0x40, 0x80,
  0x00, 0x01, 0x02, 0x04, 0x08, 0x10, 0x20, 0x40, 0x80, 0x00, 0x01, 0x02,
  0x04, 0x08, 0x10, 0x20, 0x90, 0x12, 0x30, 0xd0, 0xa7, 0xe4, 0xe5, 0x12,
  0x20, 0x40, 0x80, 0x00, 0x01, 0x02, 0x04, 0x08, 0x10, 0x20, 0x40, 0x80,
  0x00, 0x01, 0x02, 0x04, 0x08, 0x10, 0x20, 0x40, 0x80, 0x00, 0x01, 0x02,
  0x04, 0x08, 0x10, 0x20, 0x40, 0x80, 0x40, 0x95, 0x80, 0x81, 0xbe, 0xea,
  0xdc, 0xca, 0x12, 0x20, 0x40, 0x80, 0x00, 0x01, 0x02, 0x04, 0x08, 0x10,
  0x20, 0x40, 0x80, 0x00, 0x01, 0x02, 0x04, 0x08, 0x10, 0x20, 0x40, 0x80,
  0x00, 0x01, 0x02, 0x04, 0x08, 0x10, 0x20, 0x40, 0x80, 0x40, 0x4a, 0xc0,
  0x40, 0x9f, 0x92, 0x97, 0x4b, 0x80, 0x00, 0x01, 0x02, 0x04, 0x08, 0x10,
  0x20, 0x40, 0x80, 0x00, 0x01, 0x02, 0x04, 0x08, 0x10, 0x20, 0x40, 0x80,
  0x00, 0x01, 0x02, 0x04, 0x08, 0x10, 0x20, 0x40, 0x80, 0x00, 0x01, 0x02,
  0x55, 0x02, 0x06, 0xfa, 0xaa, 0x73, 0x2b, 0x4b, 0x80, 0x00, 0x01, 0x02,
  0x04, 0x08, 0x10, 0x20, 0x40, 0x80, 0x00, 0x01, 0x02, 0x04, 0x08, 0x10,
  0x20, 0x40, 0x80, 0x00, 0x01, 0x02, 0x04, 0x08, 0x10, 0x20, 0x40, 0x80,
  0x00, 0x01, 0x02, 0x29, 0x01, 0x03, 0x7d, 0x4a, 0x5e, 0x2e, 0x01, 0x02,
  0x04, 0x08, 0x10, 0x20, 0x40, 0x80, 0x00, 0x01, 0x02, 0x04, 0x08, 0x10,
  0x20, 0x40, 0x80, 0x00, 0x01, 0x02, 0x04, 0x08, 0x10, 0x20, 0x40, 0x80,
  0x00, 0x01, 0x02, 0x04, 0x08, 0x54, 0x09, 0x18, 0xe8, 0xab, 0xce, 0xad,
  0x2c, 0x01, 0x02, 0x04, 0x08, 0x10, 0x20, 0x40, 0x80, 0x00, 0x01, 0x02,
  0x04, 0x08, 0x10, 0x20, 0x40, 0x80, 0x00, 0x01, 0x02, 0x04, 0x08, 0x10,
  0x20, 0x40, 0x80, 0x00, 0x01, 0x02, 0x04, 0x08, 0xa4, 0x04, 0x0c, 0xf4,
  0x29, 0x79, 0xb9, 0x04, 0x08, 0x10, 0x20, 0x40, 0x80, 0x00, 0x01, 0x02,
  0x04, 0x08, 0x10, 0x20, 0x40, 0x80, 0x00, 0x01, 0x02, 0x04, 0x08, 0x10,
  0x20, 0x40, 0x80, 0x00, 0x01, 0x02, 0x04, 0x08, 0x10, 0x20, 0x50, 0x25,
  0x60, 0xa0, 0xaf, 0x3a, 0xb7, 0xb2, 0x04, 0x08, 0x10, 0x20, 0x40, 0x80,
  0x00, 0x01, 0x02, 0x04, 0x08, 0x10, 0x20, 0x40, 0x80, 0x00, 0x01, 0x02,
  0x04, 0x08, 0x10, 0x20, 0x40, 0x80, 0x00, 0x01, 0x02, 0x04, 0x08, 0x10,
  0x20, 0x90, 0x12, 0x30, 0xd0, 0xa7, 0xe4, 0xe5, 0x12, 0x20, 0x40, 0x80,
  0x00, 0x01, 0x02, 0x04, 0x08, 0x10, 0x20, 0x40, 0x80, 0x00, 0x01, 0x02,
  0x04, 0x08, 0x10, 0x20, 0x40, 0x80, 0x00, 0x01, 0x02, 0x04, 0x08, 0x10,
  0x20, 0x40, 0x80, 0x40, 0x95, 0x80, 0x81, 0xbe, 0xea, 0xdc, 0xca, 0x12,
  0x20, 0x40, 0x80, 0x00, 0x01, 0x02, 0x04, 0x08, 0x10, 0x20, 0x40, 0x80,
  0x00, 0x01, 0x02, 0x04, 0x08, 0x10, 0x20, 0x40, 0x80, 0x00, 0x01, 0x02,
  0x04, 0x08, 0x10, 0x20, 0x40, 0x80, 0x40, 0x4a, 0xc0, 0x40, 0x9f, 0x92,
  0x97, 0x4b, 0x80, 0x00, 0x01, 0x02, 0x04, 0x08, 0x10, 0x20, 0x40, 0x80,
  0x00, 0x01, 0x02, 0x04, 0x08, 0x10, 0x20, 0x40, 0x80, 0x00, 0x01, 0x02,
  0x04, 0x08, 0x10, 0x20, 0x40, 0x80, 0x00, 0x01, 0x02, 0x55, 0x02, 0x06,
  0xfa, 0xaa, 0x73, 0x2b, 0x4b, 0x80, 0x00, 0x01, 0x02, 0x04, 0x08, 0x10,
  0x20, 0x40, 0x80, 0x00, 0x01, 0x02, 0x04, 0x08, 0x10, 0x20, 0x40, 0x80,
  0x00, 0x01, 0x02, 0x04, 0x08, 0x10, 0x20, 0x40, 0x80, 0x00, 0x01, 0x02,
  0x29, 0x01, 0x03, 0x7d, 0x4a, 0x5e, 0x2e, 0x01, 0x02, 0x04, 0x08, 0x10,
  0x20, 0x40, 0x80, 0x00, 0x01, 0x02, 0x04, 0x08, 0x10, 0x20, 0x40, 0x80,
  0x00, 0x01, 0x02, 0x04, 0x08, 0x10, 0x20, 0x40, 0x80, 0x00, 0x01, 0x02,
  0x04, 0x08, 0x54, 0x09, 0x18, 0xe8, 0xab, 0xce, 0xad, 0x2c, 0x01, 0x02,
  0x04, 0x08, 0x10, 0x20, 0x40, 0x80, 0x00, 0x01, 0x02, 0x04, 0x08, 0x10,
  0x20, 0x40, 0x80, 0x00, 0x01, 0x02, 0x04, 0x08, 0x10, 0x20, 0x40, 0x80,
  0x00, 0x01, 0x02, 0x04, 0x08, 0xa4, 0x04, 0x0c, 0xf4, 0x29, 0x79, 0xb9,
  0x04, 0x08, 0x10, 0x20, 0x40, 0x80, 0x00, 0x01, 0x02, 0x04, 0x08, 0x10,
  0x20, 0x40, 0x80, 0x00, 0x01, 0x02, 0x04, 0x08, 0x10, 0x20, 0x40, 0x80,
  0x00, 0x01, 0x02, 0x04, 0x08, 0x10, 0x20, 0x50, 0x25, 0x60, 0xa0, 0xaf,
  0x3a, 0xb7, 0xb2, 0x04, 0x08, 0x10, 0x20, 0x40, 0x80, 0x00, 0x01, 0x02,
  0x04, 0x08, 0x10, 0x20, 0x40, 0x80, 0x00, 0x01, 0x02, 0x04, 0x08, 0x10,
  0x20, 0x40, 0x80, 0x00, 0x01, 0x02, 0x04, 0x08, 0x10, 0x20, 0x90, 0x12,
  0x30, 0xd0, 0xa7, 0xe4, 0xe5, 0x12, 0x20, 0x40, 0x80, 0x00, 0x01, 0x02,
  0x04, 0x08, 0x10, 0x20, 0x40, 0x80, 0x00, 0x01, 0x02, 0x04, 0x08, 0x10,
  0x20, 0x40, 0x80, 0x00, 0x01, 0x02, 0x04, 0x08, 0x10, 0x20, 0x40, 0x80,
  0x40, 0x95, 0x80, 0x81, 0xbe, 0xea, 0xdc, 0xca, 0x12, 0x20, 0x40, 0x80,
  0x00, 0x01, 0x02, 0x04, 0x08, 0x10, 0x20, 0x40, 0x80, 0x00, 0x01, 0x02,
  0x04, 0x08, 0x10, 0x20, 0x40, 0x80, 0x00, 0x01, 0x02, 0x04, 0x08, 0x10,
  0x20, 0x40, 0x80, 0x40, 0x4a, 0xc0, 0x40, 0x9f, 0x92, 0x97, 0x4b, 0x80,
  0x00, 0x01, 0x02, 0x04, 0x08, 0x10, 0x20, 0x40, 0x80, 0x00, 0x01, 0x02,
  0x04, 0x08, 0x10, 0x20, 0x40, 0x80, 0x00, 0x01, 0x02, 0x04, 0x08, 0x10,
  0x20, 0x40, 0x80, 0x00, 0x01, 0x02, 0x55, 0x02, 0x06, 0xfa, 0xaa, 0x73,
  0x2b, 0x4b, 0x80, 0x00, 0x01, 0x02, 0x04, 0x08, 0x10, 0x20, 0x40, 0x80,
  0x00, 0x01, 0x02, 0x04, 0x08, 0x10, 0x20, 0x40, 0x80, 0x00, 0x01, 0x02,
  0x04, 0x08, 0x10, 0x20, 0x40, 0x80, 0x00, 0x01, 0x02, 0x29, 0x01, 0x03,
  0x7d, 0x4a, 0x5e, 0x2e, 0x01, 0x02, 0x04, 0x08, 0x10, 0x20, 0x40, 0x80,
  0x00, 0x01, 0x02, 0x04, 0x08, 0x10, 0x20, 0x40, 0x80, 0x00, 0x01, 0x02,
  0x04, 0x08, 0x10, 0x20, 0x40, 0x80, 0x00, 0x01, 0x02, 0x04, 0x08, 0x54,
  0x09, 0x18, 0xe8, 0xab, 0xce, 0xad, 0x2c, 0x01, 0x02, 0x04, 0x08, 0x10,
  0x20, 0x40, 0x80, 0x00, 0x01, 0x02, 0x04, 0x08, 0x10, 0x20, 0x40, 0x80,
  0x00, 0x01, 0x02, 0x04, 0x08, 0x10, 0x20, 0x40, 0x80, 0x00, 0x01, 0x02,
  0x04, 0x08, 0xa4, 0x04, 0x0c, 0xf4, 0x29, 0x79, 0xb9, 0x04, 0x08, 0x10,
  0x20, 0x40, 0x80, 0x00, 0x01, 0x02, 0x04, 0x08, 0x10, 0x20, 0x40, 0x80,
  0x00, 0x01, 0x02, 0x04, 0x08, 0x10, 0x20, 0x40, 0x80, 0x00, 0x01, 0x02,
  0x04, 0x08, 0x10, 0x20, 0x50, 0x25, 0x60, 0xa0, 0xaf, 0x3a, 0xb7, 0xb2,
  0x04, 0x08, 0x10, 0x20, 0x40, 0x80, 0x00, 0x01, 0x02, 0x04, 0x08, 0x10,
  0x20, 0x40, 0x80, 0x00, 0x01, 0x02, 0x04, 0x08, 0x10, 0x20, 0x40, 0x80,
  0x00, 0x01, 0x02, 0x04, 0x08, 0x10, 0x20, 0x90, 0x12, 0xd8, 0x4c, 0x05,
  0xcb, 0x25, 0x40, 0x80, 0x00, 0x81, 0x1e, 0x81, 0x4b, 0x6f, 0xbe, 0xde,
  0x53, 0x56, 0x53, 0x02, 0x04, 0x08, 0x10, 0x20, 0x40, 0x80, 0x00, 0x81,
  0x23, 0x17, 0x78, 0xe1, 0xfe, 0x27, 0x47, 0x9e, 0xb1, 0xe4, 0x80, 0xdd,
  0x3b, 0x4f, 0xc7, 0x1e, 0x6f, 0x7b, 0x67, 0x2b, 0x96, 0xdd, 0x1e, 0x7c,
  0xfb, 0xfa, 0xcd, 0x28, 0xc1, 0xa9, 0x73, 0xa7, 0x63, 0xf9, 0xc9, 0xec,
  0x58, 0xe9, 0xaf, 0x05, 0xa7, 0x6f, 0xbf, 0x04, 0x83, 0xc6, 0x67, 0x48,
  0xff, 0x79, 0xbb, 0xbf, 0x77, 0x10, 0x63, 0x4f, 0x77, 0x8f, 0x15, 0x5f,
  0x40, 0x30, 0xfb, 0x05, 0x1c, 0xc1, 0x23, 0x10, 0x20, 0x50, 0x21, 0xe0,
  0x27, 0xe8, 0x2b, 0xce, 0xac, 0x24, 0x01, 0x02, 0x04, 0x08, 0x10, 0x20,
  0x40, 0x80, 0x00, 0x01, 0x02, 0x04, 0x08, 0x10, 0x20, 0x40, 0x80, 0x00,
  0x01, 0x02, 0x04, 0x08, 0x10, 0x20, 0x40, 0x80, 0x00, 0x01, 0x02, 0x04,
  0x08, 0xa4, 0x05, 0x0c, 0xf4, 0xe9, 0x0b, 0xc8, 0x27, 0x40, 0x80, 0x00,
  0x01, 0x02, 0x04, 0x08, 0x10, 0x20, 0x40, 0x80, 0x00, 0x01, 0x02, 0x04,
  0x08, 0x10, 0x20, 0x40, 0x80, 0x00, 0x01, 0x02, 0x04, 0x08, 0x10, 0x20,
  0x40, 0x80, 0x00, 0x81, 0x0a, 0x01, 0x03, 0x7d, 0xc5, 0x99, 0x95, 0x24,
  0x40, 0x80, 0x00, 0x01, 0x02, 0x04, 0x08, 0x10, 0x20, 0x40, 0x80, 0x00,
  0x01, 0x02, 0x04, 0x08, 0x10, 0x20, 0x40, 0x80, 0x00, 0x01, 0x02, 0x04,
  0x08, 0x10, 0x20, 0x40, 0x80, 0x00, 0x81, 0xb4, 0x80, 0x81, 0x3e, 0x7d,
  0x01, 0xf9, 0x04, 0x08, 0x10, 0x20, 0x40, 0x80, 0x00, 0x01, 0x02, 0x04,
  0x08, 0x10, 0x20, 0x40, 0x80, 0x00, 0x01, 0x02, 0x04, 0x08, 0x10, 0x20,
  0x40, 0x80, 0x00, 0x01, 0x02, 0x04, 0x08, 0x10, 0x20, 0x50, 0x21, 0x60,
  0xa0, 0xaf, 0x38, 0xb3, 0x92, 0x04, 0x08, 0x10, 0x20, 0x40, 0x80, 0x00,
  0x01, 0x02, 0x04, 0x08, 0x10, 0x20, 0x40, 0x80, 0x00, 0x01, 0x02, 0x04,
  0x08, 0x10, 0x20, 0x40, 0x80, 0x00, 0x01, 0x02, 0x04, 0x08, 0x10, 0x20,
  0x90, 0x16, 0x30, 0xd0, 0xa7, 0x2f, 0x20, 0x9f, 0x00, 0x01, 0x02, 0x04,
  0x08, 0x10, 0x20, 0x40, 0x80, 0x00, 0x01, 0x02, 0x04, 0x08, 0x10, 0x20,
  0x40, 0x80, 0x00, 0x01, 0x02, 0x04, 0x08, 0x10, 0x20, 0x40, 0x80, 0x00,
  0x01, 0x02, 0x04, 0x2a, 0x04, 0x0c, 0xf4, 0x15, 0x67, 0x56, 0x92, 0x00,
  0x01, 0x02, 0x04, 0x08, 0x10, 0x20, 0x40, 0x80, 0x00, 0x01, 0x02, 0x04,
  0x08, 0x10, 0x20, 0x40, 0x80, 0x00, 0x01, 0x02, 0x04, 0x08, 0x10, 0x20,
  0x40, 0x80, 0x00, 0x01, 0x02, 0x04, 0xd2, 0x02, 0x06, 0xfa, 0xf4, 0x05,
  0xe4, 0x13, 0x20, 0x40, 0x80, 0x00, 0x01, 0x02, 0x04, 0x08, 0x10, 0x20,
  0x40, 0x80, 0x00, 0x01, 0x02, 0x04, 0x08, 0x10, 0x20, 0x40, 0x80, 0x00,
  0x01, 0x02, 0x04, 0x08, 0x10, 0x20, 0x40, 0x80, 0x40, 0x85, 0x80, 0x81,
  0xbe, 0xe2, 0xcc, 0x4a, 0x12, 0x20, 0x40, 0x80, 0x00, 0x01, 0x02, 0x04,
  0x08, 0x10, 0x20, 0x40, 0x80, 0x00, 0x01, 0x02, 0x04, 0x08, 0x10, 0x20,
  0x40, 0x80, 0x00, 0x01, 0x02, 0x04, 0x08, 0x10, 0x20, 0x40, 0x80, 0x40,
  0x5a, 0xc0, 0x40, 0x9f, 0xbe, 0x80, 0x7c, 0x02, 0x04, 0x08, 0x10, 0x20,
  0x40, 0x80, 0x00, 0x01, 0x02, 0x04, 0x08, 0x10, 0x20, 0x40, 0x80, 0x00,
  0x01, 0x02, 0x04, 0x08, 0x10, 0x20, 0x40, 0x80, 0x00, 0x01, 0x02, 0x04,
  0x08, 0x10, 0xa8, 0x10, 0x30, 0xd0, 0x57, 0x9c, 0x59, 0x49, 0x02, 0x04,
  0x08, 0x10, 0x20, 0x40, 0x80, 0x00, 0x01, 0x02, 0x04, 0x08, 0x10, 0x20,
  0x40, 0x80, 0x00, 0x01, 0x02, 0x04, 0x08, 0x10, 0x20, 0x40, 0x80, 0x00,
  0x01, 0x02, 0x04, 0x08, 0x10, 0x48, 0x0b, 0x18, 0xe8, 0xd3, 0x17, 0x90,
  0x4f, 0x80, 0x00, 0x01, 0x02, 0x04, 0x08, 0x10, 0x20, 0x40, 0x80, 0x00,
  0x01, 0x02, 0x04, 0x08, 0x10, 0x20, 0x40, 0x80, 0x00, 0x01, 0x02, 0x04,
  0x08, 0x10, 0x20, 0x40, 0x80, 0x00, 0x01, 0x02, 0x15, 0x02, 0x06, 0xfa,
  0x8a, 0x33, 0x2b, 0x49, 0x80, 0x00, 0x01, 0x02, 0x04, 0x08, 0x10, 0x20,
  0x40, 0x80, 0x00, 0x01, 0x02, 0x04, 0x08, 0x10, 0x20, 0x40, 0x80, 0x00,
  0x01, 0x02, 0x04, 0x08, 0x10, 0x20, 0x40, 0x80, 0x00, 0x01, 0x02, 0x69,
  0x01, 0x03, 0x7d, 0xfa, 0x02, 0xf2, 0x09, 0x10, 0x20, 0x40, 0x80, 0x00,
  0x01, 0x02, 0x04, 0x08, 0x10, 0x20, 0x40, 0x80, 0x00, 0x01, 0x02, 0x04,
  0x08, 0x10, 0x20, 0x40, 0x80, 0x00, 0x01, 0x02, 0x04, 0x08, 0x10, 0x20,
  0x40, 0xa0, 0x42, 0xc0, 0x40, 0x5f, 0x71, 0x66, 0x25, 0x09, 0x10, 0x20,
  0x40, 0x80, 0x00, 0x01, 0x02, 0x04, 0x08, 0x10, 0x20, 0x40, 0x80, 0x00,
  0x01, 0x02, 0x04, 0x08, 0x10, 0x20, 0x40, 0x80, 0x00, 0x01, 0x02, 0x04,
  0x08, 0x10, 0x20, 0x40, 0x20, 0x2d, 0x60, 0xa0, 0x4f, 0x5f, 0x40, 0x3e,
  0x01, 0x02, 0x04, 0x08, 0x10, 0x20, 0x40, 0x80, 0x00, 0x01, 0x02, 0x04,
  0x08, 0x10, 0x20, 0x40, 0x80, 0x00, 0x01, 0x02, 0x04, 0x08, 0x10, 0x20,
  0x40, 0x80, 0x00, 0x01, 0x02, 0x04, 0x08, 0x54, 0x08, 0x18, 0xe8, 0x2b,
  0xce, 0xac, 0x24, 0x01, 0x02, 0x04, 0x08, 0x10, 0x20, 0x40, 0x80, 0x00,
  0x01, 0x02, 0x04, 0x08, 0x10, 0x20, 0x40, 0x80, 0x00, 0x01, 0x02, 0x04,
  0x08, 0x10, 0x20, 0x40, 0x80, 0x00, 0x01, 0x02, 0x04, 0x08, 0xa4, 0x05,
  0x0c, 0xf4, 0xe9, 0x0b, 0xc8, 0x27, 0x40, 0x80, 0x00, 0x01, 0x02, 0x04,
  0x08, 0x10, 0x20, 0x40, 0x80, 0x00, 0x01, 0x02, 0x04, 0x08, 0x10, 0x20,
  0x40, 0x80, 0x00, 0x01, 0x02, 0x04, 0x08, 0x10, 0x20, 0x40, 0x80, 0x00,
  0x81, 0x0a, 0x01, 0x03, 0x7d, 0xc5, 0x99, 0x95, 0x24, 0x40, 0x80, 0x00,
  0x01, 0x02, 0x04, 0x08, 0x10, 0x20, 0x40, 0x80, 0x00, 0x01, 0x02, 0x04,
  0x08, 0x10, 0x20, 0x40, 0x80, 0x00, 0x01, 0x02, 0x04, 0x08, 0x10, 0x20,
  0x40, 0x80, 0x00, 0x81, 0xb4, 0x80, 0x81, 0x3e, 0x7d, 0x01, 0xf9, 0x04,
  0x08, 0x10, 0x20, 0x40, 0x80, 0x00, 0x01, 0x02, 0x04, 0x08, 0x10, 0x20,
  0x40, 0x80, 0x00, 0x01, 0x02, 0x04, 0x08, 0x10, 0x20, 0x40, 0x80, 0x00,
  0x01, 0x02, 0x04, 0x08, 0x10, 0x20, 0x50, 0x21, 0x60, 0xa0, 0xaf, 0x38,
  0xb3, 0x92, 0x04, 0x08, 0x10, 0x20, 0x40, 0x80, 0x00, 0x01, 0x02, 0x04,
  0x08, 0x10, 0x20, 0x40, 0x80, 0x00, 0x01, 0x02, 0x04, 0x08, 0x10, 0x20,
  0x40, 0x80, 0x00, 0x01, 0x02, 0x04, 0x08, 0x10, 0x20, 0x90, 0x16, 0x30,
  0xd0, 0xa7, 0x2f, 0x20, 0x9f, 0x00, 0x01, 0x02, 0x04, 0x08, 0x10, 0x20,
  0x40, 0x80, 0x00, 0x01, 0x02, 0x04, 0x08, 0x10, 0x20, 0x40, 0x80, 0x00,
  0x01, 0x02, 0x04, 0x08, 0x10, 0x20, 0x40, 0x80, 0x00, 0x01, 0x02, 0x04,
  0x2a, 0x04, 0x0c, 0xf4, 0x15, 0x67, 0x56, 0x92, 0x00, 0x01, 0x02, 0x04,
  0x08, 0x10, 0x20, 0x40, 0x80, 0x00, 0x01, 0x02, 0x04, 0x08, 0x10, 0x20,
  0x40, 0x80, 0x00, 0x01, 0x02, 0x04, 0x08, 0x10, 0x20, 0x40, 0x80, 0x00,
  0x01, 0x02, 0x04, 0xd2, 0x02, 0x06, 0xfa, 0xf4, 0x05, 0xe4, 0x13, 0x20,
  0x40, 0x80, 0x00, 0x01, 0x02, 0x04, 0x08, 0x10, 0x20, 0x40, 0x80, 0x00,
  0x01, 0x02, 0x04, 0x08, 0x10, 0x20, 0x40, 0x80, 0x00, 0x01, 0x02, 0x04,
  0x08, 0x10, 0x20, 0x40, 0x80, 0x40, 0x85, 0x80, 0x81, 0xbe, 0xe2, 0xcc,
  0x4a, 0x12, 0x20, 0x40, 0x80, 0x00, 0x01, 0x02, 0x04, 0x08, 0x10, 0x20,
  0x40, 0x80, 0x00, 0x01, 0x02, 0x04, 0x08, 0x10, 0x20, 0x40, 0x80, 0x00,
  0x01, 0x02, 0x04, 0x08, 0x10, 0x20, 0x40, 0x80, 0x40, 0x5a, 0xc0, 0x40,
  0x9f, 0xbe, 0x80, 0x7c, 0x02, 0x04, 0x08, 0x10, 0x20, 0x40, 0x80, 0x00,
  0x01, 0x02, 0x04, 0x08, 0x10, 0x20, 0x40, 0x80, 0x00, 0x01, 0x02, 0x04,
  0x08, 0x10, 0x20, 0x40, 0x80, 0x00, 0x01, 0x02, 0x04, 0x08, 0x10, 0xa8,
  0x10, 0x30, 0xd0, 0x57, 0x9c, 0x59, 0x49, 0x02, 0x04, 0x08, 0x10, 0x20,
  0x40, 0x80, 0x00, 0x01, 0x02, 0x04, 0x08, 0x10, 0x20, 0x40, 0x80, 0x00,
  0x01, 0x02, 0x04, 0x08, 0x10, 0x20, 0x40, 0x80, 0x00, 0x01, 0x02, 0x04,
  0x08, 0x10, 0x48, 0x0b, 0x18, 0xe8, 0xd3, 0x17, 0x90, 0x4f, 0x80, 0x00,
  0x01, 0x02, 0x04, 0x08, 0x10, 0x20, 0x40, 0x80, 0x00, 0x01, 0x02, 0x04,
  0x08, 0x10, 0x20, 0x40, 0x80, 0x00, 0x01, 0x02, 0x04, 0x08, 0x10, 0x20,
  0x40, 0x80, 0x00, 0x01, 0x02, 0x15, 0x02, 0x06, 0xfa, 0x8a, 0x33, 0x2b,
  0x49, 0x80, 0x00, 0x01, 0x02, 0x04, 0x08, 0x10, 0x20, 0x40, 0x80, 0x00,
  0x01, 0x02, 0x04, 0x08, 0x10, 0x20, 0x40, 0x80, 0x00, 0x01, 0x02, 0x04,
  0x08, 0x10, 0x20, 0x40, 0x80, 0x00, 0x01, 0x02, 0x69, 0x01, 0x03, 0x7d,
  0xfa, 0x02, 0xf2, 0x09, 0x10, 0x20, 0x40, 0x80, 0x00, 0x01, 0x02, 0x04,
  0x08, 0x10, 0x20, 0x40, 0x80, 0x00, 0x01, 0x02, 0x04, 0x08, 0x10, 0x20,
  0x40, 0x80, 0x00, 0x01, 0x02, 0x04, 0x08, 0x10, 0x20, 0x40, 0xa0, 0x42,
  0xc0, 0x40, 0x5f, 0x71, 0x66, 0x25, 0x09, 0x10, 0x20, 0x40, 0x80, 0x00,
  0x01, 0x02, 0x04, 0x08, 0x10, 0x20, 0x40, 0x80, 0x00, 0x01, 0x02, 0x04,
  0x08, 0x10, 0x20, 0x40, 0x80, 0x00, 0x01, 0x02, 0x04, 0x08, 0x10, 0x20,
  0x40, 0x20, 0xdb, 0xbe, 0xef, 0xe7, 0x00, 0x00, 0x20, 0x00, 0x49, 0x44,
  0x41, 0x54, 0x2d, 0xf0, 0xc4, 0x1f, 0xfd, 0xc5, 0xdf, 0x7d, 0x99, 0x7e,
  0x08, 0xf9, 0x04, 0x08, 0x10, 0x20, 0x70, 0xf4, 0x02, 0xff, 0xf6, 0x5f,
  0xff, 0x71, 0xf4, 0x21, 0xdf, 0x92, 0xf0, 0xf0, 0x97, 0xb7, 0x62, 0xd9,
  0x82, 0x09, 0x10, 0x98, 0x17, 0x38, 0x75, 0xee, 0xf4, 0x7c, 0xa8, 0x44,
  0x02, 0xe5, 0x02, 0xb7, 0xaf, 0xdf, 0x2c, 0x17, 0x50, 0xbf, 0x4d, 0xe0,
  0x85, 0xfb, 0x9f, 0xb4, 0x55, 0x5e, 0x4c, 0xdf, 0xdd, 0x3b, 0x4f, 0x2f,
  0xe6, 0x59, 0x12, 0x0f, 0xb2, 0xbd, 0xb3, 0x95, 0x88, 0xad, 0xcf, 0x4c,
  0x7f, 0x7f, 0xe9, 0xef, 0xd9, 0xfa, 0x57, 0x10, 0xc0, 0xb0, 0xc0, 0xfe,
  0xde, 0xc1, 0x70, 0xe2, 0x37, 0xe3, 0xfc, 0x59, 0x1f, 0xe5, 0x17, 0x4e,
  0x60, 0x5c, 0xe0, 0xd2, 0x1b, 0x6f, 0x8d, 0x67, 0x0a, 0x24, 0xe0, 0x27,
  0xe8, 0xbd, 0x03, 0x04, 0x08, 0x10, 0x20, 0x40, 0x80, 0x00, 0x01, 0x02,
  0x04, 0x08, 0x10, 0x20, 0x40, 0x80, 0x00, 0x01, 0x02, 0x04, 0x08, 0x10,
  0x20, 0x40, 0x80, 0x00, 0x01, 0x02, 0x04, 0x08, 0x10, 0x20, 0x40, 0x60,
  0x40, 0xc0, 0x40, 0x3f, 0x80, 0x2c, 0x82, 0x00, 0x01, 0x02, 0x04, 0x08,
  0x10, 0x20, 0x40, 0x80, 0x00, 0x01, 0x02, 0x04, 0x08, 0x10, 0x20, 0x40,
  0x80, 0x00, 0x01, 0x02, 0x04, 0x08, 0x10, 0x20, 0x40, 0x80, 0x00, 0x01,
  0x02, 0x04, 0x08, 0x18, 0xe8, 0xbd, 0x03, 0x04, 0x08, 0x10, 0x20, 0x40,
  0x80, 0x00, 0x01, 0x02, 0x04, 0x08, 0x10, 0x20, 0x40, 0x80, 0x00, 0x01,
  0x02, 0x04, 0x08, 0x10, 0x20, 0x40, 0x80, 0x00, 0x01, 0x02, 0x04, 0x08,
  0x10, 0x20, 0x40, 0x60, 0x40, 0xc0, 0x40, 0x3f, 0x80, 0x2c, 0x82, 0x00,
  0x01, 0x02, 0x04, 0x08, 0x10, 0x20, 0x40, 0x80, 0x00, 0x01, 0x02, 0x04,
  0x08, 0x10, 0x20, 0x40, 0x80, 0x00, 0x01, 0x02, 0x04, 0x08, 0x10, 0x20,
  0x40, 0x80, 0x00, 0x01, 0x02, 0x04, 0x08, 0x18, 0xe8, 0xbd, 0x03, 0x04,
  0x08, 0x10, 0x20, 0x40, 0x80, 0x00, 0x01, 0x02, 0x04, 0x08, 0x10, 0x20,
  0x40, 0x80, 0x00, 0x01, 0x02, 0x04, 0x08, 0x10, 0x20, 0x40, 0x80, 0x00,
  0x01, 0x02, 0x04, 0x08, 0x10, 0x20, 0x40, 0x60, 0x40, 0xc0, 0x40, 0x3f,
  0x80, 0x2c, 0x82, 0x00, 0x01, 0x02, 0x04, 0x08, 0x10, 0x20, 0x40, 0x80,
  0x00, 0x01, 0x02, 0x04, 0x08, 0x10, 0x20, 0x40, 0x80, 0x00, 0x01, 0x02,
  0x04, 0x08, 0x10, 0x20, 0x40, 0x80, 0x00, 0x01, 0x02, 0x04, 0x08, 0x18,
  0xe8, 0xbd, 0x03, 0x04, 0x08, 0x10, 0x20, 0x40, 0x80, 0x00, 0x01, 0x02,
  0x04, 0x08, 0x10, 0x20, 0x40, 0x80, 0x00, 0x01, 0x02, 0x04, 0x08, 0x10,
  0x20, 0x40, 0x80, 0x00, 0x01, 0x02, 0x04, 0x08, 0x10, 0x20, 0x40, 0x60,
  0x40, 0xc0, 0x40, 0x3f, 0x80, 0x2c, 0x82, 0x00, 0x01, 0x02, 0x04, 0x08,
  0x10, 0x20, 0x40, 0x80, 0x00, 0x01, 0x02, 0x04, 0x08, 0x10, 0x20, 0x40,
  0x80, 0x00, 0x01, 0x02, 0x04, 0x08, 0x10, 0x20, 0x40, 0x80, 0x00, 0x01,
  0x02, 0x04, 0x08, 0x18, 0xe8, 0xbd, 0x03, 0x04, 0x08, 0x10, 0x20, 0x40,
  0x80, 0x00, 0x01, 0x02, 0x04, 0x08, 0x10, 0x20, 0x40, 0x80, 0x00, 0x01,
  0x02, 0x04, 0x08, 0x10, 0x20, 0x40, 0x80, 0x00, 0x01, 0x02, 0x04, 0x08,
  0x10, 0x20, 0x40, 0x60, 0x40, 0xc0, 0x40, 0x3f, 0x80, 0x2c, 0x82, 0x00,
  0x01, 0x02, 0x04, 0x08, 0x10, 0x20, 0x40, 0x80, 0x00, 0x01, 0x02, 0x04,
  0x08, 0x10, 0x20, 0x40, 0x80, 0x00, 0x01, 0x02, 0x04, 0x08, 0x10, 0x20,
  0x40, 0x80, 0x00, 0x01, 0x02, 0x04, 0x08, 0x18, 0xe8, 0xbd, 0x03, 0x04,
  0x08, 0x10, 0x20, 0x40, 0x80, 0x00, 0x01, 0x02, 0x04, 0x08, 0x10, 0x20,
  0x40, 0x80, 0x00, 0x01, 0x02, 0x04, 0x08, 0x10, 0x20, 0x40, 0x80, 0x00,
  0x01, 0x02, 0x04, 0x08, 0x10, 0x20, 0x40, 0x60, 0x40, 0xc0, 0x40, 0x3f,
  0x80, 0x2c, 0x82, 0x00, 0x01, 0x02, 0x04, 0x08, 0x10, 0x20, 0x40, 0x80,
  0x00, 0x01, 0x02, 0x04, 0x08, 0x10, 0x20, 0x40, 0x80, 0x00, 0x01, 0x02,
  0x04, 0x08, 0x10, 0x20, 0x40, 0x80, 0x00, 0x01, 0x02, 0x04, 0x08, 0x18,
  0xe8, 0xbd, 0x03, 0x04, 0x08, 0x10, 0x20, 0x40, 0x80, 0x00, 0x01, 0x02,
  0x04, 0x08, 0x10, 0x20, 0x40, 0x80, 0x00, 0x01, 0x02, 0x04, 0x08, 0x10,
  0x20, 0x40, 0x80, 0x00, 0x01, 0x02, 0x04, 0x08, 0x10, 0x20, 0x40, 0x60,
  0x40, 0xc0, 0x40, 0x3f, 0x80, 0x2c, 0x82, 0x00, 0x01, 0x02, 0x04, 0x08,
  0x10, 0x20, 0x40, 0x80, 0x00, 0x01, 0x02, 0x04, 0x08, 0x10, 0x20, 0x40,
  0x80, 0x00, 0x01, 0x02, 0x04, 0x08, 0x10, 0x20, 0x40, 0x80, 0x00, 0x01,
  0x02, 0x04, 0x08, 0x18, 0xe8, 0xbd, 0x03, 0x04, 0x08, 0x10, 0x20, 0x40,
  0x80, 0x00, 0x01, 0x02, 0x04, 0x08, 0x10, 0x20, 0x40, 0x80, 0x00, 0x01,
  0x02, 0x04, 0x08, 0x10, 0x20, 0x40, 0x80, 0x00, 0x01, 0x02, 0x04, 0x08,
  0x10, 0x20, 0x40, 0x60, 0x40, 0xc0, 0x40, 0x3f, 0x80, 0x2c, 0x82, 0x00,
  0x01, 0x02, 0x04, 0x08, 0x10, 0x20, 0x40, 0x80, 0x00, 0x01, 0x02, 0x04,
  0x08, 0x10, 0x20, 0x40, 0x80, 0x00, 0x01, 0x02, 0x04, 0x08, 0x10, 0x20,
  0x40, 0x80, 0x00, 0x01, 0x02, 0x04, 0x08, 0x18, 0xe8, 0xbd, 0x03, 0x04,
  0x08, 0x10, 0x20, 0x40, 0x80, 0x00, 0x01, 0x02, 0x04, 0x08, 0x10, 0x20,
  0x40, 0x80, 0x00, 0x01, 0x02, 0x04, 0x08, 0x10, 0x20, 0x40, 0x80, 0x00,
  0x01, 0x02, 0x04, 0x08, 0x10, 0x20, 0x40, 0x60, 0x40, 0xc0, 0x40, 0x3f,
  0x80, 0x2c, 0x82, 0x00, 0x01, 0x02, 0x04, 0x08, 0x10, 0x20, 0x40, 0x80,
  0x00, 0x01, 0x02, 0x04, 0x08, 0x10, 0x20, 0x40, 0x80, 0x00, 0x01, 0x02,
  0x04, 0x08, 0x10, 0x20, 0x40, 0x80, 0x00, 0x01, 0x02, 0x04, 0x08, 0x18,
  0xe8, 0xbd, 0x03, 0x04, 0x08, 0x10, 0x20, 0x40, 0x80, 0x00, 0x01, 0x02,
  0x04, 0x08, 0x10, 0x20, 0x40, 0x80, 0x00, 0x01, 0x02, 0x04, 0x08, 0x10,
  0x20, 0x40, 0x80, 0x00, 0x01, 0x02, 0x04, 0x08, 0x10, 0x20, 0x40, 0x60,
  0x40, 0xc0, 0x40, 0x3f, 0x80, 0x2c, 0x82, 0x00, 0x01, 0x02, 0x04, 0x08,
  0x10, 0x20, 0x40, 0x80, 0x00, 0x01, 0x02, 0x04, 0x08, 0x10, 0x20, 0x40,
  0x80, 0x00, 0x01, 0x02, 0x04, 0x08, 0x10, 0x20, 0x40, 0x80, 0x00, 0x01,
  0x02, 0x04, 0x08, 0x18, 0xe8, 0xbd, 0x03, 0x04, 0x08, 0x10, 0x20, 0x40,
  0x80, 0x00, 0x01, 0x02, 0x04, 0x08, 0x10, 0x20, 0x40, 0x80, 0x00, 0x01,
  0x02, 0x04, 0x08, 0x10, 0x20, 0x40, 0x80, 0x00, 0x01, 0x02, 0x04, 0x08,
  0x10, 0x20, 0x40, 0x60, 0x40, 0xc0, 0x40, 0x3f, 0x80, 0x2c, 0x82, 0x00,
  0x01, 0x02, 0x04, 0x08, 0x10, 0x20, 0x40, 0x80, 0x00, 0x01, 0x02, 0x04,
  0x08, 0x10, 0x20, 0x40, 0x80, 0x00, 0x01, 0x02, 0x04, 0x08, 0x10, 0x20,
  0x40, 0x80, 0x00, 0x01, 0x02, 0x04, 0x08, 0x18, 0xe8, 0xbd, 0x03, 0x04,
  0x08, 0x10, 0x20, 0x40, 0x80, 0x00, 0x01, 0x02, 0x04, 0x08, 0x10, 0x20,
  0x40, 0x80, 0x00, 0x01, 0x02, 0x04, 0x08, 0x10, 0x20, 0x40, 0x80, 0x00,
  0x01, 0x02, 0x04, 0x08, 0x10, 0x20, 0x40, 0x60, 0x40, 0xc0, 0x40, 0x3f,
  0x80, 0x2c, 0x82, 0x00, 0x01, 0x02, 0x04, 0x08, 0x10, 0x20, 0x40, 0x80,
  0x00, 0x01, 0x02, 0x04, 0x08, 0x10, 0x20, 0x40, 0x80, 0x00, 0x01, 0x02,
  0x04, 0x08, 0x10, 0x20, 0x40, 0x80, 0x00, 0x01, 0x02, 0x04, 0x08, 0x18,
  0xe8, 0xbd, 0x03, 0x04, 0x08, 0x10, 0x20, 0x40, 0x80, 0x00, 0x01, 0x02,
  0x04, 0x08, 0x10, 0x20, 0x40, 0x80, 0x00, 0x01, 0x02, 0x04, 0x08, 0x10,
  0x20, 0x40, 0x80, 0x00, 0x01, 0x02, 0x04, 0x08, 0x10, 0x20, 0x40, 0x60,
  0x40, 0xc0, 0x40, 0x3f, 0x80, 0x2c, 0x82, 0x00, 0x01, 0x02, 0x04, 0x08,
  0x10, 0x20, 0x40, 0x80, 0x00, 0x01, 0x02, 0x04, 0x08, 0x10, 0x20, 0x40,
  0x80, 0x00, 0x01, 0x02, 0x04, 0x08, 0x10, 0x20, 0x40, 0x80, 0x00, 0x01,
  0x02, 0x04, 0x08, 0x18, 0xe8, 0xbd, 0x03, 0x04, 0x08, 0x10, 0x20, 0x40,
  0x80, 0x00, 0x01, 0x02, 0x04, 0x08, 0x10, 0x20, 0x40, 0x80, 0x00, 0x01,
  0x02, 0x04, 0x08, 0x10, 0x20, 0x40, 0x80, 0x00, 0x01, 0x02, 0x04, 0x08,
  0x10, 0x20, 0x40, 0x60, 0x40, 0xc0, 0x40, 0x3f, 0x80, 0x2c, 0x82, 0x00,
  0x01, 0x02, 0x04, 0x08, 0x10, 0x20, 0x40, 0x80, 0x00, 0x01, 0x02, 0x04,
  0x08, 0x10, 0x20, 0x40, 0x80, 0x00, 0x01, 0x02, 0x04, 0x08, 0x10, 0x20,
  0x40, 0x80, 0x00, 0x01, 0x02, 0x04, 0x08, 0x18, 0xe8, 0xbd, 0x03, 0x04,
  0x08, 0x10, 0x20, 0x40, 0x80, 0x00, 0x01, 0x02, 0x04, 0x08, 0x10, 0x20,
  0x40, 0x80, 0x00, 0x01, 0x02, 0x04, 0x08, 0x10, 0x20, 0x40, 0x80, 0x00,
  0x01, 0x02, 0x04, 0x08, 0x10, 0x20, 0x40, 0x60, 0x40, 0xc0, 0x40, 0x3f,
  0x80, 0x2c, 0x82, 0x00, 0x01, 0x02, 0x04, 0x08, 0x10, 0x20, 0x40, 0x80,
  0x00, 0x01, 0x02, 0x04, 0x08, 0x10, 0x20, 0x40, 0x80, 0x00, 0x01, 0x02,
  0x04, 0x08, 0x10, 0x20, 0x40, 0x80, 0x00, 0x01, 0x02, 0x04, 0x08, 0x18,
  0xe8, 0xbd, 0x03, 0x04, 0x08, 0x10, 0x20, 0x40, 0x80, 0x00, 0x01, 0x02,
  0x04, 0x08, 0x10, 0x20, 0x40, 0x80, 0x00, 0x01, 0x02, 0x04, 0x08, 0x10,
  0x20, 0x40, 0x80, 0x00, 0x01, 0x02, 0x04, 0x08, 0x10, 0x20, 0x40, 0x60,
  0x40, 0x60, 0x73, 0x20, 0x43, 0x04, 0x01, 0x02, 0x04, 0x08, 0xfc, 0x46,
  0xe0, 0xc6, 0xdd, 0x6b, 0x51, 0x87, 0xcf, 0xa2, 0xe9, 0xc2, 0x09, 0x10,
  0x20, 0x40, 0x80, 0x00, 0x01, 0x02, 0x04, 0x08, 0x10, 0x58, 0x83, 0xc0,
  0xe5, 0x13, 0x0f, 0xd6, 0x50, 0xe3, 0x47, 0x77, 0xd8, 0xdd, 0x3b, 0xf8,
  0xd1, 0x5f, 0xeb, 0x0b, 0x7f, 0xbc, 0xc0, 0xfe, 0xc5, 0x77, 0x7e, 0xfc,
  0x17, 0x3f, 0x86, 0xaf, 0xdc, 0x7e, 0x0c, 0x9f, 0xe1, 0x23, 0x08, 0x10,
  0x20, 0x40, 0x60, 0xf9, 0x02, 0xfb, 0xc1, 0xbf, 0xe7, 0xb7, 0x77, 0xb6,
  0x96, 0x0f, 0xe4, 0x09, 0x09, 0x10, 0x78, 0x6c, 0x02, 0x7e, 0x82, 0xfe,
  0xb1, 0x51, 0xfa, 0x20, 0x02, 0x04, 0x08, 0x10, 0x20, 0x40, 0x80, 0x00,
  0x01, 0x02, 0x04, 0x08, 0x10, 0x20, 0x40, 0x80, 0x00, 0x01, 0x02, 0x04,
  0x08, 0x10, 0x20, 0x40, 0x80, 0x00, 0x01, 0x02, 0x04, 0x08, 0x10, 0x20,
  0xf0, 0xed, 0x02, 0x06, 0x7a, 0x6f, 0x07, 0x01, 0x02, 0x04, 0x08, 0x10,
  0x20, 0x40, 0x80, 0x00, 0x01, 0x02, 0x04, 0x08, 0x10, 0x20, 0x40, 0x80,
  0x00, 0x01, 0x02, 0x04, 0x08, 0x10, 0x20, 0x40, 0x80, 0x00, 0x01, 0x02,
  0x04, 0x08, 0x10, 0x18, 0x10, 0x30, 0xd0, 0x0f, 0x20, 0x8b, 0x20, 0x40,
  0x80, 0x00, 0x01, 0x02, 0x04, 0x08, 0x10, 0x20, 0x40, 0x80, 0x00, 0x01,
  0x02, 0x04, 0x08, 0x10, 0x20, 0x40, 0x80, 0x00, 0x01, 0x02, 0x04, 0x08,
  0x10, 0x20, 0x40, 0x80, 0x00, 0x01, 0x02, 0x06, 0x7a, 0xef, 0x00, 0x01,
  0x02, 0x04, 0x08, 0x10, 0x20, 0x40, 0x80, 0x00, 0x01, 0x02, 0x04, 0x08,
  0x10, 0x20, 0x40, 0x80, 0x00, 0x01, 0x02, 0x04, 0x08, 0x10, 0x20, 0x40,
  0x80, 0x00, 0x01, 0x02, 0x04, 0x08, 0x10, 0x18, 0x10, 0x30, 0xd0, 0x0f,
  0x20, 0x8b, 0x20, 0x40, 0x80, 0x00, 0x01, 0x02, 0x04, 0x08, 0x10, 0x20,
  0x40, 0x80, 0x00, 0x01, 0x02, 0x04, 0x08, 0x10, 0x20, 0x40, 0x80, 0x00,
  0x01, 0x02, 0x04, 0x08, 0x10, 0x20, 0x40, 0x80, 0x00, 0x01, 0x02, 0x06,
  0x7a, 0xef, 0x00, 0x01, 0x02, 0x04, 0x08, 0x10, 0x20, 0x40, 0x80, 0x00,
  0x01, 0x02, 0x04, 0x08, 0x10, 0x20, 0x40, 0x80, 0x00, 0x01, 0x02, 0x04,
  0x08, 0x10, 0x20, 0x40, 0x80, 0x00, 0x01, 0x02, 0x04, 0x08, 0x10, 0x18,
  0x10, 0x30, 0xd0, 0x0f, 0x20, 0x8b, 0x20, 0x40, 0x80, 0x00, 0x01, 0x02,
  0x04, 0x08, 0x10, 0x20, 0x40, 0x80, 0x00, 0x01, 0x02, 0x04, 0x08, 0x10,
  0x20, 0x40, 0x80, 0x00, 0x01, 0x02, 0x04, 0x08, 0x10, 0x20, 0x40, 0x80,
  0x00, 0x01, 0x02, 0x06, 0x7a, 0xef, 0x00, 0x01, 0x02, 0x04, 0x08, 0x10,
  0x20, 0x40, 0x80, 0x00, 0x01, 0x02, 0x04, 0x08, 0x10, 0x20, 0x40, 0x80,
  0x00, 0x01, 0x02, 0x04, 0x08, 0x10, 0x20, 0x40, 0x80, 0x00, 0x01, 0x02,
  0x04, 0x08, 0x10, 0x18, 0x10, 0x30, 0xd0, 0x0f, 0x20, 0x8b, 0x20, 0x40,
  0x80, 0x00, 0x01, 0x02, 0x04, 0x08, 0x10, 0x20, 0x40, 0x80, 0x00, 0x01,
  0x02, 0x04, 0x08, 0x10, 0x20, 0x40, 0x80, 0x00, 0x01, 0x02, 0x04, 0x08,
  0x10, 0x20, 0x40, 0x80, 0x00, 0x01, 0x02, 0x06, 0x7a, 0xef, 0x00, 0x01,
  0x02, 0x04, 0x08, 0x10, 0x20, 0x40, 0x80, 0x00, 0x01, 0x02, 0x04, 0x08,
  0x10, 0x20, 0x40, 0x80, 0x00, 0x01, 0x02, 0x04, 0x08, 0x10, 0x20, 0x40,
  0x80, 0x00, 0x01, 0x02, 0x04, 0x08, 0x10, 0x18, 0x10, 0x30, 0xd0, 0x0f,
  0x20, 0x8b, 0x20, 0x40, 0x80, 0x00, 0x01, 0x02, 0x04, 0x08, 0x10, 0x20,
  0x40, 0x80, 0x00, 0x01, 0x02, 0x04, 0x08, 0x10, 0x20, 0x40, 0x80, 0x00,
  0x01, 0x02, 0x04, 0x08, 0x10, 0x20, 0x40, 0x80, 0x00, 0x01, 0x02, 0x06,
  0x7a, 0xef, 0x00, 0x01, 0x02, 0x04, 0x08, 0x10, 0x20, 0x40, 0x80, 0x00,
  0x01, 0x02, 0x04, 0x08, 0x10, 0x20, 0x40, 0x80, 0x00, 0x01, 0x02, 0x04,
  0x08, 0x10, 0x20, 0x40, 0x80, 0x00, 0x01, 0x02, 0x04, 0x08, 0x10, 0x18,
  0x10, 0x30, 0xd0, 0x0f, 0x20, 0x8b, 0x20, 0x40, 0x80, 0x00, 0x01, 0x02,
  0x04, 0x08, 0x10, 0x20, 0x40, 0x80, 0x00, 0x01, 0x02, 0x04, 0x08, 0x10,
  0x20, 0x40, 0x80, 0x00, 0x01, 0x02, 0x04, 0x08, 0x10, 0x20, 0x40, 0x80,
  0x00, 0x01, 0x02, 0x06, 0x7a, 0xef, 0x00, 0x01, 0x02, 0x04, 0x08, 0x10,
  0x20, 0x40, 0x80, 0x00, 0x01, 0x02, 0x04, 0x08, 0x10, 0x20, 0x40, 0x80,
  0x00, 0x01, 0x02, 0x04, 0x08, 0x10, 0x20, 0x40, 0x80, 0x00, 0x01, 0x02,
  0x04, 0x08, 0x10, 0x18, 0x10, 0x30, 0xd0, 0x0f, 0x20, 0x8b, 0x20, 0x40,
  0x80, 0x00, 0x01, 0x02, 0x04, 0x08, 0x10, 0x20, 0x40, 0x80, 0x00, 0x01,
  0x02, 0x04, 0x08, 0x10, 0x20, 0x40, 0x80, 0x00, 0x01, 0x02, 0x04, 0x08,
  0x10, 0x20, 0x40, 0x80, 0x00, 0x01, 0x02, 0x06, 0x7a, 0xef, 0x00, 0x01,
  0x02, 0x04, 0x08, 0x10, 0x20, 0x40, 0x80, 0x00, 0x01, 0x02, 0x04, 0x08,
  0x10, 0x20, 0x40, 0x80, 0x00, 0x01, 0x02, 0x04, 0x08, 0x10, 0x20, 0x40,
  0x80, 0x00, 0x01, 0x02, 0x04, 0x08, 0x10, 0x18, 0x10, 0x30, 0xd0, 0x0f,
  0x20, 0x8b, 0x20, 0x40, 0x80, 0x00, 0x01, 0x02, 0x04, 0x08, 0x10, 0x20,
  0x40, 0x80, 0x00, 0x01, 0x02, 0x04, 0x08, 0x10, 0x20, 0x40, 0x80, 0x00,
  0x01, 0x02, 0x04, 0x08, 0x10, 0x20, 0x40, 0x80, 0x00, 0x01, 0x02, 0x06,
  0x7a, 0xef, 0x00, 0x01, 0x02, 0x04, 0x08, 0x10, 0x20, 0x40, 0x80, 0x00,
  0x01, 0x02, 0x04, 0x08, 0x10, 0x20, 0x40, 0x80, 0x00, 0x01, 0x02, 0x04,
  0x08, 0x10, 0x20, 0x40, 0x80, 0x00, 0x01, 0x02, 0x04, 0x08, 0x10, 0x18,
  0x10, 0x30, 0xd0, 0x0f, 0x20, 0x8b, 0x20, 0x40, 0x80, 0x00, 0x01, 0x02,
  0x04, 0x08, 0x10, 0x20, 0x40, 0x80, 0x00, 0x01, 0x02, 0x04, 0x08, 0x10,
  0x20, 0x40, 0x80, 0x00, 0x01, 0x02, 0x04, 0x08, 0x10, 0x20, 0x40, 0x80,
  0x00, 0x01, 0x02, 0x06, 0x7a, 0xef, 0x00, 0x01, 0x02, 0x04, 0x08, 0x10,
  0x20, 0x40, 0x80, 0x00, 0x01, 0x02, 0x04, 0x08, 0x10, 0x20, 0x40, 0x80,
  0x00, 0x01, 0x02, 0x04, 0x08, 0x10, 0x20, 0x40, 0x80, 0x00, 0x01, 0x02,
  0x04, 0x08, 0x10, 0x18, 0x10, 0x30, 0xd0, 0x0f, 0x20, 0x8b, 0x20, 0x40,
  0x80, 0x00, 0x01, 0x02, 0x04, 0x08, 0x10, 0x20, 0x40, 0x80, 0x00, 0x01,
  0x02, 0x04, 0x08, 0x10, 0x20, 0x40, 0x80, 0x00, 0x01, 0x02, 0x04, 0x08,
  0x10, 0x20, 0x40, 0x80, 0x00, 0x01, 0x02, 0x06, 0x7a, 0xef, 0x00, 0x01,
  0x02, 0x04, 0x08, 0x10, 0x20, 0x40, 0x80, 0x00, 0x01, 0x02, 0x04, 0x08,
  0x10, 0x20, 0x40, 0x80, 0x00, 0x01, 0x02, 0x04, 0x08, 0x10, 0x20, 0x40,
  0x80, 0x00, 0x01, 0x02, 0x04, 0x08, 0x10, 0x18, 0x10, 0x30, 0xd0, 0x0f,
  0x20, 0x8b, 0x20, 0x40, 0x80, 0x00, 0x01, 0x02, 0x04, 0x08, 0x10, 0x20,
  0x40, 0x80, 0x00, 0x01, 0x02, 0x04, 0x08, 0x10, 0x20, 0x40, 0x80, 0x00,
  0x01, 0x02, 0x04, 0x08, 0x10, 0x20, 0x40, 0x80, 0x00, 0x01, 0x02, 0x06,
  0x7a, 0xef, 0x00, 0x01, 0x02, 0x04, 0x08, 0x10, 0x20, 0x40, 0x80, 0x00,
  0x01, 0x02, 0x04, 0x08, 0x10, 0x20, 0x40, 0x80, 0x00, 0x01, 0x02, 0x04,
  0x08, 0x10, 0x20, 0x40, 0x80, 0x00, 0x01, 0x02, 0x04, 0x08, 0x10, 0x18,
  0x10, 0x30, 0xd0, 0x0f, 0x20, 0x8b, 0x20, 0x40, 0x80, 0x00, 0x01, 0x02,
  0x04, 0x08, 0x10, 0x20, 0x40, 0x80, 0x00, 0x01, 0x02, 0x04, 0x08, 0x10,
  0x20, 0x40, 0x80, 0x00, 0x01, 0x02, 0x04, 0x08, 0x10, 0x20, 0x40, 0x80,
  0x00, 0x01, 0x02, 0x06, 0x7a, 0xef, 0x00, 0x01, 0x02, 0x04, 0x08, 0x10,
  0x20, 0x40, 0x80, 0x00, 0x01, 0x02, 0x04, 0x08, 0x10, 0x20, 0x40, 0x80,
  0x00, 0x01, 0x02, 0x04, 0x08, 0x10, 0x20, 0x40, 0x80, 0x00, 0x01, 0x02,
  0x04, 0x08, 0x10, 0x18, 0x10, 0x30, 0xd0, 0x0f, 0x20, 0x8b, 0x20, 0x40,
  0x80, 0x00, 0x01, 0x02, 0x04, 0x08, 0x10, 0x20, 0x40, 0x80, 0x00, 0x01,
  0x02, 0x04, 0x08, 0x10, 0x20, 0x40, 0x80, 0x00, 0x01, 0x02, 0x04, 0x08,
  0x10, 0x20, 0x40, 0x80, 0x00, 0x01, 0x02, 0x06, 0x7a, 0xef, 0x00, 0x01,
  0x02, 0x04, 0x08, 0x10, 0x20, 0x40, 0x80, 0x00, 0x01, 0x02, 0x04, 0x08,
  0x10, 0x20, 0x40, 0x80, 0x00, 0x01, 0x02, 0x04, 0x08, 0x10, 0x20, 0x40,
  0x80, 0x00, 0x01, 0x02, 0x04, 0x08, 0x10, 0x18, 0x10, 0x30, 0xd0, 0x0f,
  0x20, 0x8b, 0x20, 0x40, 0x80, 0x00, 0x01, 0x02, 0x04, 0x08, 0x10, 0x20,
  0x40, 0x80, 0x00, 0x01, 0x02, 0x04, 0x08, 0x10, 0x20, 0x40, 0x80, 0x00,
  0x01, 0x02, 0x04, 0x08, 0x10, 0x20, 0x40, 0x80, 0x00, 0x01, 0x02, 0x06,
  0x7a, 0xef, 0x00, 0x01, 0x02, 0x04, 0x08, 0x10, 0x20, 0x40, 0x80, 0x00,
  0x01, 0x02, 0x04, 0x08, 0x10, 0x20, 0x40, 0x80, 0x00, 0x01, 0x02, 0x04,
  0x08, 0x10, 0x20, 0x40, 0x80, 0x00, 0x01, 0x02, 0x04, 0x08, 0x10, 0x18,
  0x10, 0xd8, 0x1c, 0xc8, 0x10, 0x41, 0x80, 0x00, 0x81, 0xdf, 0x0a, 0xdc,
  0xb8, 0x7b, 0x8d, 0x06, 0x01, 0x02, 0x04, 0x08, 0x10, 0x20, 0x40, 0x80,
  0x00, 0x01, 0x02, 0x04, 0x08, 0x10, 0xf8, 0xbd, 0x14, 0xb8, 0x7c, 0xe2,
  0xc1, 0xef, 0xe5, 0x73, 0x7b, 0xe8, 0x47, 0x13, 0xd8, 0xdd, 0x3b, 0x78,
  0xb4, 0x0f, 0x78, 0xc4, 0xaf, 0xde, 0xde, 0xd9, 0x7a, 0xc4, 0x4f, 0xf0,
  0xe5, 0x04, 0x08, 0xfc, 0x10, 0x81, 0xfd, 0xf0, 0xef, 0xf9, 0x5f, 0xfc,
  0xec, 0xd4, 0x0f, 0x79, 0xdc, 0xc7, 0xfa, 0x6b, 0xdf, 0xfd, 0xef, 0x2f,
  0x1e, 0xeb, 0xe7, 0xf9, 0xb0, 0xef, 0x2f, 0x90, 0x7e, 0xef, 0xfc, 0x5d,
  0xf3, 0xfd, 0x6f, 0xe5, 0x57, 0x12, 0x78, 0x1c, 0x02, 0x7e, 0x82, 0xfe,
  0x71, 0x28, 0xfa, 0x0c, 0x02, 0x04, 0x08, 0x10, 0x20, 0x40, 0x80, 0x00,
  0x01, 0x02, 0x04, 0x08, 0x10, 0x20, 0x40, 0x80, 0x00, 0x01, 0x02, 0x04,
  0x08, 0x10, 0x20, 0x40, 0x80, 0x00, 0x01, 0x02, 0x04, 0x08, 0x10, 0x20,
  0xf0, 0x1d, 0x02, 0x06, 0x7a, 0xaf, 0x08, 0x01, 0x02, 0x04, 0x08, 0x10,
  0x20, 0x40, 0x80, 0x00, 0x01, 0x02, 0x04, 0x08, 0x10, 0x20, 0x40, 0x80,
  0x00, 0x01, 0x02, 0x04, 0x08, 0x10, 0x20, 0x40, 0x80, 0x00, 0x01, 0x02,
  0x04, 0x08, 0x10, 0x18, 0x10, 0x30, 0xd0, 0x0f, 0x20, 0x8b, 0x20, 0x40,
  0x80, 0x00, 0x01, 0x02, 0x04, 0x08, 0x10, 0x20, 0x40, 0x80, 0x00, 0x01,
  0x02, 0x04, 0x08, 0x10, 0x20, 0x40, 0x80, 0x00, 0x01, 0x02, 0x04, 0x08,
  0x10, 0x20, 0x40, 0x80, 0x00, 0x01, 0x02, 0x06, 0x7a, 0xef, 0x00, 0x01,
  0x02, 0x04, 0x08, 0x10, 0x20, 0x40, 0x80, 0x00, 0x01, 0x02, 0x04, 0x08,
  0x10, 0x20, 0x40, 0x80, 0x00, 0x01, 0x02, 0x04, 0x08, 0x10, 0x20, 0x40,
  0x80, 0x00, 0x01, 0x02, 0x04, 0x08, 0x10, 0x18, 0x10, 0x30, 0xd0, 0x0f,
  0x20, 0x8b, 0x20, 0x40, 0x80, 0x00, 0x01, 0x02, 0x04, 0x08, 0x10, 0x20,
  0x40, 0x80, 0x00, 0x01, 0x02, 0x04, 0x08, 0x10, 0x20, 0x40, 0x80, 0x00,
  0x01, 0x02, 0x04, 0x08, 0x10, 0x20, 0x40, 0x80, 0x00, 0x01, 0x02, 0x06,
  0x7a, 0xef, 0x00, 0x01, 0x02, 0x04, 0x08, 0x10, 0x20, 0x40, 0x80, 0x00,
  0x01, 0x02, 0x04, 0x08, 0x10, 0x20, 0x40, 0x80, 0x00, 0x01, 0x02, 0x04,
  0x08, 0x10, 0x20, 0x40, 0x80, 0x00, 0x01, 0x02, 0x04, 0x08, 0x10, 0x18,
  0x10, 0x30, 0xd0, 0x0f, 0x20, 0x8b, 0x20, 0x40, 0x80, 0x00, 0x01, 0x02,
  0x04, 0x08, 0x10, 0x20, 0x40, 0x80, 0x00, 0x01, 0x02, 0x04, 0x08, 0x10,
  0x20, 0x40, 0x80, 0x00, 0x01, 0x02, 0x04, 0x08, 0x10, 0x20, 0x40, 0x80,
  0x00, 0x01, 0x02, 0x06, 0x7a, 0xef, 0x00, 0x01, 0x02, 0x04, 0x08, 0x10,
  0x20, 0x40, 0x80, 0x00, 0x01, 0x02, 0x04, 0x08, 0x10, 0x20, 0x40, 0x80,
  0x00, 0x01, 0x02, 0x04, 0x08, 0x10, 0x20, 0x40, 0x80, 0x00, 0x01, 0x02,
  0x04, 0x08, 0x10, 0x18, 0x10, 0x30, 0xd0, 0x0f, 0x20, 0x8b, 0x20, 0x40,
  0x80, 0x00, 0x01, 0x02, 0x04, 0x08, 0x10, 0x20, 0x40, 0x80, 0x00, 0x01,
  0x02, 0x04, 0x08, 0x10, 0x20, 0x40, 0x80, 0x00, 0x01, 0x02, 0x04, 0x08,
  0x10, 0x20, 0x40, 0x80, 0x00, 0x01, 0x02, 0x06, 0x7a, 0xef, 0x00, 0x01,
  0x02, 0x04, 0x08, 0x10, 0x20, 0x40, 0x80, 0x00, 0x01, 0x02, 0x04, 0x08,
  0x10, 0x20, 0x40, 0x80, 0x00, 0x01, 0x02, 0x04, 0x08, 0x10, 0x20, 0x40,
  0x80, 0x00, 0x01, 0x02, 0x04, 0x08, 0x10, 0x18, 0x10, 0x30, 0xd0, 0x0f,
  0x20, 0x8b, 0x20, 0x40, 0x80, 0x00, 0x01, 0x02, 0x04, 0x08, 0x10, 0x20,
  0x40, 0x80, 0x00, 0x01, 0x02, 0x04, 0x08, 0x10, 0x20, 0x40, 0x80, 0x00,
  0x01, 0x02, 0x04, 0x08, 0x10, 0x20, 0x40, 0x80, 0x00, 0x01, 0x02, 0x06,
  0x7a, 0xef, 0x00, 0x01, 0x02, 0x04, 0x08, 0x10, 0x20, 0x40, 0x80, 0x00,
  0x01, 0x02, 0x04, 0x08, 0x10, 0x20, 0x40, 0x80, 0x00, 0x01, 0x02, 0x04,
  0x08, 0x10, 0x20, 0x40, 0x80, 0x00, 0x01, 0x02, 0x04, 0x08, 0x10, 0x18,
  0x10, 0x30, 0xd0, 0x0f, 0x20, 0x8b, 0x20, 0x40, 0x80, 0x00, 0x01, 0x02,
  0x04, 0x08, 0x10, 0x20, 0x40, 0x80, 0x00, 0x01, 0x02, 0x04, 0x08, 0x10,
  0x20, 0x40, 0x80, 0x00, 0x01, 0x02, 0x04, 0x08, 0x10, 0x20, 0x40, 0x80,
  0x00, 0x01, 0x02, 0x06, 0x7a, 0xef, 0x00, 0x01, 0x02, 0x04, 0x08, 0x10,
  0x20, 0x40, 0x80, 0x00, 0x01, 0x02, 0x04, 0x08, 0x10, 0x20, 0x40, 0x80,
  0x00, 0x01, 0x02, 0x04, 0x08, 0x10, 0x20, 0x40, 0x80, 0x00, 0x01, 0x02,
  0x04, 0x08, 0x10, 0x18, 0x10, 0x30, 0xd0, 0x0f, 0x20, 0x8b, 0x20, 0x40,
  0x80, 0x00, 0x01, 0x02, 0x04, 0x08, 0x10, 0x20, 0x40, 0x80, 0x00, 0x01,
  0x02, 0x04, 0x08, 0x10, 0x20, 0x40, 0x80, 0x00, 0x01, 0x02, 0x04, 0x08,
  0x10, 0x20, 0x40, 0x80, 0x00, 0x01, 0x02, 0x06, 0x7a, 0xef, 0x00, 0x01,
  0x02, 0x04, 0x08, 0x10, 0x20, 0x40, 0x80, 0x00, 0x01, 0x02, 0x04, 0x08,
  0x10, 0x20, 0x40, 0x80, 0x00, 0x01, 0x02, 0x04, 0x08, 0x10, 0x20, 0x40,
  0x80, 0x00, 0x01, 0x02, 0x04, 0x08, 0x10, 0x18, 0x10, 0x30, 0xd0, 0x0f,
  0x20, 0x8b, 0x20, 0x40, 0x80, 0x00, 0x01, 0x02, 0x04, 0x08, 0x10, 0x20,
  0x40, 0x80, 0x00, 0x01, 0x02, 0x04, 0x08, 0x10, 0x20, 0x40, 0x80, 0x00,
  0x01, 0x02, 0x04, 0x08, 0x10, 0x20, 0x40, 0x80, 0x00, 0x01, 0x02, 0x06,
  0x7a, 0xef, 0x00, 0x01, 0x02, 0x04, 0x08, 0x10, 0x20, 0x40, 0x80, 0x00,
  0x01, 0x02, 0x04, 0x08, 0x10, 0x20, 0x40, 0x80, 0x00, 0x01, 0x02, 0x04,
  0x08, 0x10, 0x20, 0x40, 0x80, 0x00, 0x01, 0x02, 0x04, 0x08, 0x10, 0x18,
  0x10, 0x30, 0xd0, 0x0f, 0x20, 0x8b, 0x20, 0x40, 0x80, 0x00, 0x01, 0x02,
  0x04, 0x08, 0x10, 0x20, 0x40, 0x80, 0x00, 0x01, 0x02, 0x04, 0x08, 0x10,
  0x20, 0x40, 0x80, 0x00, 0x01, 0x02, 0x04, 0x08, 0x10, 0x20, 0x40, 0x80,
  0x00, 0x01, 0x02, 0x06, 0x7a, 0xef, 0x00, 0x01, 0x02, 0x04, 0x08, 0x10,
  0x20, 0x40, 0x80, 0x00, 0x01, 0x02, 0x04, 0x08, 0x10, 0x20, 0x40, 0x80,
  0x00, 0x01, 0x02, 0x04, 0x08, 0x10, 0x20, 0x40, 0x80, 0x00, 0x01, 0x02,
  0x04, 0x08, 0x10, 0x18, 0x10, 0x30, 0xd0, 0x0f, 0x20, 0x8b, 0x20, 0x40,
  0x80, 0x00, 0x01, 0x02, 0x04, 0x08, 0x10, 0x20, 0x40, 0x80, 0x00, 0x01,
  0x02, 0x04, 0x08, 0x10, 0x20, 0x40, 0x80, 0x00, 0x01, 0x02, 0x04, 0x08,
  0x10, 0x20, 0x40, 0x80, 0x00, 0x01, 0x02, 0x06, 0x7a, 0xef, 0x00, 0x01,
  0x02, 0x04, 0x08, 0x10, 0x20, 0x40, 0x80, 0x00, 0x01, 0x02, 0x04, 0x08,
  0x10, 0x20, 0x40, 0x80, 0x00, 0x01, 0x02, 0x04, 0x08, 0x10, 0x20, 0x40,
  0x80, 0x00, 0x01, 0x02, 0x04, 0x08, 0x10, 0x18, 0x10, 0x30, 0xd0, 0x0f,
  0x20, 0x8b, 0x20, 0x40, 0x80, 0x00, 0x01, 0x02, 0x04, 0x08, 0x10, 0x20,
  0x40, 0x80, 0x00, 0x01, 0x02, 0x04, 0x08, 0x10, 0x20, 0x40, 0x80, 0x00,
  0x01, 0x02, 0x04, 0x08, 0x10, 0x20, 0x40, 0x80, 0x00, 0x01, 0x02, 0x06,
  0x7a, 0xef, 0x00, 0x01, 0x02, 0x04, 0x08, 0x10, 0x20, 0x40, 0x80, 0x00,
  0x01, 0x02, 0x04, 0x08, 0x10, 0x20, 0x40, 0x80, 0x00, 0x01, 0x02, 0x04,
  0x08, 0x10, 0x20, 0x40, 0x80, 0x00, 0x01, 0x02, 0x04, 0x08, 0x10, 0x18,
  0x10, 0x30, 0xd0, 0x0f, 0x20, 0x8b, 0x20, 0x40, 0x80, 0x00, 0x01, 0x02,
  0x04, 0x08, 0x10, 0x20, 0x40, 0x80, 0x00, 0x01, 0x02, 0x04, 0x08, 0x10,
  0x20, 0x40, 0x80, 0x00, 0x01, 0x02, 0x04, 0x08, 0x10, 0x20, 0x40, 0x80,
  0x00, 0x01, 0x02, 0x06, 0x7a, 0xef, 0x00, 0x01, 0x02, 0x04, 0x08, 0x10,
  0x20, 0x40, 0x80, 0x00, 0x01, 0x02, 0x04, 0x08, 0x10, 0x20, 0x40, 0x80,
  0x00, 0x01, 0x02, 0x04, 0x08, 0x10, 0x20, 0x40, 0x80, 0x00, 0x01, 0x02,
  0x04, 0x08, 0x10, 0x18, 0x10, 0x30, 0xd0, 0x0f, 0x20, 0x8b, 0x20, 0x40,
  0x80, 0x00, 0x01, 0x02, 0x04, 0x08, 0x10, 0x20, 0x40, 0x80, 0x00, 0x01,
  0x02, 0x04, 0x08, 0x10, 0x20, 0x40, 0x80, 0x00, 0x01, 0x02, 0x04, 0x08,
  0x10, 0x20, 0x40, 0x80, 0x00, 0x01, 0x02, 0x06, 0x7a, 0xef, 0x00, 0x01,
  0x02, 0x04, 0x08, 0x10, 0x20, 0x40, 0x80, 0x00, 0x01, 0x02, 0x04, 0x08,
  0x10, 0x20, 0x40, 0x80, 0x00, 0x01, 0x02, 0x04, 0x08, 0x10, 0x20, 0x40,
  0x80, 0x00, 0x01, 0x02, 0x04, 0x08, 0x10, 0x18, 0x10, 0x30, 0xd0, 0x0f,
  0x20, 0x8b, 0x20, 0x40, 0x80, 0x00, 0x01, 0x02, 0x04, 0x08, 0x10, 0x20,
  0x40, 0x80, 0x00, 0x01, 0x02, 0x04, 0x08, 0x10, 0x20, 0x40, 0x80, 0x00,
  0x01, 0x02, 0x04, 0x08, 0x10, 0x20, 0x40, 0x80, 0x00, 0x01, 0x02, 0x06,
  0x7a, 0xef, 0x00, 0x01, 0x02, 0x04, 0x08, 0x10, 0x20, 0x40, 0x80, 0x00,
  0x01, 0x02, 0x04, 0x08, 0x10, 0x20, 0x40, 0x80, 0x00, 0x01, 0x02, 0x04,
  0x08, 0x10, 0x20, 0x40, 0x80, 0x00, 0x01, 0x02, 0x04, 0x08, 0x10, 0x18,
  0x10, 0x30, 0xd0, 0x0f, 0x20, 0x8b, 0x20, 0x40, 0x80, 0x00, 0x01, 0x02,
  0x04, 0x08, 0x10, 0x20, 0x40, 0x80, 0x00, 0x01, 0x02, 0x04, 0x08, 0x10,
  0x20, 0x40, 0x80, 0x00, 0x01, 0x02, 0x04, 0x08, 0x10, 0x20, 0x40, 0x80,
  0x00, 0x01, 0x02, 0x9b, 0x08, 0x08, 0x10, 0xe8, 0x12, 0xb8, 0x71, 0xf7,
  0x5a, 0x57, 0xe1, 0x05, 0xb5, 0xfd, 0xec, 0x8b, 0x2f, 0xa3, 0x4f, 0xf3,
  0xf0, 0x97, 0xb7, 0xa2, 0xf9, 0xc2, 0x09, 0x10, 0xe8, 0x11, 0xb8, 0x7d,
  0xfd, 0x66, 0xb4, 0xec, 0xa9, 0x73, 0xa7, 0xa3, 0xf9, 0xc2, 0x09, 0x24,
  0x04, 0xf6, 0xf7, 0x0e, 0x12, 0xb1, 0x5f, 0x65, 0x6e, 0xef, 0x6c, 0xc5,
  0xb2, 0x05, 0x13, 0x20, 0x40, 0x80, 0x00, 0x81, 0x09, 0x81, 0xcb, 0x27,
  0x1e, 0x4c, 0xc4, 0x7c, 0x6b, 0xc6, 0xae, 0xbf, 0xe7, 0xa3, 0xfe, 0xc2,
  0xfb, 0x04, 0x7e, 0xf1, 0xb3, 0x53, 0x7d, 0xa5, 0x35, 0x8e, 0xff, 0xdb,
  0x26, 0xf9, 0x6f, 0x3a, 0xe7, 0x27, 0x40, 0x60, 0x5e, 0xc0, 0x4f, 0xd0,
  0xcf, 0x9b, 0x4b, 0x24, 0x40, 0x80, 0x00, 0x01, 0x02, 0x04, 0x08, 0x10,
  0x20, 0x40, 0x80, 0x00, 0x01, 0x02, 0x04, 0x08, 0x10, 0x20, 0x40, 0x80,
  0x00, 0x01, 0x02, 0x04, 0x08, 0x10, 0x20, 0x40, 0x80, 0x00, 0x81, 0x42,
  0x01, 0x03, 0x7d, 0xe1, 0xd1, 0x55, 0x26, 0x40, 0x80, 0x00, 0x01, 0x02,
  0x04, 0x08, 0x10, 0x20, 0x40, 0x80, 0x00, 0x01, 0x02, 0x04, 0x08, 0x10,
  0x20, 0x40, 0x80, 0x00, 0x01, 0x02, 0x04, 0x08, 0x10, 0x20, 0x40, 0x80,
  0x00, 0x81, 0x79, 0x01, 0x03, 0xfd, 0xbc, 0xb9, 0x44, 0x02, 0x04, 0x08,
  0x10, 0x20, 0x40, 0x80, 0x00, 0x01, 0x02, 0x04, 0x08, 0x10, 0x20, 0x40,
  0x80, 0x00, 0x01, 0x02, 0x04, 0x08, 0x10, 0x20, 0x40, 0x80, 0x00, 0x01,
  0x02, 0x04, 0x08, 0x10, 0x28, 0x14, 0x30, 0xd0, 0x17, 0x1e, 0x5d, 0x65,
  0x02, 0x04, 0x08, 0x10, 0x20, 0x40, 0x80, 0x00, 0x01, 0x02, 0x04, 0x08,
  0x10, 0x20, 0x40, 0x80, 0x00, 0x01, 0x02, 0x04, 0x08, 0x10, 0x20, 0x40,
  0x80, 0x00, 0x01, 0x02, 0x04, 0x08, 0x10, 0x98, 0x17, 0x30, 0xd0, 0xcf,
  0x9b, 0x4b, 0x24, 0x40, 0x80, 0x00, 0x01, 0x02, 0x04, 0x08, 0x10, 0x20,
  0x40, 0x80, 0x00, 0x01, 0x02, 0x04, 0x08, 0x10, 0x20, 0x40, 0x80, 0x00,
  0x01, 0x02, 0x04, 0x08, 0x10, 0x20, 0x40, 0x80, 0x00, 0x81, 0x42, 0x01,
  0x03, 0x7d, 0xe1, 0xd1, 0x55, 0x26, 0x40, 0x80, 0x00, 0x01, 0x02, 0x04,
  0x08, 0x10, 0x20, 0x40, 0x80, 0x00, 0x01, 0x02, 0x04, 0x08, 0x10, 0x20,
  0x40, 0x80, 0x00, 0x01, 0x02, 0x04, 0x08, 0x10, 0x20, 0x40, 0x80, 0x00,
  0x81, 0x79, 0x01, 0x03, 0xfd, 0xbc, 0xb9, 0x44, 0x02, 0x04, 0x08, 0x10,
  0x20, 0x40, 0x80, 0x00, 0x01, 0x02, 0x04, 0x08, 0x10, 0x20, 0x40, 0x80,
  0x00, 0x01, 0x02, 0x04, 0x08, 0x10, 0x20, 0x40, 0x80, 0x00, 0x01, 0x02,
  0x04, 0x08, 0x10, 0x28, 0x14, 0x30, 0xd0, 0x17, 0x1e, 0x5d, 0x65, 0x02,
  0x04, 0x08, 0x10, 0x20, 0x40, 0x80, 0x00, 0x01, 0x02, 0x04, 0x08, 0x10,
  0x20, 0x40, 0x80, 0x00, 0x01, 0x02, 0x04, 0x08, 0x10, 0x20, 0x40, 0x80,
  0x00, 0x01, 0x02, 0x04, 0x08, 0x10, 0x98, 0x17, 0x30, 0xd0, 0xcf, 0x9b,
  0x4b, 0x24, 0x40, 0x80, 0x00, 0x01, 0x02, 0x04, 0x08, 0x10, 0x20, 0x40,
  0x80, 0x00, 0x01, 0x02, 0x04, 0x08, 0x10, 0x20, 0x40, 0x80, 0x00, 0x01,
  0x02, 0x04, 0x08, 0x10, 0x20, 0x40, 0x80, 0x00, 0x81, 0x42, 0x01, 0x03,
  0x7d, 0xe1, 0xd1, 0x55, 0x26, 0x40, 0x80, 0x00, 0x01, 0x02, 0x04, 0x08,
  0x10, 0x20, 0x40, 0x80, 0x00, 0x01, 0x02, 0x04, 0x08, 0x10, 0x20, 0x40,
  0x80, 0x00, 0x01, 0x02, 0x04, 0x08, 0x10, 0x20, 0x40, 0x80, 0x00, 0x81,
  0x79, 0x01, 0x03, 0xfd, 0xbc, 0xb9, 0x44, 0x02, 0x04, 0x08, 0x10, 0x20,
  0x40, 0x80, 0x00, 0x01, 0x02, 0x04, 0x08, 0x10, 0x20, 0x40, 0x80, 0x00,
  0x01, 0x02, 0x04, 0x08, 0x10, 0x20, 0x40, 0x80, 0x00, 0x01, 0x02, 0x04,
  0x08, 0x10, 0x28, 0x14, 0x30, 0xd0, 0x17, 0x1e, 0x5d, 0x65, 0x02, 0x04,
  0x08, 0x10, 0x20, 0x40, 0x80, 0x00, 0x01, 0x02, 0x04, 0x08, 0x10, 0x20,
  0x40, 0x80, 0x00, 0x01, 0x02, 0x04, 0x08, 0x10, 0x20, 0x40, 0x80, 0x00,
  0x01, 0x02, 0x04, 0x08, 0x10, 0x98, 0x17, 0x30, 0xd0, 0xcf, 0x9b, 0x4b,
  0x24, 0x40, 0x80, 0x00, 0x01, 0x02, 0x04, 0x08, 0x10, 0x20, 0x40, 0x80,
  0x00, 0x01, 0x02, 0x04, 0x08, 0x10, 0x20, 0x40, 0x80, 0x00, 0x01, 0x02,
  0x04, 0x08, 0x10, 0x20, 0x40, 0x80, 0x00, 0x81, 0x42, 0x01, 0x03, 0x7d,
  0xe1, 0xd1, 0x55, 0x26, 0x40, 0x80, 0x00, 0x01, 0x02, 0x04, 0x08, 0x10,
  0x20, 0x40, 0x80, 0x00, 0x01, 0x02, 0x04, 0x08, 0x10, 0x20, 0x40, 0x80,
  0x00, 0x01, 0x02, 0x04, 0x08, 0x10, 0x20, 0x40, 0x80, 0x00, 0x81, 0x79,
  0x01, 0x03, 0xfd, 0xbc, 0xb9, 0x44, 0x02, 0x04, 0x08, 0x10, 0x20, 0x40,
  0x80, 0x00, 0x01, 0x02, 0x04, 0x08, 0x10, 0x20, 0x40, 0x80, 0x00, 0x01,
  0x02, 0x04, 0x08, 0x10, 0x20, 0x40, 0x80, 0x00, 0x01, 0x02, 0x04, 0x08,
  0x10, 0x28, 0x14, 0x30, 0xd0, 0x17, 0x1e, 0x5d, 0x65, 0x02, 0x04, 0x08,
  0x10, 0x20, 0x40, 0x80, 0x00, 0x01, 0x02, 0x04, 0x08, 0x10, 0x20, 0x40,
  0x80, 0x00, 0x01, 0x02, 0x04, 0x08, 0x10, 0x20, 0x40, 0x80, 0x00, 0x01,
  0x02, 0x04, 0x08, 0x10, 0x98, 0x17, 0x30, 0xd0, 0xcf, 0x9b, 0x4b, 0x24,
  0x40, 0x80, 0x00, 0x01, 0x02, 0x04, 0x08, 0x10, 0x20, 0x40, 0x80, 0x00,
  0x01, 0x02, 0x04, 0x08, 0x10, 0x20, 0x40, 0x80, 0x00, 0x01, 0x02, 0x04,
  0x08, 0x10, 0x20, 0x40, 0x80, 0x00, 0x81, 0x42, 0x01, 0x03, 0x7d, 0xe1,
  0xd1, 0x55, 0x26, 0x40, 0x80, 0x00, 0x01, 0x02, 0x04, 0x08, 0x10, 0x20,
  0x40, 0x80, 0x00, 0x01, 0x02, 0x04, 0x08, 0x10, 0x20, 0x40, 0x80, 0x00,
  0x01, 0x02, 0x04, 0x08, 0x10, 0x20, 0x40, 0x80, 0x00, 0x81, 0x79, 0x01,
  0x03, 0xfd, 0xbc, 0xb9, 0x44, 0x02, 0x04, 0x08, 0x10, 0x20, 0x40, 0x80,
  0x00, 0x01, 0x02, 0x04, 0x08, 0x10, 0x20, 0x40, 0x80, 0x00, 0x01, 0x02,
  0x04, 0x08, 0x10, 0x20, 0x40, 0x80, 0x00, 0x01, 0x02, 0x04, 0x08, 0x10,
  0x28, 0x14, 0x30, 0xd0, 0x17, 0x1e, 0x5d, 0x65, 0x02, 0x04, 0x08, 0x10,
  0x20, 0x40, 0x80, 0x00, 0x01, 0x02, 0x04, 0x08, 0x10, 0x20, 0x40, 0x80,
  0x00, 0x01, 0x02, 0x04, 0x08, 0x10, 0x20, 0x40, 0x80, 0x00, 0x01, 0x02,
  0x04, 0x08, 0x10, 0x98, 0x17, 0x30, 0xd0, 0xcf, 0x9b, 0x4b, 0x24, 0x40,
  0x80, 0x00, 0x01, 0x02, 0x04, 0x08, 0x10, 0x20, 0x40, 0x80, 0x00, 0x01,
  0x02, 0x04, 0x08, 0x10, 0x20, 0x40, 0x80, 0x00, 0x01, 0x02, 0x04, 0x08,
  0x10, 0x20, 0x40, 0x80, 0x00, 0x81, 0x42, 0x01, 0x03, 0x7d, 0xe1, 0xd1,
  0x55, 0x26, 0x40, 0x80, 0x00, 0x01, 0x02, 0x04, 0x08, 0x10, 0x20, 0x40,
  0x80, 0x00, 0x01, 0x02, 0x04, 0x08, 0x10, 0x20, 0x40, 0x80, 0x00, 0x01,
  0x02, 0x04, 0x08, 0x10, 0x20, 0x40, 0x80, 0x00, 0x81, 0x79, 0x01, 0x03,
  0xfd, 0xbc, 0xb9, 0x44, 0x02, 0x04, 0x08, 0x10, 0x20, 0x40, 0x80, 0x00,
  0x01, 0x02, 0x04, 0x08, 0x10, 0x20, 0x40, 0x80, 0x00, 0x01, 0x02, 0x04,
  0x08, 0x10, 0x20, 0x40, 0x80, 0x00, 0x01, 0x02, 0x04, 0x08, 0x10, 0x28,
  0x14, 0x30, 0xd0, 0x17, 0x1e, 0x5d, 0x65, 0x02, 0x04, 0x08, 0x10, 0x20,
  0x40, 0x80, 0x00, 0x01, 0x02, 0x04, 0x08, 0x10, 0x20, 0x40, 0x80, 0x00,
  0x01, 0x02, 0x04, 0x08, 0x10, 0x20, 0x40, 0x80, 0x00, 0x01, 0x02, 0x04,
  0x08, 0x10, 0x98, 0x17, 0x30, 0xd0, 0xcf, 0x9b, 0x4b, 0x24, 0x40, 0x80,
  0x00, 0x01, 0x02, 0x04, 0x08, 0x10, 0x20, 0x40, 0x80, 0x00, 0x01, 0x02,
  0x04, 0x08, 0x10, 0x20, 0x40, 0x80, 0x00, 0x01, 0x02, 0x04, 0x08, 0x10,
  0x20, 0x40, 0x80, 0x00, 0x81, 0x42, 0x01, 0x03, 0x7d, 0xe1, 0xd1, 0x55,
  0x26, 0x40, 0x80, 0x00, 0x01, 0x02, 0x04, 0x08, 0x10, 0x20, 0x40, 0x80,
  0x00, 0x01, 0x02, 0x04, 0x08, 0x10, 0x20, 0x40, 0x80, 0x00, 0x01, 0x02,
  0x04, 0x08, 0x10, 0x20, 0x40, 0x80, 0x00, 0x81, 0x79, 0x01, 0x03, 0xfd,
  0xbc, 0xb9, 0x44, 0x02, 0x04, 0x08, 0x10, 0x20, 0x40, 0x80, 0x00, 0x01,
  0x02, 0x04, 0x08, 0x10, 0x20, 0x40, 0x80, 0x00, 0x01, 0x02, 0x04, 0x08,
  0x10, 0x20, 0x40, 0x80, 0x00, 0x01, 0x02, 0x04, 0x08, 0x10, 0x28, 0x14,
  0x30, 0xd0, 0x17, 0x1e, 0x5d, 0x65, 0x02, 0x04, 0x08, 0x10, 0x20, 0x40,
  0x80, 0x00, 0x01, 0x02, 0x04, 0x08, 0x10, 0x20, 0x40, 0x80, 0x00, 0x01,
  0x02, 0x04, 0x08, 0x10, 0x20, 0x40, 0x80, 0x00, 0x01, 0x02, 0x04, 0x08,
  0x10, 0x98, 0x17, 0x30, 0xd0, 0xcf, 0x9b, 0x4b, 0x24, 0x40, 0x80, 0x00,
  0x01, 0x02, 0x04, 0x08, 0x10, 0x20, 0x40, 0x80, 0x00, 0x01, 0x02, 0x04,
  0x08, 0x10, 0x20, 0x40, 0x80, 0x00, 0x01, 0x02, 0x04, 0x08, 0x10, 0x20,
  0x40, 0x80, 0x00, 0x81, 0x42, 0x01, 0x03, 0x7d, 0xe1, 0xd1, 0x55, 0x26,
  0x40, 0x80, 0x00, 0x01, 0x02, 0x04, 0x08, 0x10, 0x20, 0x40, 0x80, 0x00,
  0x01, 0x02, 0x04, 0x08, 0x10, 0x20, 0x40, 0x80, 0x00, 0x01, 0x02, 0x04,
  0x08, 0x10, 0x20, 0x40, 0x80, 0x00, 0x81, 0x79, 0x01, 0x03, 0xfd, 0xbc,
  0xb9, 0x44, 0x02, 0x04, 0x08, 0x10, 0x20, 0x40, 0x80, 0x00, 0x01, 0x02,
  0x04, 0x08, 0x10, 0x20, 0x40, 0x80, 0x00, 0x01, 0x02, 0x04, 0x08, 0x10,
  0x20, 0x40, 0x80, 0x00, 0x01, 0x02, 0x04, 0x08, 0x10, 0x28, 0x14, 0xd8,
  0x2c, 0xec, 0xac, 0x32, 0x01, 0x02, 0xa5, 0x02, 0x9f, 0x7d, 0xf1, 0x65,
  0x69, 0x73, 0xb5, 0x09, 0xe4, 0x04, 0xf6, 0xf7, 0x0e, 0x62, 0xe1, 0xdb,
  0x3b, 0x5b, 0xb1, 0x6c, 0xc1, 0x04, 0x08, 0x10, 0x98, 0x16, 0x78, 0xed,
  0xca, 0xab, 0xd3, 0x91, 0xbf, 0xcd, 0x7b, 0x7b, 0xe3, 0x9d, 0x58, 0xf6,
  0x61, 0xb0, 0x3f, 0xef, 0xa3, 0xfc, 0xc2, 0x09, 0x10, 0x20, 0x40, 0x60,
  0x40, 0xe0, 0xf2, 0x89, 0x07, 0x03, 0x29, 0xff, 0x7f, 0xc4, 0x6e, 0xf0,
  0xdf, 0x74, 0xfe, 0x9e, 0x8f, 0x9d, 0x3d, 0x1e, 0xec, 0xfb, 0xbb, 0xf8,
  0x09, 0x3c, 0x00, 0x81, 0x2a, 0x81, 0x4b, 0x6f, 0xbe, 0x1e, 0xed, 0x7b,
  0xe9, 0x8d, 0xb7, 0xa2, 0xf9, 0xc2, 0x33, 0x02, 0x7e, 0x82, 0x3e, 0xe3,
  0x2e, 0x95, 0x00, 0x01, 0x02, 0x04, 0x08, 0x10, 0x20, 0x40, 0x80, 0x00,
  0x01, 0x02, 0x04, 0x08, 0x10, 0x20, 0x40, 0x80, 0x00, 0x01, 0x02, 0x04,
  0x08, 0x10, 0x20, 0x40, 0x80, 0x00, 0x01, 0x02, 0x04, 0xca, 0x04, 0x0c,
  0xf4, 0x65, 0x07, 0x57, 0x97, 0x00, 0x01, 0x02, 0x04, 0x08, 0x10, 0x20,
  0x40, 0x80, 0x00, 0x01, 0x02, 0x04, 0x08, 0x10, 0x20, 0x40, 0x80, 0x00,
  0x01, 0x02, 0x04, 0x08, 0x10, 0x20, 0x40, 0x80, 0x00, 0x01, 0x02, 0x04,
  0x32, 0x02, 0x06, 0xfa, 0x8c, 0xbb, 0x54, 0x02, 0x04, 0x08, 0x10, 0x20,
  0x40, 0x80, 0x00, 0x01, 0x02, 0x04, 0x08, 0x10, 0x20, 0x40, 0x80, 0x00,
  0x01, 0x02, 0x04, 0x08, 0x10, 0x20, 0x40, 0x80, 0x00, 0x01, 0x02, 0x04,
  0x08, 0x10, 0x28, 0x13, 0x30, 0xd0, 0x97, 0x1d, 0x5c, 0x5d, 0x02, 0x04,
  0x08, 0x10, 0x20, 0x40, 0x80, 0x00, 0x01, 0x02, 0x04, 0x08, 0x10, 0x20,
  0x40, 0x80, 0x00, 0x01, 0x02, 0x04, 0x08, 0x10, 0x20, 0x40, 0x80, 0x00,
  0x01, 0x02, 0x04, 0x08, 0x10, 0xc8, 0x08, 0x18, 0xe8, 0x33, 0xee, 0x52,
  0x09, 0x10, 0x20, 0x40, 0x80, 0x00, 0x01, 0x02, 0x04, 0x08, 0x10, 0x20,
  0x40, 0x80, 0x00, 0x01, 0x02, 0x04, 0x08, 0x10, 0x20, 0x40, 0x80, 0x00,
  0x01, 0x02, 0x04, 0x08, 0x10, 0x20, 0x40, 0xa0, 0x4c, 0xc0, 0x40, 0x5f,
  0x76, 0x70, 0x75, 0x09, 0x10, 0x20, 0x40, 0x80, 0x00, 0x01, 0x02, 0x04,
  0x08, 0x10, 0x20, 0x40, 0x80, 0x00, 0x01, 0x02, 0x04, 0x08, 0x10, 0x20,
  0x40, 0x80, 0x00, 0x01, 0x02, 0x04, 0x08, 0x10, 0x20, 0x40, 0x20, 0x23,
  0x60, 0xa0, 0xcf, 0xb8, 0x4b, 0x25, 0x40, 0x80, 0x00, 0x01, 0x02, 0x04,
  0x08, 0x10, 0x20, 0x40, 0x80, 0x00, 0x01, 0x02, 0x04, 0x08, 0x10, 0x20,
  0x40, 0x80, 0x00, 0x01, 0x02, 0x04, 0x08, 0x10, 0x20, 0x40, 0x80, 0x00,
  0x81, 0x32, 0x01, 0x03, 0x7d, 0xd9, 0xc1, 0xd5, 0x25, 0x40, 0x80, 0x00,
  0x01, 0x02, 0x04, 0x08, 0x10, 0x20, 0x40, 0x80, 0x00, 0x01, 0x02, 0x04,
  0x08, 0x10, 0x20, 0x40, 0x80, 0x00, 0x01, 0x02, 0x04, 0x08, 0x10, 0x20,
  0x40, 0x80, 0x00, 0x81, 0x8c, 0x80, 0x81, 0x3e, 0xe3, 0x2e, 0x95, 0x00,
  0x01, 0x02, 0x04, 0x08, 0x10, 0x20, 0x40, 0x80, 0x00, 0x01, 0x02, 0x04,
  0x08, 0x10, 0x20, 0x40, 0x80, 0x00, 0x01, 0x02, 0x04, 0x08, 0x10, 0x20,
  0x40, 0x80, 0x00, 0x01, 0x02, 0x04, 0xca, 0x04, 0x0c, 0xf4, 0x65, 0x07,
  0x57, 0x97, 0x00, 0x01, 0x02, 0x04, 0x08, 0x10, 0x20, 0x40, 0x80, 0x00,
  0x01, 0x02, 0x04, 0x08, 0x10, 0x20, 0x40, 0x80, 0x00, 0x01, 0x02, 0x04,
  0x08, 0x10, 0x20, 0x40, 0x80, 0x00, 0x01, 0x02, 0x04, 0x32, 0x02, 0x06,
  0xfa, 0x8c, 0xbb, 0x54, 0x02, 0x04, 0x08, 0x10, 0x20, 0x40, 0x80, 0x00,
  0x01, 0x02, 0x04, 0x08, 0x10, 0x20, 0x40, 0x80, 0x00, 0x01, 0x02, 0x04,
  0x08, 0x10, 0x20, 0x40, 0x80, 0x00, 0x01, 0x02, 0x04, 0x08, 0x10, 0x28,
  0x13, 0x30, 0xd0, 0x97, 0x1d, 0x5c, 0x5d, 0x02, 0x04, 0x08, 0x10, 0x20,
  0x40, 0x80, 0x00, 0x01, 0x02, 0x04, 0x08, 0x10, 0x20, 0x40, 0x80, 0x00,
  0x01, 0x02, 0x04, 0x08, 0x10, 0x20, 0x40, 0x80, 0x00, 0x01, 0x02, 0x04,
  0x08, 0x10, 0xc8, 0x08, 0x18, 0xe8, 0x33, 0xee, 0x52, 0x09, 0x10, 0x20,
  0x40, 0x80, 0x00, 0x01, 0x02, 0x04, 0x08, 0x10, 0x20, 0x40, 0x80, 0x00,
  0x01, 0x02, 0x04, 0x08, 0x10, 0x20, 0x40, 0x80, 0x00, 0x01, 0x02, 0x04,
  0x08, 0x10, 0x20, 0x40, 0xa0, 0x4c, 0xc0, 0x40, 0x5f, 0x76, 0x70, 0x75,
  0x09, 0x10, 0x20, 0x40, 0x80, 0x00, 0x01, 0x02, 0x04, 0x08, 0x10, 0x20,
  0x40, 0x80, 0x00, 0x01, 0x02, 0x04, 0x08, 0x10, 0x20, 0x40, 0x80, 0x00,
  0x01, 0x02, 0x04, 0x08, 0x10, 0x20, 0x40, 0x20, 0x23, 0x60, 0xa0, 0xcf,
  0xb8, 0x4b, 0x25, 0x40, 0x80, 0x00, 0x01, 0x02, 0x04, 0x08, 0x10, 0x20,
  0x40, 0x80, 0x00, 0x01, 0x02, 0x04, 0x08, 0x10, 0x20, 0x40, 0x80, 0x00,
  0x01, 0x02, 0x04, 0x08, 0x10, 0x20, 0x40, 0x80, 0x00, 0x81, 0x32, 0x01,
  0x03, 0x7d, 0xd9, 0xc1, 0xd5, 0x25, 0x40, 0x80, 0x00, 0x01, 0x02, 0x04,
  0x08, 0x10, 0x20, 0x40, 0x80, 0x00, 0x01, 0x02, 0x04, 0x08, 0x10, 0x20,
  0x40, 0x80, 0x00, 0x01, 0x02, 0x04, 0x08, 0x10, 0x20, 0x40, 0x80, 0x00,
  0x81, 0x8c, 0x80, 0x81, 0x3e, 0xe3, 0x2e, 0x95, 0x00, 0x01, 0x02, 0x04,
  0x08, 0x10, 0x20, 0x40, 0x80, 0x00, 0x01, 0x02, 0x04, 0x08, 0x10, 0x20,
  0x40, 0x80, 0x00, 0x01, 0x02, 0x04, 0x08, 0x10, 0x20, 0x40, 0x80, 0x00,
  0x01, 0x02, 0x04, 0xca, 0x04, 0x0c, 0xf4, 0x65, 0x07, 0x57, 0x97, 0x00,
  0x01, 0x02, 0x04, 0x08, 0x10, 0x20, 0x40, 0x80, 0x00, 0x01, 0x02, 0x04,
  0x08, 0x10, 0x20, 0x40, 0x80, 0x00, 0x01, 0x02, 0x04, 0x08, 0x10, 0x20,
  0x40, 0x80, 0x00, 0x01, 0x02, 0x04, 0x32, 0x02, 0x06, 0xfa, 0x8c, 0xbb,
  0x54, 0x02, 0x04, 0x08, 0x10, 0x20, 0x40, 0x80, 0x00, 0x01, 0x02, 0x04,
  0x08, 0x10, 0x20, 0x40, 0x80, 0x00, 0x01, 0x02, 0x04, 0x08, 0x10, 0x20,
  0x40, 0x80, 0x00, 0x01, 0x02, 0x04, 0x08, 0x10, 0x28, 0x13, 0x30, 0xd0,
  0x97, 0x1d, 0x5c, 0x5d, 0x02, 0x04, 0x08, 0x10, 0x20, 0x40, 0x80, 0x00,
  0x01, 0x02, 0x04, 0x08, 0x10, 0x20, 0x40, 0x80, 0x00, 0x01, 0x02, 0x04,
  0x08, 0x10, 0x20, 0x40, 0x80, 0x00, 0x01, 0x02, 0x04, 0x08, 0x10, 0xc8,
  0x08, 0x18, 0xe8, 0x33, 0xee, 0x52, 0x09, 0x10, 0x20, 0x40, 0x80, 0x00,
  0x01, 0x02, 0x04, 0x08, 0x10, 0x20, 0x40, 0x80, 0x00, 0x01, 0x02, 0x04,
  0x08, 0x10, 0x20, 0x40, 0x80, 0x00, 0x01, 0x02, 0x04, 0x08, 0x10, 0x20,
  0x40, 0xa0, 0x4c, 0xc0, 0x40, 0x5f, 0x76, 0x70, 0x75, 0x09, 0x10, 0x20,
  0x40, 0x80, 0x00, 0x01, 0x02, 0x04, 0x08, 0x10, 0x20, 0x40, 0x80, 0x00,
  0x01, 0x02, 0x04, 0x08, 0x10, 0x20, 0x40, 0x80, 0x00, 0x01, 0x02, 0x04,
  0x08, 0x10, 0x20, 0x40, 0x20, 0x23, 0x60, 0xa0, 0xcf, 0xb8, 0x4b, 0x25,
  0x40, 0x80, 0x00, 0x01, 0x02, 0x04, 0x08, 0x10, 0x20, 0x40, 0x80, 0x00,
  0x01, 0x02, 0x04, 0x08, 0x10, 0x20, 0x40, 0x80, 0x00, 0x01, 0x02, 0x04,
  0x08, 0x10, 0x20, 0x40, 0x80, 0x00, 0x81, 0x32, 0x01, 0x03, 0x7d, 0xd9,
  0xc1, 0xd5, 0x25, 0x40, 0x80, 0x00, 0x01, 0x02, 0x04, 0x08, 0x10, 0x20,
  0x40, 0x80, 0x00, 0x01, 0x02, 0x04, 0x08, 0x10, 0x20, 0x40, 0x80, 0x00,
  0x01, 0x02, 0x04, 0x08, 0x10, 0x20, 0x40, 0x80, 0x00, 0x81, 0x8c, 0x80,
  0x81, 0x3e, 0xe3, 0x2e, 0x95, 0x00, 0x01, 0x02, 0x04, 0x08, 0x10, 0x20,
  0x40, 0x80, 0x00, 0x01, 0x02, 0x04, 0x08, 0x10, 0x20, 0x40, 0x80, 0x00,
  0x01, 0x02, 0x04, 0x08, 0x10, 0x20, 0x40, 0x80, 0x00, 0x01, 0x02, 0x04,
  0xca, 0x04, 0x0c, 0xf4, 0x65, 0x07, 0x57, 0x97, 0x00, 0x01, 0x02, 0x04,
  0x08, 0x10, 0x20, 0x40, 0x80, 0x00, 0x01, 0x02, 0x04, 0x08, 0x10, 0x20,
  0x40, 0x80, 0x00, 0x01, 0x02, 0x04, 0x08, 0x10, 0x20, 0x40, 0x80, 0x00,
  0x01, 0x02, 0x04, 0x32, 0x02, 0x06, 0xfa, 0x8c, 0xbb, 0x54, 0x02, 0x04,
  0x08, 0x10, 0x20, 0x40, 0x80, 0x00, 0x01, 0x02, 0x04, 0x08, 0x10, 0x20,
  0x40, 0x80, 0x00, 0x01, 0x02, 0x04, 0x08, 0x10, 0x20, 0x40, 0x80, 0x00,
  0x01, 0x02, 0x04, 0x08, 0x10, 0x28, 0x13, 0x30, 0xd0, 0x97, 0x1d, 0x5c,
  0x5d, 0x02, 0x04, 0x08, 0x10, 0x20, 0x40, 0x80, 0x00, 0x01, 0x02, 0x04,
  0x08, 0x10, 0x20, 0x40, 0x80, 0x00, 0x01, 0x02, 0x04, 0x08, 0x10, 0x20,
  0x40, 0x80, 0x00, 0x01, 0x02, 0x04, 0x08, 0x10, 0xc8, 0x08, 0x18, 0xe8,
  0x33, 0xee, 0x52, 0x09, 0x10, 0x20, 0x40, 0x80, 0x00, 0x01, 0x02, 0x04,
  0x08, 0x10, 0x20, 0x40, 0x80, 0x00, 0x01, 0x02, 0x04, 0x08, 0x10, 0x20,
  0x40, 0x80, 0x00, 0x01, 0x02, 0x04, 0x08, 0x10, 0x20, 0x40, 0xa0, 0x4c,
  0xc0, 0x40, 0x5f, 0x76, 0x70, 0x75, 0x09, 0x10, 0x20, 0x40, 0x80, 0x00,
  0x01, 0x02, 0x04, 0x08, 0x10, 0x20, 0x40, 0x80, 0x00, 0x01, 0x02, 0x04,
  0x08, 0x10, 0x20, 0x40, 0x80, 0x00, 0x01, 0x02, 0x04, 0x08, 0x10, 0x20,
  0x40, 0x20, 0x23, 0xb0, 0x99, 0x89, 0x95, 0x4a, 0xa0, 0x5b, 0xe0, 0xc6,
  0xdd, 0x6b, 0xdd, 0x00, 0xda, 0x13, 0x20, 0x40, 0x80, 0x00, 0x81, 0x23,
  0x14, 0x78, 0xfb, 0xe2, 0x3b, 0x47, 0xf8, 0xe9, 0xdf, 0xfd, 0xd1, 0xaf,
  0x5d, 0x79, 0xf5, 0xbb, 0x7f, 0x91, 0x5f, 0x41, 0x80, 0x00, 0x01, 0x02,
  0x8f, 0x24, 0xf0, 0xc1, 0xb1, 0x9f, 0x3e, 0xd2, 0xd7, 0x3f, 0xea, 0x17,
  0xbf, 0x70, 0xff, 0x93, 0x47, 0xfd, 0x08, 0x5f, 0x4f, 0xe0, 0x07, 0x0b,
  0x1c, 0x3f, 0x79, 0xe6, 0x07, 0x7f, 0x8d, 0x2f, 0x58, 0x87, 0xc0, 0xbd,
  0x4f, 0x3f, 0x5e, 0x47, 0x11, 0x2d, 0x08, 0x10, 0xf8, 0x5e, 0x02, 0xd1,
  0xdf, 0xf3, 0xe1, 0xef, 0xb1, 0xbe, 0x17, 0x90, 0x5f, 0x44, 0x80, 0x00,
  0x81, 0x15, 0x08, 0xf8, 0x09, 0xfa, 0x15, 0x1c, 0x51, 0x05, 0x02, 0x04,
  0x08, 0x10, 0x20, 0x40, 0x80, 0x00, 0x01, 0x02, 0x04, 0x08, 0x10, 0x20,
  0x40, 0x80, 0x00, 0x01, 0x02, 0x04, 0x08, 0x10, 0x20, 0x40, 0x80, 0x00,
  0x01, 0x02, 0x04, 0x08, 0x10, 0x58, 0xbe, 0x80, 0x81, 0x7e, 0xf9, 0x37,
  0xf2, 0x84, 0x04, 0x08, 0x10, 0x20, 0x40, 0x80, 0x00, 0x01, 0x02, 0x04,
  0x08, 0x10, 0x20, 0x40, 0x80, 0x00, 0x01, 0x02, 0x04, 0x08, 0x10, 0x20,
  0x40, 0x80, 0x00, 0x01, 0x02, 0x04, 0x08, 0x10, 0x20, 0xb0, 0x02, 0x01,
  0x03, 0xfd, 0x0a, 0x8e, 0xa8, 0x02, 0x01, 0x02, 0x04, 0x08, 0x10, 0x20,
  0x40, 0x80, 0x00, 0x01, 0x02, 0x04, 0x08, 0x10, 0x20, 0x40, 0x80, 0x00,
  0x01, 0x02, 0x04, 0x08, 0x10, 0x20, 0x40, 0x80, 0x00, 0x01, 0x02, 0x04,
  0x08, 0x2c, 0x5f, 0xc0, 0x40, 0xbf, 0xfc, 0x1b, 0x79, 0x42, 0x02, 0x04,
  0x08, 0x10, 0x20, 0x40, 0x80, 0x00, 0x01, 0x02, 0x04, 0x08, 0x10, 0x20,
  0x40, 0x80, 0x00, 0x01, 0x02, 0x04, 0x08, 0x10, 0x20, 0x40, 0x80, 0x00,
  0x01, 0x02, 0x04, 0x08, 0x10, 0x58, 0x81, 0x80, 0x81, 0x7e, 0x05, 0x47,
  0x54, 0x81, 0x00, 0x01, 0x02, 0x04, 0x08, 0x10, 0x20, 0x40, 0x80, 0x00,
  0x01, 0x02, 0x04, 0x08, 0x10, 0x20, 0x40, 0x80, 0x00, 0x01, 0x02, 0x04,
  0x08, 0x10, 0x20, 0x40, 0x80, 0x00, 0x01, 0x02, 0x04, 0x96, 0x2f, 0x60,
  0xa0, 0x5f, 0xfe, 0x8d, 0x3c, 0x21, 0x01, 0x02, 0x04, 0x08, 0x10, 0x20,
  0x40, 0x80, 0x00, 0x01, 0x02, 0x04, 0x08, 0x10, 0x20, 0x40, 0x80, 0x00,
  0x01, 0x02, 0x04, 0x08, 0x10, 0x20, 0x40, 0x80, 0x00, 0x01, 0x02, 0x04,
  0x08, 0xac, 0x40, 0xc0, 0x40, 0xbf, 0x82, 0x23, 0xaa, 0x40, 0x80, 0x00,
  0x01, 0x02, 0x04, 0x08, 0x10, 0x20, 0x40, 0x80, 0x00, 0x01, 0x02, 0x04,
  0x08, 0x10, 0x20, 0x40, 0x80, 0x00, 0x01, 0x02, 0x04, 0x08, 0x10, 0x20,
  0x40, 0x80, 0x00, 0x01, 0x02, 0xcb, 0x17, 0x30, 0xd0, 0x2f, 0xff, 0x46,
  0x9e, 0x90, 0x00, 0x01, 0x02, 0x04, 0x08, 0x10, 0x20, 0x40, 0x80, 0x00,
  0x01, 0x02, 0x04, 0x08, 0x10, 0x20, 0x40, 0x80, 0x00, 0x01, 0x02, 0x04,
  0x08, 0x10, 0x20, 0x40, 0x80, 0x00, 0x01, 0x02, 0x04, 0x56, 0x20, 0x60,
  0xa0, 0x5f, 0xc1, 0x11, 0x55, 0x20, 0x40, 0x80, 0x00, 0x01, 0x02, 0x04,
  0x08, 0x10, 0x20, 0x40, 0x80, 0x00, 0x01, 0x02, 0x04, 0x08, 0x10, 0x20,
  0x40, 0x80, 0x00, 0x01, 0x02, 0x04, 0x08, 0x10, 0x20, 0x40, 0x80, 0x00,
  0x81, 0xe5, 0x0b, 0x18, 0xe8, 0x97, 0x7f, 0x23, 0x4f, 0x48, 0x80, 0x00,
  0x01, 0x02, 0x04, 0x08, 0x10, 0x20, 0x40, 0x80, 0x00, 0x01, 0x02, 0x04,
  0x08, 0x10, 0x20, 0x40, 0x80, 0x00, 0x01, 0x02, 0x04, 0x08, 0x10, 0x20,
  0x40, 0x80, 0x00, 0x01, 0x02, 0x2b, 0x10, 0x30, 0xd0, 0xaf, 0xe0, 0x88,
  0x2a, 0x10, 0x20, 0x40, 0x80, 0x00, 0x01, 0x02, 0x04, 0x08, 0x10, 0x20,
  0x40, 0x80, 0x00, 0x01, 0x02, 0x04, 0x08, 0x10, 0x20, 0x40, 0x80, 0x00,
  0x01, 0x02, 0x04, 0x08, 0x10, 0x20, 0x40, 0x80, 0xc0, 0xf2, 0x05, 0x0c,
  0xf4, 0xcb, 0xbf, 0x91, 0x27, 0x24, 0x40, 0x80, 0x00, 0x01, 0x02, 0x04,
  0x08, 0x10, 0x20, 0x40, 0x80, 0x00, 0x01, 0x02, 0x04, 0x08, 0x10, 0x20,
  0x40, 0x80, 0x00, 0x01, 0x02, 0x04, 0x08, 0x10, 0x20, 0x40, 0x80, 0x00,
  0x81, 0x15, 0x08, 0x18, 0xe8, 0x57, 0x70, 0x44, 0x15, 0x08, 0x10, 0x20,
  0x40, 0x80, 0x00, 0x01, 0x02, 0x04, 0x08, 0x10, 0x20, 0x40, 0x80, 0x00,
  0x01, 0x02, 0x04, 0x08, 0x10, 0x20, 0x40, 0x80, 0x00, 0x01, 0x02, 0x04,
  0x08, 0x10, 0x20, 0x40, 0x60, 0xf9, 0x02, 0x06, 0xfa, 0xe5, 0xdf, 0xc8,
  0x13, 0x12, 0x20, 0x40, 0x80, 0x00, 0x01, 0x02, 0x04, 0x08, 0x10, 0x20,
  0x40, 0x80, 0x00, 0x01, 0x02, 0x04, 0x08, 0x10, 0x20, 0x40, 0x80, 0x00,
  0x01, 0x02, 0x04, 0x08, 0x10, 0x20, 0x40, 0x80, 0xc0, 0x0a, 0x04, 0x0c,
  0xf4, 0x2b, 0x38, 0xa2, 0x0a, 0x04, 0x08, 0x10, 0x20, 0x40, 0x80, 0x00,
  0x01, 0x02, 0x04, 0x08, 0x10, 0x20, 0x40, 0x80, 0x00, 0x01, 0x02, 0x04,
  0x08, 0x10, 0x20, 0x40, 0x80, 0x00, 0x01, 0x02, 0x04, 0x08, 0x10, 0x20,
  0xb0, 0x7c, 0x01, 0x03, 0xfd, 0xf2, 0x6f, 0xe4, 0x09, 0x09, 0x10, 0x20,
  0x40, 0x80, 0x00, 0x01, 0x02, 0x04, 0x08, 0x10, 0x20, 0x40, 0x80, 0x00,
  0x01, 0x02, 0x04, 0x08, 0x10, 0x20, 0x40, 0x80, 0x00, 0x01, 0x02, 0x04,
  0x08, 0x10, 0x20, 0x40, 0x60, 0x05, 0x02, 0x06, 0xfa, 0x15, 0x1c, 0x51,
  0x05, 0x02, 0x04, 0x08, 0x10, 0x20, 0x40, 0x80, 0x00, 0x01, 0x02, 0x04,
  0x08, 0x10, 0x20, 0x40, 0x80, 0x00, 0x01, 0x02, 0x04, 0x08, 0x10, 0x20,
  0x40, 0x80, 0x00, 0x01, 0x02, 0x04, 0x08, 0x10, 0x58, 0xbe, 0x80, 0x81,
  0x7e, 0xf9, 0x37, 0xf2, 0x84, 0x04, 0x08, 0x10, 0x20, 0x40, 0x80, 0x00,
  0x01, 0x02, 0x04, 0x08, 0x10, 0x20, 0x40, 0x80, 0x00, 0x01, 0x02, 0x04,
  0x08, 0x10, 0x20, 0x40, 0x80, 0x00, 0x01, 0x02, 0x04, 0x08, 0x10, 0x20,
  0xb0, 0x02, 0x01, 0x03, 0xfd, 0x0a, 0x8e, 0xa8, 0x02, 0x01, 0x02, 0x04,
  0x08, 0x10, 0x20, 0x40, 0x80, 0x00, 0x01, 0x02, 0x04, 0x08, 0x10, 0x20,
  0x40, 0x80, 0x00, 0x01, 0x02, 0x04, 0x08, 0x10, 0x20, 0x40, 0x80, 0x00,
  0x01, 0x02, 0x04, 0x08, 0x2c, 0x5f, 0xc0, 0x40, 0xbf, 0xfc, 0x1b, 0x79,
  0x42, 0x02, 0x04, 0x08, 0x10, 0x20, 0x40, 0x80, 0x00, 0x01, 0x02, 0x04,
  0x08, 0x10, 0x20, 0x40, 0x80, 0x00, 0x01, 0x02, 0x04, 0x08, 0x10, 0x20,
  0x40, 0x80, 0x00, 0x01, 0x02, 0x04, 0x08, 0x10, 0x58, 0x81, 0x80, 0x81,
  0x7e, 0x05, 0x47, 0x54, 0x81, 0x00, 0x01, 0x02, 0x04, 0x08, 0x10, 0x20,
  0x40, 0x80, 0x00, 0x01, 0x02, 0x04, 0x08, 0x10, 0x20, 0x40, 0x80, 0x00,
  0x01, 0x02, 0x04, 0x08, 0x10, 0x20, 0x40, 0x80, 0x00, 0x01, 0x02, 0x04,
  0x96, 0x2f, 0x60, 0xa0, 0x5f, 0xfe, 0x8d, 0x3c, 0x21, 0x01, 0x02, 0x04,
  0x08, 0x10, 0x20, 0x40, 0x80, 0x00, 0x01, 0x02, 0x04, 0x08, 0x10, 0x20,
  0x40, 0x80, 0x00, 0x01, 0x02, 0x04, 0x08, 0x10, 0x20, 0x40, 0x80, 0x00,
  0x01, 0x02, 0x04, 0x08, 0xac, 0x40, 0xc0, 0x40, 0xbf, 0x82, 0x23, 0xaa,
  0x40, 0x80, 0x00, 0x01, 0x02, 0x04, 0x08, 0x10, 0x20, 0x40, 0x80, 0x00,
  0x01, 0x02, 0x04, 0x08, 0x10, 0x20, 0x40, 0x80, 0x00, 0x01, 0x02, 0x04,
  0x08, 0x10, 0x20, 0x40, 0x80, 0x00, 0x01, 0x02, 0xcb, 0x17, 0x30, 0xd0,
  0x2f, 0xff, 0x46, 0x9e, 0x90, 0x00, 0x01, 0x02, 0x04, 0x08, 0x10, 0x20,
  0x40, 0x80, 0x00, 0x01, 0x02, 0x04, 0x08, 0x10, 0x20, 0x40, 0x80, 0x00,
  0x01, 0x02, 0x04, 0x08, 0x10, 0x20, 0x40, 0x80, 0x00, 0x01, 0x02, 0x04,
  0x56, 0x20, 0x60, 0xa0, 0x5f, 0xc1, 0x11, 0x55, 0x20, 0x40, 0x80, 0x00,
  0x01, 0x02, 0x04, 0x08, 0x10, 0x20, 0x40, 0x80, 0x00, 0x01, 0x02, 0x04,
  0x08, 0x10, 0x20, 0x40, 0x80, 0x00, 0x01, 0x02, 0x04, 0x08, 0x10, 0x20,
  0x40, 0x80, 0x00, 0x81, 0xe5, 0x0b, 0x18, 0xe8, 0x97, 0x7f, 0x23, 0x4f,
  0x48, 0x80, 0x00, 0x01, 0x02, 0x04, 0x08, 0x10, 0x20, 0x40, 0x80, 0x00,
  0x01, 0x02, 0x04, 0x08, 0x10, 0x20, 0x40, 0x80, 0x00, 0x01, 0x02, 0x04,
  0x08, 0x10, 0x20, 0x40, 0x80, 0x00, 0x01, 0x02, 0x2b, 0x10, 0x30, 0xd0,
  0xaf, 0xe0, 0x88, 0x2a, 0x10, 0x20, 0x40, 0x80, 0x00, 0x01, 0x02, 0x04,
  0x08, 0x10, 0x20, 0x40, 0x80, 0x00, 0x01, 0x02, 0x04, 0x08, 0x10, 0x20,
  0x40, 0x80, 0x00, 0x01, 0x02, 0x04, 0x08, 0x10, 0x20, 0x40, 0x80, 0xc0,
  0xf2, 0x05, 0x0c, 0xf4, 0xcb, 0xbf, 0x91, 0x27, 0x24, 0x40, 0x80, 0x00,
  0x01, 0x02, 0x04, 0x08, 0x10, 0x20, 0x40, 0x80, 0x00, 0x01, 0x02, 0x04,
  0x08, 0x10, 0x20, 0x40, 0x80, 0x00, 0x01, 0x02, 0x04, 0x08, 0x10, 0x20,
  0x40, 0x80, 0x00, 0x81, 0x15, 0x08, 0x18, 0xe8, 0x57, 0x70, 0x44, 0x15,
  0x08, 0x10, 0x20, 0x40, 0x80, 0x00, 0x01, 0x02, 0x04, 0x08, 0x10, 0x20,
  0x40, 0x80, 0x00, 0x01, 0x02, 0x04, 0x08, 0x10, 0x20, 0x40, 0x80, 0x00,
  0x01, 0x02, 0x04, 0x08, 0x10, 0x20, 0x40, 0x60, 0xf9, 0x02, 0x06, 0xfa,
  0xe5, 0xdf, 0xc8, 0x13, 0x12, 0x20, 0x40, 0x80, 0x00, 0x01, 0x02, 0x04,
  0x08, 0x10, 0x20, 0x40, 0x80, 0x00, 0x01, 0x02, 0x04, 0x08, 0x10, 0x20,
  0x40, 0x80, 0x00, 0x01, 0x02, 0x04, 0x08, 0x10, 0x20, 0x40, 0x80, 0xc0,
  0x0a, 0x04, 0x0c, 0xf4, 0x2b, 0x38, 0xa2, 0x0a, 0x04, 0x08, 0x10, 0x20,
  0x40, 0x80, 0x00, 0x01, 0x02, 0x04, 0x08, 0x10, 0x20, 0x40, 0x80, 0x00,
  0x01, 0x02, 0x04, 0x08, 0x10, 0x20, 0x40, 0x80, 0x00, 0x01, 0x02, 0x04,
  0x08, 0x10, 0x20, 0xb0, 0x7c, 0x81, 0xcd, 0xe5, 0x3f, 0xa2, 0x27, 0x3c,
  0x2a, 0x81, 0x1b, 0x77, 0xaf, 0x1d, 0xd5, 0x47, 0x2f, 0xfe, 0x73, 0x3f,
  0x7f, 0xef, 0xfd, 0xec, 0x33, 0x9e, 0xef, 0xb5, 0xff, 0xec, 0x8b, 0x2f,
  0x63, 0xf6, 0xcf, 0x3e, 0xf9, 0x44, 0x2c, 0xfb, 0x30, 0x38, 0xd9, 0x3d,
  0x5a, 0x5c, 0x78, 0x54, 0x60, 0x7f, 0xef, 0x20, 0x9a, 0xbf, 0xbd, 0xb3,
  0x15, 0xcd, 0x17, 0x4e, 0x80, 0x00, 0x01, 0x02, 0x47, 0x2f, 0xf0, 0xda,
  0x95, 0x57, 0x8f, 0x3e, 0xe4, 0x77, 0x24, 0xbc, 0xbd, 0xf1, 0x4e, 0x34,
  0xdf, 0xdf, 0x75, 0x51, 0x7e, 0xe1, 0x04, 0xc6, 0x05, 0x8e, 0x9f, 0x3c,
  0x33, 0x9e, 0x29, 0x70, 0x63, 0xe3, 0xc2, 0xd9, 0xe7, 0xab, 0x19, 0xfe,
  0xf9, 0xe7, 0xbb, 0xd5, 0xfd, 0x95, 0x27, 0x30, 0x2d, 0x70, 0xef, 0xd3,
  0x8f, 0xa7, 0x23, 0xbf, 0x91, 0xb7, 0x7b, 0xe7, 0xe9, 0x58, 0xfe, 0xf6,
  0x4e, 0x2c, 0x5a, 0x30, 0x01, 0x02, 0x04, 0xaa, 0x04, 0xfc, 0x04, 0x7d,
  0xd5, 0xb9, 0x95, 0x25, 0x40, 0x80, 0x00, 0x01, 0x02, 0x04, 0x08, 0x10,
  0x20, 0x40, 0x80, 0x00, 0x01, 0x02, 0x04, 0x08, 0x10, 0x20, 0x40, 0x80,
  0x00, 0x01, 0x02, 0x04, 0x08, 0x10, 0x20, 0x40, 0x80, 0x00, 0x81, 0x94,
  0x80, 0x81, 0x3e, 0x25, 0x2f, 0x97, 0x00, 0x01, 0x02, 0x04, 0x08, 0x10,
  0x20, 0x40, 0x80, 0x00, 0x01, 0x02, 0x04, 0x08, 0x10, 0x20, 0x40, 0x80,
  0x00, 0x01, 0x02, 0x04, 0x08, 0x10, 0x20, 0x40, 0x80, 0x00, 0x01, 0x02,
  0x04, 0xaa, 0x04, 0x0c, 0xf4, 0x55, 0xe7, 0x56, 0x96, 0x00, 0x01, 0x02,
  0x04, 0x08, 0x10, 0x20, 0x40, 0x80, 0x00, 0x01, 0x02, 0x04, 0x08, 0x10,
  0x20, 0x40, 0x80, 0x00, 0x01, 0x02, 0x04, 0x08, 0x10, 0x20, 0x40, 0x80,
  0x00, 0x01, 0x02, 0x04, 0x52, 0x02, 0x06, 0xfa, 0x94, 0xbc, 0x5c, 0x02,
  0x04, 0x08, 0x10, 0x20, 0x40, 0x80, 0x00, 0x01, 0x02, 0x04, 0x08, 0x10,
  0x20, 0x40, 0x80, 0x00, 0x01, 0x02, 0x04, 0x08, 0x10, 0x20, 0x40, 0x80,
  0x00, 0x01, 0x02, 0x04, 0x08, 0x10, 0xa8, 0x12, 0x30, 0xd0, 0x57, 0x9d,
  0x5b, 0x59, 0x02, 0x04, 0x08, 0x10, 0x20, 0x40, 0x80, 0x00, 0x01, 0x02,
  0x04, 0x08, 0x10, 0x20, 0x40, 0x80, 0x00, 0x01, 0x02, 0x04, 0x08, 0x10,
  0x20, 0x40, 0x80, 0x00, 0x01, 0x02, 0x04, 0x08, 0x10, 0x48, 0x09, 0x18,
  0xe8, 0x53, 0xf2, 0x72, 0x09, 0x10, 0x20, 0x40, 0x80, 0x00, 0x01, 0x02,
  0x04, 0x08, 0x10, 0x20, 0x40, 0x80, 0x00, 0x01, 0x02, 0x04, 0x08, 0x10,
  0x20, 0x40, 0x80, 0x00, 0x01, 0x02, 0x04, 0x08, 0x10, 0x20, 0x40, 0xa0,
  0x4a, 0xc0, 0x40, 0x5f, 0x75, 0x6e, 0x65, 0x09, 0x10, 0x20, 0x40, 0x80,
  0x00, 0x01, 0x02, 0x04, 0x08, 0x10, 0x20, 0x40, 0x80, 0x00, 0x01, 0x02,
  0x04, 0x08, 0x10, 0x20, 0x40, 0x80, 0x00, 0x01, 0x02, 0x04, 0x08, 0x10,
  0x20, 0x40, 0x20, 0x25, 0x60, 0xa0, 0x4f, 0xc9, 0xcb, 0x25, 0x40, 0x80,
  0x00, 0x01, 0x02, 0x04, 0x08, 0x10, 0x20, 0x40, 0x80, 0x00, 0x01, 0x02,
  0x04, 0x08, 0x10, 0x20, 0x40, 0x80, 0x00, 0x01, 0x02, 0x04, 0x08, 0x10,
  0x20, 0x40, 0x80, 0x00, 0x81, 0x2a, 0x01, 0x03, 0x7d, 0xd5, 0xb9, 0x95,
  0x25, 0x40, 0x80, 0x00, 0x01, 0x02, 0x04, 0x08, 0x10, 0x20, 0xa2, 0x0f,
  0x9c, 0x18, 0x00, 0x00, 0x20, 0x00, 0x49, 0x44, 0x41, 0x54, 0x40, 0x80,
  0x00, 0x01, 0x02, 0x04, 0x08, 0x10, 0x20, 0x40, 0x80, 0x00, 0x01, 0x02,
  0x04, 0x08, 0x10, 0x20, 0x40, 0x80, 0x00, 0x81, 0x94, 0x80, 0x81, 0x3e,
  0x25, 0x2f, 0x97, 0x00, 0x01, 0x02, 0x04, 0x08, 0x10, 0x20, 0x40, 0x80,
  0x00, 0x01, 0x02, 0x04, 0x08, 0x10, 0x20, 0x40, 0x80, 0x00, 0x01, 0x02,
  0x04, 0x08, 0x10, 0x20, 0x40, 0x80, 0x00, 0x01, 0x02, 0x04, 0xaa, 0x04,
  0x0c, 0xf4, 0x55, 0xe7, 0x56, 0x96, 0x00, 0x01, 0x02, 0x04, 0x08, 0x10,
  0x20, 0x40, 0x80, 0x00, 0x01, 0x02, 0x04, 0x08, 0x10, 0x20, 0x40, 0x80,
  0x00, 0x01, 0x02, 0x04, 0x08, 0x10, 0x20, 0x40, 0x80, 0x00, 0x01, 0x02,
  0x04, 0x52, 0x02, 0x06, 0xfa, 0x94, 0xbc, 0x5c, 0x02, 0x04, 0x08, 0x10,
  0x20, 0x40, 0x80, 0x00, 0x01, 0x02, 0x04, 0x08, 0x10, 0x20, 0x40, 0x80,
  0x00, 0x01, 0x02, 0x04, 0x08, 0x10, 0x20, 0x40, 0x80, 0x00, 0x01, 0x02,
  0x04, 0x08, 0x10, 0xa8, 0x12, 0x30, 0xd0, 0x57, 0x9d, 0x5b, 0x59, 0x02,
  0x04, 0x08, 0x10, 0x20, 0x40, 0x80, 0x00, 0x01, 0x02, 0x04, 0x08, 0x10,
  0x20, 0x40, 0x80, 0x00, 0x01, 0x02, 0x04, 0x08, 0x10, 0x20, 0x40, 0x80,
  0x00, 0x01, 0x02, 0x04, 0x08, 0x10, 0x48, 0x09, 0x18, 0xe8, 0x53, 0xf2,
  0x72, 0x09, 0x10, 0x20, 0x40, 0x80, 0x00, 0x01, 0x02, 0x04, 0x08, 0x10,
  0x20, 0x40, 0x80, 0x00, 0x01, 0x02, 0x04, 0x08, 0x10, 0x20, 0x40, 0x80,
  0x00, 0x01, 0x02, 0x04, 0x08, 0x10, 0x20, 0x40, 0xa0, 0x4a, 0xc0, 0x40,
  0x5f, 0x75, 0x6e, 0x65, 0x09, 0x10, 0x20, 0x40, 0x80, 0x00, 0x01, 0x02,
  0x04, 0x08, 0x10, 0x20, 0x40, 0x80, 0x00, 0x01, 0x02, 0x04, 0x08, 0x10,
  0x20, 0x40, 0x80, 0x00, 0x01, 0x02, 0x04, 0x08, 0x10, 0x20, 0x40, 0x20,
  0x25, 0x60, 0xa0, 0x4f, 0xc9, 0xcb, 0x25, 0x40, 0x80, 0x00, 0x01, 0x02,
  0x04, 0x08, 0x10, 0x20, 0x40, 0x80, 0x00, 0x01, 0x02, 0x04, 0x08, 0x10,
  0x20, 0x40, 0x80, 0x00, 0x01, 0x02, 0x04, 0x08, 0x10, 0x20, 0x40, 0x80,
  0x00, 0x81, 0x2a, 0x01, 0x03, 0x7d, 0xd5, 0xb9, 0x95, 0x25, 0x40, 0x80,
  0x00, 0x01, 0x02, 0x04, 0x08, 0x10, 0x20, 0x40, 0x80, 0x00, 0x01, 0x02,
  0x04, 0x08, 0x10, 0x20, 0x40, 0x80, 0x00, 0x01, 0x02, 0x04, 0x08, 0x10,
  0x20, 0x40, 0x80, 0x00, 0x81, 0x94, 0x80, 0x81, 0x3e, 0x25, 0x2f, 0x97,
  0x00, 0x01, 0x02, 0x04, 0x08, 0x10, 0x20, 0x40, 0x80, 0x00, 0x01, 0x02,
  0x04, 0x08, 0x10, 0x20, 0x40, 0x80, 0x00, 0x01, 0x02, 0x04, 0x08, 0x10,
  0x20, 0x40, 0x80, 0x00, 0x01, 0x02, 0x04, 0xaa, 0x04, 0x0c, 0xf4, 0x55,
  0xe7, 0x56, 0x96, 0x00, 0x01, 0x02, 0x04, 0x08, 0x10, 0x20, 0x40, 0x80,
  0x00, 0x01, 0x02, 0x04, 0x08, 0x10, 0x20, 0x40, 0x80, 0x00, 0x01, 0x02,
  0x04, 0x08, 0x10, 0x20, 0x40, 0x80, 0x00, 0x01, 0x02, 0x04, 0x52, 0x02,
  0x06, 0xfa, 0x94, 0xbc, 0x5c, 0x02, 0x04, 0x08, 0x10, 0x20, 0x40, 0x80,
  0x00, 0x01, 0x02, 0x04, 0x08, 0x10, 0x20, 0x40, 0x80, 0x00, 0x01, 0x02,
  0x04, 0x08, 0x10, 0x20, 0x40, 0x80, 0x00, 0x01, 0x02, 0x04, 0x08, 0x10,
  0xa8, 0x12, 0x30, 0xd0, 0x57, 0x9d, 0x5b, 0x59, 0x02, 0x04, 0x08, 0x10,
  0x20, 0x40, 0x80, 0x00, 0x01, 0x02, 0x04, 0x08, 0x10, 0x20, 0x40, 0x80,
  0x00, 0x01, 0x02, 0x04, 0x08, 0x10, 0x20, 0x40, 0x80, 0x00, 0x01, 0x02,
  0x04, 0x08, 0x10, 0x48, 0x09, 0x18, 0xe8, 0x53, 0xf2, 0x72, 0x09, 0x10,
  0x20, 0x40, 0x80, 0x00, 0x01, 0x02, 0x04, 0x08, 0x10, 0x20, 0x40, 0x80,
  0x00, 0x01, 0x02, 0x04, 0x08, 0x10, 0x20, 0x40, 0x80, 0x00, 0x01, 0x02,
  0x04, 0x08, 0x10, 0x20, 0x40, 0xa0, 0x4a, 0xc0, 0x40, 0x5f, 0x75, 0x6e,
  0x65, 0x09, 0x10, 0x20, 0x40, 0x80, 0x00, 0x01, 0x02, 0x04, 0x08, 0x10,
  0x20, 0x40, 0x80, 0x00, 0x01, 0x02, 0x04, 0x08, 0x10, 0x20, 0x40, 0x80,
  0x00, 0x01, 0x02, 0x04, 0x08, 0x10, 0x20, 0x40, 0x20, 0x25, 0x60, 0xa0,
  0x4f, 0xc9, 0xcb, 0x25, 0x40, 0x80, 0x00, 0x01, 0x02, 0x04, 0x08, 0x10,
  0x20, 0x40, 0x80, 0x00, 0x01, 0x02, 0x04, 0x08, 0x10, 0x20, 0x40, 0x80,
  0x00, 0x01, 0x02, 0x04, 0x08, 0x10, 0x20, 0x40, 0x80, 0x00, 0x81, 0x2a,
  0x01, 0x03, 0x7d, 0xd5, 0xb9, 0x95, 0x25, 0x40, 0x80, 0x00, 0x01, 0x02,
  0x04, 0x08, 0x10, 0x20, 0x40, 0x80, 0x00, 0x01, 0x02, 0x04, 0x08, 0x10,
  0x20, 0x40, 0x80, 0x00, 0x01, 0x02, 0x04, 0x08, 0x10, 0x20, 0x40, 0x80,
  0x00, 0x81, 0x94, 0x80, 0x81, 0x3e, 0x25, 0x2f, 0x97, 0x00, 0x01, 0x02,
  0x04, 0x08, 0x10, 0x20, 0x40, 0x80, 0x00, 0x01, 0x02, 0x04, 0x08, 0x10,
  0x20, 0x40, 0x80, 0x00, 0x01, 0x02, 0x04, 0x08, 0x10, 0x20, 0x40, 0x80,
  0x00, 0x01, 0x02, 0x04, 0xaa, 0x04, 0x0c, 0xf4, 0x55, 0xe7, 0x56, 0x96,
  0x00, 0x01, 0x02, 0x04, 0x08, 0x10, 0x20, 0x40, 0x80, 0x00, 0x01, 0x02,
  0x04, 0x08, 0x10, 0x20, 0x40, 0x80, 0x00, 0x01, 0x02, 0x04, 0x08, 0x10,
  0x20, 0x40, 0x80, 0x00, 0x01, 0x02, 0x04, 0x52, 0x02, 0x06, 0xfa, 0x94,
  0xbc, 0x5c, 0x02, 0x04, 0x08, 0x10, 0x20, 0x40, 0x80, 0x00, 0x01, 0x02,
  0x04, 0x08, 0x10, 0x20, 0x40, 0x80, 0x00, 0x01, 0x02, 0x04, 0x08, 0x10,
  0x20, 0x40, 0x80, 0x00, 0x01, 0x02, 0x04, 0x08, 0x10, 0xa8, 0x12, 0x30,
  0xd0, 0x57, 0x9d, 0x5b, 0x59, 0x02, 0x04, 0x08, 0x10, 0x20, 0x40, 0x80,
  0x00, 0x01, 0x02, 0x04, 0x08, 0x10, 0x20, 0x40, 0x80, 0x00, 0x01, 0x02,
  0x04, 0x08, 0x10, 0x20, 0x40, 0x80, 0x00, 0x01, 0x02, 0x04, 0x08, 0x10,
  0x48, 0x09, 0x18, 0xe8, 0x53, 0xf2, 0x72, 0x09, 0x10, 0x20, 0x40, 0x80,
  0x00, 0x01, 0x02, 0x04, 0x08, 0x10, 0x20, 0x40, 0x80, 0x00, 0x01, 0x02,
  0x04, 0x08, 0x10, 0x20, 0x40, 0x80, 0x00, 0x01, 0x02, 0x04, 0x08, 0x10,
  0x20, 0x40, 0xa0, 0x4a, 0x60, 0xb3, 0xaa, 0xad, 0xb2, 0xdf, 0x10, 0x78,
  0xf1, 0x99, 0x97, 0x63, 0x22, 0x37, 0xee, 0x5e, 0x8b, 0x65, 0x1f, 0x06,
  0xff, 0xe4, 0xfc, 0x4b, 0xd1, 0xfc, 0xcf, 0xdf, 0x7b, 0x3f, 0x96, 0x9f,
  0xee, 0x1e, 0x2b, 0xbe, 0x80, 0xe0, 0x67, 0x9f, 0x7c, 0x22, 0xfa, 0x14,
  0xb7, 0xa3, 0xe9, 0xc2, 0x09, 0x10, 0x68, 0x12, 0xd8, 0xdf, 0x3b, 0x68,
  0xaa, 0xfb, 0x7f, 0xba, 0x1e, 0x7f, 0xf7, 0x4a, 0xac, 0xff, 0xbd, 0x57,
  0x2e, 0xc6, 0xb2, 0x05, 0x13, 0x48, 0x09, 0x5c, 0x3e, 0xf1, 0x20, 0x15,
  0xfd, 0x55, 0xee, 0x6e, 0xf0, 0xcf, 0xbc, 0xed, 0x9d, 0xad, 0x68, 0x77,
  0xe1, 0x39, 0x81, 0xe3, 0x27, 0xcf, 0xe4, 0xc2, 0x25, 0xc7, 0x04, 0x2e,
  0x9c, 0x7d, 0x3e, 0x96, 0xdd, 0x1e, 0x7c, 0xf5, 0xa3, 0x0f, 0xa3, 0x04,
  0xf7, 0x3e, 0xfd, 0x38, 0x9a, 0x2f, 0x9c, 0x40, 0x9b, 0xc0, 0xee, 0x9d,
  0xa7, 0xdb, 0x2a, 0xeb, 0xbb, 0x00, 0x01, 0xdf, 0xdb, 0x2f, 0xe0, 0x08,
  0x1e, 0x81, 0xc0, 0xa0, 0x80, 0x9f, 0xa0, 0x1f, 0xc4, 0x16, 0x45, 0x80,
  0x00, 0x01, 0x02, 0x04, 0x08, 0x10, 0x20, 0x40, 0x80, 0x00, 0x01, 0x02,
  0x04, 0x08, 0x10, 0x20, 0x40, 0x80, 0x00, 0x01, 0x02, 0x04, 0x08, 0x10,
  0x20, 0x40, 0x80, 0x00, 0x01, 0x02, 0xbd, 0x02, 0x06, 0xfa, 0xde, 0xdb,
  0x6b, 0x4e, 0x80, 0x00, 0x01, 0x02, 0x04, 0x08, 0x10, 0x20, 0x40, 0x80,
  0x00, 0x01, 0x02, 0x04, 0x08, 0x10, 0x20, 0x40, 0x80, 0x00, 0x01, 0x02,
  0x04, 0x08, 0x10, 0x20, 0x40, 0x80, 0x00, 0x01, 0x02, 0x83, 0x02, 0x06,
  0xfa, 0x41, 0x6c, 0x51, 0x04, 0x08, 0x10, 0x20, 0x40, 0x80, 0x00, 0x01,
  0x02, 0x04, 0x08, 0x10, 0x20, 0x40, 0x80, 0x00, 0x01, 0x02, 0x04, 0x08,
  0x10, 0x20, 0x40, 0x80, 0x00, 0x01, 0x02, 0x04, 0x08, 0x10, 0x20, 0xd0,
  0x2b, 0x60, 0xa0, 0xef, 0xbd, 0xbd, 0xe6, 0x04, 0x08, 0x10, 0x20, 0x40,
  0x80, 0x00, 0x01, 0x02, 0x04, 0x08, 0x10, 0x20, 0x40, 0x80, 0x00, 0x01,
  0x02, 0x04, 0x08, 0x10, 0x20, 0x40, 0x80, 0x00, 0x01, 0x02, 0x04, 0x08,
  0x10, 0x20, 0x30, 0x28, 0x60, 0xa0, 0x1f, 0xc4, 0x16, 0x45, 0x80, 0x00,
  0x01, 0x02, 0x04, 0x08, 0x10, 0x20, 0x40, 0x80, 0x00, 0x01, 0x02, 0x04,
  0x08, 0x10, 0x20, 0x40, 0x80, 0x00, 0x01, 0x02, 0x04, 0x08, 0x10, 0x20,
  0x40, 0x80, 0x00, 0x01, 0x02, 0xbd, 0x02, 0x06, 0xfa, 0xde, 0xdb, 0x6b,
  0x4e, 0x80, 0x00, 0x01, 0x02, 0x04, 0x08, 0x10, 0x20, 0x40, 0x80, 0x00,
  0x01, 0x02, 0x04, 0x08, 0x10, 0x20, 0x40, 0x80, 0x00, 0x01, 0x02, 0x04,
  0x08, 0x10, 0x20, 0x40, 0x80, 0x00, 0x01, 0x02, 0x83, 0x02, 0x06, 0xfa,
  0x41, 0x6c, 0x51, 0x04, 0x08, 0x10, 0x20, 0x40, 0x80, 0x00, 0x01, 0x02,
  0x04, 0x08, 0x10, 0x20, 0x40, 0x80, 0x00, 0x01, 0x02, 0x04, 0x08, 0x10,
  0x20, 0x40, 0x80, 0x00, 0x01, 0x02, 0x04, 0x08, 0x10, 0x20, 0xd0, 0x2b,
  0x60, 0xa0, 0xef, 0xbd, 0xbd, 0xe6, 0x04, 0x08, 0x10, 0x20, 0x40, 0x80,
  0x00, 0x01, 0x02, 0x04, 0x08, 0x10, 0x20, 0x40, 0x80, 0x00, 0x01, 0x02,
  0x04, 0x08, 0x10, 0x20, 0x40, 0x80, 0x00, 0x01, 0x02, 0x04, 0x08, 0x10,
  0x20, 0x30, 0x28, 0x60, 0xa0, 0x1f, 0xc4, 0x16, 0x45, 0x80, 0x00, 0x01,
  0x02, 0x04, 0x08, 0x10, 0x20, 0x40, 0x80, 0x00, 0x01, 0x02, 0x04, 0x08,
  0x10, 0x20, 0x40, 0x80, 0x00, 0x01, 0x02, 0x04, 0x08, 0x10, 0x20, 0x40,
  0x80, 0x00, 0x01, 0x02, 0xbd, 0x02, 0x06, 0xfa, 0xde, 0xdb, 0x6b, 0x4e,
  0x80, 0x00, 0x01, 0x02, 0x04, 0x08, 0x10, 0x20, 0x40, 0x80, 0x00, 0x01,
  0x02, 0x04, 0x08, 0x10, 0x20, 0x40, 0x80, 0x00, 0x01, 0x02, 0x04, 0x08,
  0x10, 0x20, 0x40, 0x80, 0x00, 0x01, 0x02, 0x83, 0x02, 0x06, 0xfa, 0x41,
  0x6c, 0x51, 0x04, 0x08, 0x10, 0x20, 0x40, 0x80, 0x00, 0x01, 0x02, 0x04,
  0x08, 0x10, 0x20, 0x40, 0x80, 0x00, 0x01, 0x02, 0x04, 0x08, 0x10, 0x20,
  0x40, 0x80, 0x00, 0x01, 0x02, 0x04, 0x08, 0x10, 0x20, 0xd0, 0x2b, 0x60,
  0xa0, 0xef, 0xbd, 0xbd, 0xe6, 0x04, 0x08, 0x10, 0x20, 0x40, 0x80, 0x00,
  0x01, 0x02, 0x04, 0x08, 0x10, 0x20, 0x40, 0x80, 0x00, 0x01, 0x02, 0x04,
  0x08, 0x10, 0x20, 0x40, 0x80, 0x00, 0x01, 0x02, 0x04, 0x08, 0x10, 0x20,
  0x30, 0x28, 0x60, 0xa0, 0x1f, 0xc4, 0x16, 0x45, 0x80, 0x00, 0x01, 0x02,
  0x04, 0x08, 0x10, 0x20, 0x40, 0x80, 0x00, 0x01, 0x02, 0x04, 0x08, 0x10,
  0x20, 0x40, 0x80, 0x00, 0x01, 0x02, 0x04, 0x08, 0x10, 0x20, 0x40, 0x80,
  0x00, 0x01, 0x02, 0xbd, 0x02, 0x06, 0xfa, 0xde, 0xdb, 0x6b, 0x4e, 0x80,
  0x00, 0x01, 0x02, 0x04, 0x08, 0x10, 0x20, 0x40, 0x80, 0x00, 0x01, 0x02,
  0x04, 0x08, 0x10, 0x20, 0x40, 0x80, 0x00, 0x01, 0x02, 0x04, 0x08, 0x10,
  0x20, 0x40, 0x80, 0x00, 0x01, 0x02, 0x83, 0x02, 0x06, 0xfa, 0x41, 0x6c,
  0x51, 0x04, 0x08, 0x10, 0x20, 0x40, 0x80, 0x00, 0x01, 0x02, 0x04, 0x08,
  0x10, 0x20, 0x40, 0x80, 0x00, 0x01, 0x02, 0x04, 0x08, 0x10, 0x20, 0x40,
  0x80, 0x00, 0x01, 0x02, 0x04, 0x08, 0x10, 0x20, 0xd0, 0x2b, 0x60, 0xa0,
  0xef, 0xbd, 0xbd, 0xe6, 0x04, 0x08, 0x10, 0x20, 0x40, 0x80, 0x00, 0x01,
  0x02, 0x04, 0x08, 0x10, 0x20, 0x40, 0x80, 0x00, 0x01, 0x02, 0x04, 0x08,
  0x10, 0x20, 0x40, 0x80, 0x00, 0x01, 0x02, 0x04, 0x08, 0x10, 0x20, 0x30,
  0x28, 0x60, 0xa0, 0x1f, 0xc4, 0x16, 0x45, 0x80, 0x00, 0x01, 0x02, 0x04,
  0x08, 0x10, 0x20, 0x40, 0x80, 0x00, 0x01, 0x02, 0x04, 0x08, 0x10, 0x20,
  0x40, 0x80, 0x00, 0x01, 0x02, 0x04, 0x08, 0x10, 0x20, 0x40, 0x80, 0x00,
  0x01, 0x02, 0xbd, 0x02, 0x06, 0xfa, 0xde, 0xdb, 0x6b, 0x4e, 0x80, 0x00,
  0x01, 0x02, 0x04, 0x08, 0x10, 0x20, 0x40, 0x80, 0x00, 0x01, 0x02, 0x04,
  0x08, 0x10, 0x20, 0x40, 0x80, 0x00, 0x01, 0x02, 0x04, 0x08, 0x10, 0x20,
  0x40, 0x80, 0x00, 0x01, 0x02, 0x83, 0x02, 0x06, 0xfa, 0x41, 0x6c, 0x51,
  0x04, 0x08, 0x10, 0x20, 0x40, 0x80, 0x00, 0x01, 0x02, 0x04, 0x08, 0x10,
  0x20, 0x40, 0x80, 0x00, 0x01, 0x02, 0x04, 0x08, 0x10, 0x20, 0x40, 0x80,
  0x00, 0x01, 0x02, 0x04, 0x08, 0x10, 0x20, 0xd0, 0x2b, 0x60, 0xa0, 0xef,
  0xbd, 0xbd, 0xe6, 0x04, 0x08, 0x10, 0x20, 0x40, 0x80, 0x00, 0x01, 0x02,
  0x04, 0x08, 0x10, 0x20, 0x40, 0x80, 0x00, 0x01, 0x02, 0x04, 0x08, 0x10,
  0x20, 0x40, 0x80, 0x00, 0x01, 0x02, 0x04, 0x08, 0x10, 0x20, 0x30, 0x28,
  0x60, 0xa0, 0x1f, 0xc4, 0x16, 0x45, 0x80, 0x00, 0x01, 0x02, 0x04, 0x08,
  0x10, 0x20, 0x40, 0x80, 0x00, 0x01, 0x02, 0x04, 0x08, 0x10, 0x20, 0x40,
  0x80, 0x00, 0x01, 0x02, 0x04, 0x08, 0x10, 0x20, 0x40, 0x80, 0x00, 0x01,
  0x02, 0xbd, 0x02, 0x06, 0xfa, 0xde, 0xdb, 0x6b, 0x4e, 0x80, 0x00, 0x01,
  0x02, 0x04, 0x08, 0x10, 0x20, 0x40, 0x80, 0x00, 0x01, 0x02, 0x04, 0x08,
  0x10, 0x20, 0x40, 0x80, 0x00, 0x01, 0x02, 0x04, 0x08, 0x10, 0x20, 0x40,
  0x80, 0x00, 0x01, 0x02, 0x83, 0x02, 0x06, 0xfa, 0x41, 0x6c, 0x51, 0x04,
  0x08, 0x10, 0x20, 0x40, 0x80, 0x00, 0x01, 0x02, 0x04, 0x08, 0x10, 0x20,
  0x40, 0x80, 0x00, 0x01, 0x02, 0x04, 0x08, 0x10, 0x20, 0x40, 0x80, 0x00,
  0x01, 0x02, 0x04, 0x08, 0x10, 0x20, 0xd0, 0x2b, 0x60, 0xa0, 0xef, 0xbd,
  0xbd, 0xe6, 0x04, 0x08, 0x10, 0x20, 0x40, 0x80, 0x00, 0x01, 0x02, 0x04,
  0x08, 0x10, 0x20, 0x40, 0x80, 0x00, 0x01, 0x02, 0x04, 0x08, 0x10, 0x20,
  0x40, 0x80, 0x00, 0x01, 0x02, 0x04, 0x08, 0x10, 0x20, 0x30, 0x28, 0x60,
  0xa0, 0x1f, 0xc4, 0x16, 0x45, 0x80, 0x00, 0x01, 0x02, 0x04, 0x08, 0x10,
  0x20, 0x40, 0x80, 0x00, 0x01, 0x02, 0x04, 0x08, 0x10, 0x20, 0x40, 0x80,
  0x00, 0x01, 0x02, 0x04, 0x08, 0x10, 0x20, 0x40, 0x80, 0x00, 0x01, 0x02,
  0xbd, 0x02, 0x06, 0xfa, 0xde, 0xdb, 0x6b, 0x4e, 0x80, 0x00, 0x01, 0x02,
  0x04, 0x08, 0x10, 0x20, 0x40, 0x80, 0x00, 0x01, 0x02, 0x04, 0x08, 0x10,
  0x20, 0x40, 0x80, 0x00, 0x01, 0x02, 0x04, 0x08, 0x10, 0x20, 0x40, 0x80,
  0x00, 0x01, 0x02, 0x83, 0x02, 0x06, 0xfa, 0x41, 0x6c, 0x51, 0x04, 0x08,
  0x10, 0x20, 0x40, 0x80, 0x00, 0x01, 0x02, 0x04, 0x08, 0x10, 0x20, 0x40,
  0x80, 0x00, 0x01, 0x02, 0x04, 0x08, 0x10, 0x20, 0x40, 0x80, 0x00, 0x01,
  0x02, 0x04, 0x08, 0x10, 0x20, 0xd0, 0x2b, 0x60, 0xa0, 0xef, 0xbd, 0xbd,
  0xe6, 0x04, 0x08, 0x10, 0x20, 0x40, 0x80, 0x00, 0x01, 0x02, 0x04, 0x08,
  0x10, 0x20, 0x40, 0x80, 0x00, 0x01, 0x02, 0x04, 0x08, 0x10, 0x20, 0x40,
  0x80, 0x00, 0x01, 0x02, 0x04, 0x08, 0x10, 0x20, 0x30, 0x28, 0x60, 0xa0,
  0x1f, 0xc4, 0x16, 0x45, 0x80, 0x00, 0x01, 0x02, 0x04, 0x08, 0x10, 0x20,
  0x40, 0x80, 0x00, 0x01, 0x02, 0x04, 0x08, 0x10, 0x20, 0x40, 0x80, 0x00,
  0x01, 0x02, 0x04, 0x08, 0x10, 0x20, 0x40, 0x80, 0x00, 0x01, 0x02, 0xbd,
  0x02, 0x06, 0xfa, 0xde, 0xdb, 0x6b, 0x4e, 0x80, 0x00, 0x01, 0x02, 0x04,
  0x08, 0x10, 0x20, 0x40, 0x80, 0x00, 0x01, 0x02, 0x04, 0x08, 0x10, 0x20,
  0x40, 0x80, 0x00, 0x01, 0x02, 0x04, 0x08, 0x10, 0x20, 0x40, 0x80, 0x00,
  0x01, 0x02, 0x83, 0x02, 0x06, 0xfa, 0x41, 0x6c, 0x51, 0x04, 0x08, 0x10,
  0x20, 0x40, 0x80, 0x00, 0x01, 0x02, 0x04, 0x08, 0x10, 0x20, 0x40, 0x80,
  0x00, 0x01, 0x02, 0x04, 0x08, 0x10, 0x20, 0x40, 0x80, 0x00, 0x01, 0x02,
  0x04, 0x08, 0x10, 0x20, 0xd0, 0x2b, 0xb0, 0xd9, 0x5b, 0x5d, 0xf3, 0xa4,
  0xc0, 0x8b, 0xcf, 0xbc, 0x9c, 0x8c, 0xdf, 0xb8, 0x71, 0xf7, 0x5a, 0x34,
  0xbf, 0x39, 0xfc, 0xd9, 0x27, 0x9f, 0x68, 0xae, 0xaf, 0x3b, 0x01, 0x02,
  0x04, 0x08, 0x10, 0x38, 0x52, 0x81, 0xe3, 0xef, 0x5e, 0x39, 0xd2, 0xcf,
  0xff, 0xae, 0x0f, 0xbf, 0xf7, 0xca, 0xc5, 0xef, 0xfa, 0x25, 0xfe, 0x3b,
  0x81, 0xd5, 0x09, 0x5c, 0x3e, 0xf1, 0x20, 0xd6, 0x69, 0x77, 0xef, 0x20,
  0x96, 0x7d, 0x18, 0xbc, 0xbd, 0xb3, 0x15, 0xcd, 0x4f, 0x86, 0x7f, 0x70,
  0xec, 0xa7, 0xc9, 0xf8, 0x8d, 0x57, 0xa2, 0xe9, 0xd9, 0xf0, 0x0b, 0x67,
  0x9f, 0xcf, 0x3e, 0x80, 0xf4, 0x88, 0xc0, 0xd5, 0x8f, 0x3e, 0x8c, 0xe4,
  0x0a, 0x25, 0x40, 0x80, 0x00, 0x81, 0x59, 0x81, 0x7d, 0xdf, 0xdf, 0xce,
  0x82, 0x7f, 0x2d, 0x2d, 0x69, 0xdf, 0xfc, 0xef, 0x8a, 0xd8, 0xc1, 0x05,
  0xc7, 0x05, 0xfc, 0x04, 0x7d, 0xfc, 0x04, 0x1e, 0x80, 0x00, 0x01, 0x02,
  0x04, 0x08, 0x10, 0x20, 0x40, 0x80, 0x00, 0x01, 0x02, 0x04, 0x08, 0x10,
  0x20, 0x40, 0x80, 0x00, 0x01, 0x02, 0x04, 0x08, 0x10, 0x20, 0x40, 0x80,
  0x00, 0x01, 0x02, 0x04, 0x1a, 0x04, 0x0c, 0xf4, 0x0d, 0x57, 0xd6, 0x91,
  0x00, 0x01, 0x02, 0x04, 0x08, 0x10, 0x20, 0x40, 0x80, 0x00, 0x01, 0x02,
  0x04, 0x08, 0x10, 0x20, 0x40, 0x80, 0x00, 0x01, 0x02, 0x04, 0x08, 0x10,
  0x20, 0x40, 0x80, 0x00, 0x01, 0x02, 0x04, 0xe2, 0x02, 0x06, 0xfa, 0xf8,
  0x09, 0x3c, 0x00, 0x01, 0x02, 0x04, 0x08, 0x10, 0x20, 0x40, 0x80, 0x00,
  0x01, 0x02, 0x04, 0x08, 0x10, 0x20, 0x40, 0x80, 0x00, 0x01, 0x02, 0x04,
  0x08, 0x10, 0x20, 0x40, 0x80, 0x00, 0x01, 0x02, 0x04, 0x08, 0x34, 0x08,
  0x18, 0xe8, 0x1b, 0xae, 0xac, 0x23, 0x01, 0x02, 0x04, 0x08, 0x10, 0x20,
  0x40, 0x80, 0x00, 0x01, 0x02, 0x04, 0x08, 0x10, 0x20, 0x40, 0x80, 0x00,
  0x01, 0x02, 0x04, 0x08, 0x10, 0x20, 0x40, 0x80, 0x00, 0x01, 0x02, 0x04,
  0x08, 0xc4, 0x05, 0x0c, 0xf4, 0xf1, 0x13, 0x78, 0x00, 0x02, 0x04, 0x08,
  0x10, 0x20, 0x40, 0x80, 0x00, 0x01, 0x02, 0x04, 0x08, 0x10, 0x20, 0x40,
  0x80, 0x00, 0x01, 0x02, 0x04, 0x08, 0x10, 0x20, 0x40, 0x80, 0x00, 0x01,
  0x02, 0x04, 0x08, 0x10, 0x68, 0x10, 0x30, 0xd0, 0x37, 0x5c, 0x59, 0x47,
  0x02, 0x04, 0x08, 0x10, 0x20, 0x40, 0x80, 0x00, 0x01, 0x02, 0x04, 0x08,
  0x10, 0x20, 0x40, 0x80, 0x00, 0x01, 0x02, 0x04, 0x08, 0x10, 0x20, 0x40,
  0x80, 0x00, 0x01, 0x02, 0x04, 0x08, 0x10, 0x88, 0x0b, 0x18, 0xe8, 0xe3,
  0x27, 0xf0, 0x00, 0x04, 0x08, 0x10, 0x20, 0x40, 0x80, 0x00, 0x01, 0x02,
  0x04, 0x08, 0x10, 0x20, 0x40, 0x80, 0x00, 0x01, 0x02, 0x04, 0x08, 0x10,
  0x20, 0x40, 0x80, 0x00, 0x01, 0x02, 0x04, 0x08, 0x10, 0x20, 0xd0, 0x20,
  0x60, 0xa0, 0x6f, 0xb8, 0xb2, 0x8e, 0x04, 0x08, 0x10, 0x20, 0x40, 0x80,
  0x00, 0x01, 0x02, 0x04, 0x08, 0x10, 0x20, 0x40, 0x80, 0x00, 0x01, 0x02,
  0x04, 0x08, 0x10, 0x20, 0x40, 0x80, 0x00, 0x01, 0x02, 0x04, 0x08, 0x10,
  0x20, 0x10, 0x17, 0x30, 0xd0, 0xc7, 0x4f, 0xe0, 0x01, 0x08, 0x10, 0x20,
  0x40, 0x80, 0x00, 0x01, 0x02, 0x04, 0x08, 0x10, 0x20, 0x40, 0x80, 0x00,
  0x01, 0x02, 0x04, 0x08, 0x10, 0x20, 0x40, 0x80, 0x00, 0x01, 0x02, 0x04,
  0x08, 0x10, 0x20, 0x40, 0xa0, 0x41, 0xc0, 0x40, 0xdf, 0x70, 0x65, 0x1d,
  0x09, 0x10, 0x20, 0x40, 0x80, 0x00, 0x01, 0x02, 0x04, 0x08, 0x10, 0x20,
  0x40, 0x80, 0x00, 0x01, 0x02, 0x04, 0x08, 0x10, 0x20, 0x40, 0x80, 0x00,
  0x01, 0x02, 0x04, 0x08, 0x10, 0x20, 0x40, 0x20, 0x2e, 0x60, 0xa0, 0x8f,
  0x9f, 0xc0, 0x03, 0x10, 0x20, 0x40, 0x80, 0x00, 0x01, 0x02, 0x04, 0x08,
  0x10, 0x20, 0x40, 0x80, 0x00, 0x01, 0x02, 0x04, 0x08, 0x10, 0x20, 0x40,
  0x80, 0x00, 0x01, 0x02, 0x04, 0x08, 0x10, 0x20, 0x40, 0x80, 0x40, 0x83,
  0x80, 0x81, 0xbe, 0xe1, 0xca, 0x3a, 0x12, 0x20, 0x40, 0x80, 0x00, 0x01,
  0x02, 0x04, 0x08, 0x10, 0x20, 0x40, 0x80, 0x00, 0x01, 0x02, 0x04, 0x08,
  0x10, 0x20, 0x40, 0x80, 0x00, 0x01, 0x02, 0x04, 0x08, 0x10, 0x20, 0x40,
  0x80, 0x40, 0x5c, 0xc0, 0x40, 0x1f, 0x3f, 0x81, 0x07, 0x20, 0x40, 0x80,
  0x00, 0x01, 0x02, 0x04, 0x08, 0x10, 0x20, 0x40, 0x80, 0x00, 0x01, 0x02,
  0x04, 0x08, 0x10, 0x20, 0x40, 0x80, 0x00, 0x01, 0x02, 0x04, 0x08, 0x10,
  0x20, 0x40, 0x80, 0x00, 0x81, 0x06, 0x01, 0x03, 0x7d, 0xc3, 0x95, 0x75,
  0x24, 0x40, 0x80, 0x00, 0x01, 0x02, 0x04, 0x08, 0x10, 0x20, 0x40, 0x80,
  0x00, 0x01, 0x02, 0x04, 0x08, 0x10, 0x20, 0x40, 0x80, 0x00, 0x01, 0x02,
  0x04, 0x08, 0x10, 0x20, 0x40, 0x80, 0x00, 0x81, 0xb8, 0x80, 0x81, 0x3e,
  0x7e, 0x02, 0x0f, 0x40, 0x80, 0x00, 0x01, 0x02, 0x04, 0x08, 0x10, 0x20,
  0x40, 0x80, 0x00, 0x01, 0x02, 0x04, 0x08, 0x10, 0x20, 0x40, 0x80, 0x00,
  0x01, 0x02, 0x04, 0x08, 0x10, 0x20, 0x40, 0x80, 0x00, 0x01, 0x02, 0x0d,
  0x02, 0x06, 0xfa, 0x86, 0x2b, 0xeb, 0x48, 0x80, 0x00, 0x01, 0x02, 0x04,
  0x08, 0x10, 0x20, 0x40, 0x80, 0x00, 0x01, 0x02, 0x04, 0x08, 0x10, 0x20,
  0x40, 0x80, 0x00, 0x01, 0x02, 0x04, 0x08, 0x10, 0x20, 0x40, 0x80, 0x00,
  0x01, 0x02, 0x71, 0x01, 0x03, 0x7d, 0xfc, 0x04, 0x1e, 0x80, 0x00, 0x01,
  0x02, 0x04, 0x08, 0x10, 0x20, 0x40, 0x80, 0x00, 0x01, 0x02, 0x04, 0x08,
  0x10, 0x20, 0x40, 0x80, 0x00, 0x01, 0x02, 0x04, 0x08, 0x10, 0x20, 0x40,
  0x80, 0x00, 0x01, 0x02, 0x04, 0x1a, 0x04, 0x0c, 0xf4, 0x0d, 0x57, 0xd6,
  0x91, 0x00, 0x01, 0x02, 0x04, 0x08, 0x10, 0x20, 0x40, 0x80, 0x00, 0x01,
  0x02, 0x04, 0x08, 0x10, 0x20, 0x40, 0x80, 0x00, 0x01, 0x02, 0x04, 0x08,
  0x10, 0x20, 0x40, 0x80, 0x00, 0x01, 0x02, 0x04, 0xe2, 0x02, 0x06, 0xfa,
  0xf8, 0x09, 0x3c, 0x00, 0x01, 0x02, 0x04, 0x08, 0x10, 0x20, 0x40, 0x80,
  0x00, 0x01, 0x02, 0x04, 0x08, 0x10, 0x20, 0x40, 0x80, 0x00, 0x01, 0x02,
  0x04, 0x08, 0x10, 0x20, 0x40, 0x80, 0x00, 0x01, 0x02, 0x04, 0x08, 0x34,
  0x08, 0x18, 0xe8, 0x1b, 0xae, 0xac, 0x23, 0x01, 0x02, 0x04, 0x08, 0x10,
  0x20, 0x40, 0x80, 0x00, 0x01, 0x02, 0x04, 0x08, 0x10, 0x20, 0x40, 0x80,
  0x00, 0x01, 0x02, 0x04, 0x08, 0x10, 0x20, 0x40, 0x80, 0x00, 0x01, 0x02,
  0x04, 0x08, 0xc4, 0x05, 0x0c, 0xf4, 0xf1, 0x13, 0x78, 0x00, 0x02, 0x04,
  0x08, 0x10, 0x20, 0x40, 0x80, 0x00, 0x01, 0x02, 0x04, 0x08, 0x10, 0x20,
  0x40, 0x80, 0x00, 0x01, 0x02, 0x04, 0x08, 0x10, 0x20, 0x40, 0x80, 0x00,
  0x01, 0x02, 0x04, 0x08, 0x10, 0x68, 0x10, 0x30, 0xd0, 0x37, 0x5c, 0x59,
  0x47, 0x02, 0x04, 0x08, 0x10, 0x20, 0x40, 0x80, 0x00, 0x01, 0x02, 0x04,
  0x08, 0x10, 0x20, 0x40, 0x80, 0x00, 0x01, 0x02, 0x04, 0x08, 0x10, 0x20,
  0x40, 0x80, 0x00, 0x01, 0x02, 0x04, 0x08, 0x10, 0x88, 0x0b, 0x18, 0xe8,
  0xe3, 0x27, 0xf0, 0x00, 0x04, 0x08, 0x10, 0x20, 0x40, 0x80, 0x00, 0x01,
  0x02, 0x04, 0x08, 0x10, 0x20, 0x40, 0x80, 0x00, 0x01, 0x02, 0x04, 0x08,
  0x10, 0x20, 0x40, 0x80, 0x00, 0x01, 0x02, 0x04, 0x08, 0x10, 0x20, 0xd0,
  0x20, 0x60, 0xa0, 0x6f, 0xb8, 0xb2, 0x8e, 0x04, 0x08, 0x10, 0x20, 0x40,
  0x80, 0x00, 0x01, 0x02, 0x04, 0x08, 0x10, 0x20, 0x40, 0x80, 0x00, 0x01,
  0x02, 0x04, 0x08, 0x10, 0x20, 0x40, 0x80, 0x00, 0x01, 0x02, 0x04, 0x08,
  0x10, 0x20, 0x10, 0x17, 0x30, 0xd0, 0xc7, 0x4f, 0xe0, 0x01, 0x08, 0x10,
  0x20, 0x40, 0x80, 0x00, 0x01, 0x02, 0x04, 0x08, 0x10, 0x20, 0x40, 0x80,
  0x00, 0x01, 0x02, 0x04, 0x08, 0x10, 0x20, 0x40, 0x80, 0x00, 0x01, 0x02,
  0x04, 0x08, 0x10, 0x20, 0x40, 0xa0, 0x41, 0xc0, 0x40, 0xdf, 0x70, 0x65,
  0x1d, 0x09, 0x10, 0x20, 0x40, 0x80, 0x00, 0x01, 0x02, 0x04, 0x08, 0x10,
  0x20, 0x40, 0x80, 0x00, 0x01, 0x02, 0x04, 0x08, 0x10, 0x20, 0x40, 0x80,
  0x00, 0x01, 0x02, 0x04, 0x08, 0x10, 0x20, 0x40, 0x20, 0x2e, 0x60, 0xa0,
  0x8f, 0x9f, 0xc0, 0x03, 0x10, 0x20, 0x40, 0x80, 0x00, 0x01, 0x02, 0x04,
  0x08, 0x10, 0x20, 0x40, 0x80, 0x00, 0x01, 0x02, 0x04, 0x08, 0x10, 0x20,
  0x40, 0x80, 0x00, 0x01, 0x02, 0x04, 0x08, 0x10, 0x20, 0x40, 0x80, 0x40,
  0x83, 0x80, 0x81, 0xbe, 0xe1, 0xca, 0x3a, 0x12, 0x20, 0x40, 0x80, 0x00,
  0x01, 0x02, 0x04, 0x08, 0x10, 0x20, 0x40, 0x80, 0x00, 0x01, 0x02, 0x04,
  0x08, 0x10, 0x20, 0x40, 0x80, 0x00, 0x01, 0x02, 0x04, 0x08, 0x10, 0x20,
  0x40, 0x80, 0x40, 0x5c, 0xc0, 0x40, 0x1f, 0x3f, 0x81, 0x07, 0x20, 0x40,
  0x80, 0x00, 0x01, 0x02, 0x04, 0x08, 0x10, 0x20, 0x40, 0x80, 0x00, 0x01,
  0x02, 0x04, 0x08, 0x10, 0x20, 0x40, 0x80, 0x00, 0x01, 0x02, 0x04, 0x08,
  0x10, 0x20, 0x40, 0x80, 0x00, 0x81, 0x06, 0x01, 0x03, 0x7d, 0xc3, 0x95,
  0x75, 0x24, 0x40, 0x80, 0x00, 0x01, 0x02, 0x04, 0x08, 0x10, 0x20, 0x40,
  0x80, 0x00, 0x01, 0x02, 0x04, 0x08, 0x10, 0x20, 0x40, 0x80, 0x00, 0x01,
  0x02, 0x04, 0x08, 0x10, 0x20, 0x40, 0x80, 0x00, 0x81, 0xb8, 0x80, 0x81,
  0x3e, 0x7e, 0x02, 0x0f, 0x40, 0x80, 0x00, 0x01, 0x02, 0x04, 0x08, 0x10,
  0x20, 0x40, 0x80, 0x00, 0x01, 0x02, 0x04, 0x08, 0x10, 0x20, 0x40, 0x80,
  0x00, 0x01, 0x02, 0x04, 0x08, 0x10, 0x20, 0x40, 0x80, 0x00, 0x01, 0x02,
  0x0d, 0x02, 0x9b, 0x4f, 0xdd, 0xdf, 0x8b, 0xf6, 0x7c, 0x78, 0x6c, 0x27,
  0x96, 0xdf, 0xdc, 0xfd, 0x10, 0x3d, 0xd9, 0x3f, 0x79, 0xf7, 0xd8, 0x0b,
  0xf7, 0xb5, 0xe0, 0x9f, 0x9c, 0x7f, 0x29, 0xf6, 0x18, 0x9f, 0xbf, 0xf7,
  0x7e, 0x2c, 0xfb, 0x30, 0x38, 0xd9, 0x3d, 0x5a, 0x5c, 0x38, 0x01, 0x02,
  0x04, 0x08, 0x10, 0x28, 0x10, 0x38, 0xfe, 0xee, 0x95, 0x58, 0xcb, 0x7b,
  0xaf, 0x5c, 0x8c, 0x65, 0x0b, 0x26, 0x90, 0x12, 0xb8, 0x7c, 0xe2, 0x41,
  0x2a, 0xfa, 0xab, 0xdc, 0xdd, 0xbd, 0x83, 0x58, 0xfe, 0xf6, 0xce, 0x56,
  0x2c, 0xbb, 0x3d, 0xf8, 0xc2, 0xd9, 0xe7, 0xdb, 0x09, 0x62, 0xfd, 0xaf,
  0x7e, 0xf4, 0x61, 0x2c, 0x5b, 0x30, 0x01, 0x02, 0x04, 0x08, 0x74, 0x08,
  0xec, 0x07, 0xbf, 0xbf, 0x3b, 0x14, 0xf6, 0x3d, 0x5e, 0xc7, 0x7b, 0xa6,
  0xe5, 0x37, 0x05, 0x9a, 0xb7, 0xba, 0x64, 0xf7, 0xc3, 0x2b, 0x24, 0xb7,
  0x4a, 0x3f, 0x41, 0xef, 0x4f, 0x02, 0x02, 0x04, 0x08, 0x10, 0x20, 0x40,
  0x80, 0x00, 0x01, 0x02, 0x04, 0x08, 0x10, 0x20, 0x40, 0x80, 0x00, 0x01,
  0x02, 0x04, 0x08, 0x10, 0x20, 0x40, 0x80, 0x00, 0x01, 0x02, 0x04, 0x08,
  0x10, 0x20, 0x30, 0x20, 0x60, 0xa0, 0x1f, 0x40, 0x16, 0x41, 0x80, 0x00,
  0x01, 0x02, 0x04, 0x08, 0x10, 0x20, 0x40, 0x80, 0x00, 0x01, 0x02, 0x04,
  0x08, 0x10, 0x20, 0x40, 0x80, 0x00, 0x01, 0x02, 0x04, 0x08, 0x10, 0x20,
  0x40, 0x80, 0x00, 0x01, 0x02, 0x04, 0x0c, 0xf4, 0xde, 0x01, 0x02, 0x04,
  0x08, 0x10, 0x20, 0x40, 0x80, 0x00, 0x01, 0x02, 0x04, 0x08, 0x10, 0x20,
  0x40, 0x80, 0x00, 0x01, 0x02, 0x04, 0x08, 0x10, 0x20, 0x40, 0x80, 0x00,
  0x01, 0x02, 0x04, 0x08, 0x10, 0x20, 0x30, 0x20, 0x60, 0xa0, 0x1f, 0x40,
  0x16, 0x41, 0x80, 0x00, 0x01, 0x02, 0x04, 0x08, 0x10, 0x20, 0x40, 0x80,
  0x00, 0x01, 0x02, 0x04, 0x08, 0x10, 0x20, 0x40, 0x80, 0x00, 0x01, 0x02,
  0x04, 0x08, 0x10, 0x20, 0x40, 0x80, 0x00, 0x01, 0x02, 0x04, 0x0c, 0xf4,
  0xde, 0x01, 0x02, 0x04, 0x08, 0x10, 0x20, 0x40, 0x80, 0x00, 0x01, 0x02,
  0x04, 0x08, 0x10, 0x20, 0x40, 0x80, 0x00, 0x01, 0x02, 0x04, 0x08, 0x10,
  0x20, 0x40, 0x80, 0x00, 0x01, 0x02, 0x04, 0x08, 0x10, 0x20, 0x30, 0x20,
  0x60, 0xa0, 0x1f, 0x40, 0x16, 0x41, 0x80, 0x00, 0x01, 0x02, 0x04, 0x08,
  0x10, 0x20, 0x40, 0x80, 0x00, 0x01, 0x02, 0x04, 0x08, 0x10, 0x20, 0x40,
  0x80, 0x00, 0x01, 0x02, 0x04, 0x08, 0x10, 0x20, 0x40, 0x80, 0x00, 0x01,
  0x02, 0x04, 0x0c, 0xf4, 0xde, 0x01, 0x02, 0x04, 0x08, 0x10, 0x20, 0x40,
  0x80, 0x00, 0x01, 0x02, 0x04, 0x08, 0x10, 0x20, 0x40, 0x80, 0x00, 0x01,
  0x02, 0x04, 0x08, 0x10, 0x20, 0x40, 0x80, 0x00, 0x01, 0x02, 0x04, 0x08,
  0x10, 0x20, 0x30, 0x20, 0x60, 0xa0, 0x1f, 0x40, 0x16, 0x41, 0x80, 0x00,
  0x01, 0x02, 0x04, 0x08, 0x10, 0x20, 0x40, 0x80, 0x00, 0x01, 0x02, 0x04,
  0x08, 0x10, 0x20, 0x40, 0x80, 0x00, 0x01, 0x02, 0x04, 0x08, 0x10, 0x20,
  0x40, 0x80, 0x00, 0x01, 0x02, 0x04, 0x0c, 0xf4, 0xde, 0x01, 0x02, 0x04,
  0x08, 0x10, 0x20, 0x40, 0x80, 0x00, 0x01, 0x02, 0x04, 0x08, 0x10, 0x20,
  0x40, 0x80, 0x00, 0x01, 0x02, 0x04, 0x08, 0x10, 0x20, 0x40, 0x80, 0x00,
  0x01, 0x02, 0x04, 0x08, 0x10, 0x20, 0x30, 0x20, 0x60, 0xa0, 0x1f, 0x40,
  0x16, 0x41, 0x80, 0x00, 0x01, 0x02, 0x04, 0x08, 0x10, 0x20, 0x40, 0x80,
  0x00, 0x01, 0x02, 0x04, 0x08, 0x10, 0x20, 0x40, 0x80, 0x00, 0x01, 0x02,
  0x04, 0x08, 0x10, 0x20, 0x40, 0x80, 0x00, 0x01, 0x02, 0x04, 0x0c, 0xf4,
  0xde, 0x01, 0x02, 0x04, 0x08, 0x10, 0x20, 0x40, 0x80, 0x00, 0x01, 0x02,
  0x04, 0x08, 0x10, 0x20, 0x40, 0x80, 0x00, 0x01, 0x02, 0x04, 0x08, 0x10,
  0x20, 0x40, 0x80, 0x00, 0x01, 0x02, 0x04, 0x08, 0x10, 0x20, 0x30, 0x20,
  0x60, 0xa0, 0x1f, 0x40, 0x16, 0x41, 0x80, 0x00, 0x01, 0x02, 0x04, 0x08,
  0x10, 0x20, 0x40, 0x80, 0x00, 0x01, 0x02, 0x04, 0x08, 0x10, 0x20, 0x40,
  0x80, 0x00, 0x01, 0x02, 0x04, 0x08, 0x10, 0x20, 0x40, 0x80, 0x00, 0x01,
  0x02, 0x04, 0x0c, 0xf4, 0xde, 0x01, 0x02, 0x04, 0x08, 0x10, 0x20, 0x40,
  0x80, 0x00, 0x01, 0x02, 0x04, 0x08, 0x10, 0x20, 0x40, 0x80, 0x00, 0x01,
  0x02, 0x04, 0x08, 0x10, 0x20, 0x40, 0x80, 0x00, 0x01, 0x02, 0x04, 0x08,
  0x10, 0x20, 0x30, 0x20, 0x60, 0xa0, 0x1f, 0x40, 0x16, 0x41, 0x80, 0x00,
  0x01, 0x02, 0x04, 0x08, 0x10, 0x20, 0x40, 0x80, 0x00, 0x01, 0x02, 0x04,
  0x08, 0x10, 0x20, 0x40, 0x80, 0x00, 0x01, 0x02, 0x04, 0x08, 0x10, 0x20,
  0x40, 0x80, 0x00, 0x01, 0x02, 0x04, 0x0c, 0xf4, 0xde, 0x01, 0x02, 0x04,
  0x08, 0x10, 0x20, 0x40, 0x80, 0x00, 0x01, 0x02, 0x04, 0x08, 0x10, 0x20,
  0x40, 0x80, 0x00, 0x01, 0x02, 0x04, 0x08, 0x10, 0x20, 0x40, 0x80, 0x00,
  0x01, 0x02, 0x04, 0x08, 0x10, 0x20, 0x30, 0x20, 0x60, 0xa0, 0x1f, 0x40,
  0x16, 0x41, 0x80, 0x00, 0x01, 0x02, 0x04, 0x08, 0x10, 0x20, 0x40, 0x80,
  0x00, 0x01, 0x02, 0x04, 0x08, 0x10, 0x20, 0x40, 0x80, 0x00, 0x01, 0x02,
  0x04, 0x08, 0x10, 0x20, 0x40, 0x80, 0x00, 0x01, 0x02, 0x04, 0x0c, 0xf4,
  0xde, 0x01, 0x02, 0x04, 0x08, 0x10, 0x20, 0x40, 0x80, 0x00, 0x01, 0x02,
  0x04, 0x08, 0x10, 0x20, 0x40, 0x80, 0x00, 0x01, 0x02, 0x04, 0x08, 0x10,
  0x20, 0x40, 0x80, 0x00, 0x01, 0x02, 0x04, 0x08, 0x10, 0x20, 0x30, 0x20,
  0x60, 0xa0, 0x1f, 0x40, 0x16, 0x41, 0x80, 0x00, 0x01, 0x02, 0x04, 0x08,
  0x10, 0x20, 0x40, 0x80, 0x00, 0x01, 0x02, 0x04, 0x08, 0x10, 0x20, 0x40,
  0x80, 0x00, 0x01, 0x02, 0x04, 0x08, 0x10, 0x20, 0x40, 0x80, 0x00, 0x01,
  0x02, 0x04, 0x0c, 0xf4, 0xde, 0x01, 0x02, 0x04, 0x08, 0x10, 0x20, 0x40,
  0x80, 0x00, 0x01, 0x02, 0x04, 0x08, 0x10, 0x20, 0x40, 0x80, 0x00, 0x01,
  0x02, 0x04, 0x08, 0x10, 0x20, 0x40, 0x80, 0x00, 0x01, 0x02, 0x04, 0x08,
  0x10, 0x20, 0x30, 0x20, 0x60, 0xa0, 0x1f, 0x40, 0x16, 0x41, 0x80, 0x00,
  0x01, 0x02, 0x04, 0x08, 0x10, 0x20, 0x40, 0x80, 0x00, 0x01, 0x02, 0x04,
  0x08, 0x10, 0x20, 0x40, 0x80, 0x00, 0x01, 0x02, 0x04, 0x08, 0x10, 0x20,
  0x40, 0x80, 0x00, 0x01, 0x02, 0x04, 0x0c, 0xf4, 0xde, 0x01, 0x02, 0x04,
  0x08, 0x10, 0x20, 0x40, 0x80, 0x00, 0x01, 0x02, 0x04, 0x08, 0x10, 0x20,
  0x40, 0x80, 0x00, 0x01, 0x02, 0x04, 0x08, 0x10, 0x20, 0x40, 0x80, 0x00,
  0x01, 0x02, 0x04, 0x08, 0x10, 0x20, 0x30, 0x20, 0x60, 0xa0, 0x1f, 0x40,
  0x16, 0x41, 0x80, 0x00, 0x01, 0x02, 0x04, 0x08, 0x10, 0x20, 0x40, 0x80,
  0x00, 0x01, 0x02, 0x04, 0x08, 0x10, 0x20, 0x40, 0x80, 0x00, 0x01, 0x02,
  0x04, 0x08, 0x10, 0x20, 0x40, 0x80, 0x00, 0x01, 0x02, 0x04, 0x0c, 0xf4,
  0xde, 0x01, 0x02, 0x04, 0x08, 0x10, 0x20, 0x40, 0x80, 0x00, 0x01, 0x02,
  0x04, 0x08, 0x10, 0x20, 0x40, 0x80, 0x00, 0x01, 0x02, 0x04, 0x08, 0x10,
  0x20, 0x40, 0x80, 0x00, 0x01, 0x02, 0x04, 0x08, 0x10, 0x20, 0x30, 0x20,
  0x60, 0xa0, 0x1f, 0x40, 0x16, 0x41, 0x80, 0x00, 0x01, 0x02, 0x04, 0x08,
  0x10, 0x20, 0x40, 0x80, 0x00, 0x01, 0x02, 0x04, 0x08, 0x10, 0x20, 0x40,
  0x80, 0x00, 0x01, 0x02, 0x04, 0x08, 0x10, 0x20, 0x40, 0x80, 0x00, 0x01,
  0x02, 0x04, 0x0c, 0xf4, 0xde, 0x01, 0x02, 0x04, 0x08, 0x10, 0x20, 0x40,
  0x80, 0x00, 0x01, 0x02, 0x04, 0x08, 0x10, 0x20, 0x40, 0x80, 0x00, 0x01,
  0x02, 0x04, 0x08, 0x10, 0x20, 0x40, 0x80, 0x00, 0x01, 0x02, 0x04, 0x08,
  0x10, 0x20, 0x30, 0x20, 0x60, 0xa0, 0x1f, 0x40, 0x16, 0x41, 0x80, 0x00,
  0x01, 0x02, 0x04, 0x08, 0x10, 0x20, 0x40, 0x80, 0x00, 0x01, 0x02, 0x04,
  0x08, 0x10, 0x20, 0x40, 0x80, 0x00, 0x01, 0x02, 0x04, 0x08, 0x10, 0x20,
  0x40, 0x80, 0x00, 0x01, 0x02, 0x04, 0x0c, 0xf4, 0xde, 0x01, 0x02, 0x04,
  0x08, 0x10, 0x20, 0x40, 0x80, 0x00, 0x01, 0x02, 0x04, 0x08, 0x10, 0x20,
  0x40, 0x80, 0x00, 0x01, 0x02, 0x04, 0x08, 0x10, 0x20, 0x40, 0x80, 0x00,
  0x01, 0x02, 0x04, 0x08, 0x10, 0x20, 0x30, 0x20, 0x60, 0xa0, 0x1f, 0x40,
  0x16, 0x41, 0x80, 0x00, 0x01, 0x02, 0x04, 0x08, 0x10, 0x20, 0x40, 0x80,
  0x00, 0x01, 0x02, 0x04, 0x08, 0x10, 0x20, 0x40, 0x80, 0x00, 0x01, 0x02,
  0x04, 0x08, 0x10, 0x20, 0x40, 0x80, 0x00, 0x01, 0x02, 0x04, 0x0c, 0xf4,
  0xde, 0x01, 0x02, 0x04, 0x08, 0x10, 0x20, 0x40, 0x80, 0x00, 0x01, 0x02,
  0x04, 0x08, 0x10, 0x20, 0x40, 0x80, 0x00, 0x01, 0x02, 0x04, 0x08, 0x10,
  0x20, 0x40, 0x80, 0x00, 0x01, 0x02, 0x04, 0x08, 0x10, 0x20, 0x30, 0x20,
  0x60, 0xa0, 0x1f, 0x40, 0x16, 0x41, 0x80, 0x00, 0x01, 0x02, 0x04, 0x08,
  0x10, 0x20, 0x40, 0x80, 0x00, 0x01, 0x02, 0x04, 0x08, 0x10, 0x20, 0x40,
  0x80, 0x00, 0x01, 0x02, 0x04, 0x08, 0x10, 0x20, 0x40, 0x80, 0x00, 0x01,
  0x02, 0x04, 0x36, 0x1f, 0x1e, 0xdb, 0xa9, 0x55, 0x68, 0xee, 0x7e, 0x78,
  0xf4, 0xe6, 0xfe, 0x2f, 0x3e, 0xf3, 0x72, 0xed, 0x7b, 0x7f, 0xe3, 0xfc,
  0x4b, 0xd1, 0xee, 0x9f, 0xbf, 0xf7, 0x7e, 0x34, 0xbf, 0x39, 0xfc, 0xd4,
  0xb9, 0xd3, 0xb1, 0xfa, 0xb7, 0xaf, 0xdf, 0x8c, 0x65, 0x0b, 0x26, 0x40,
  0x80, 0xc0, 0xb4, 0xc0, 0xbf, 0xfc, 0xc3, 0xe5, 0xe9, 0x48, 0x79, 0x87,
  0x02, 0xc7, 0xfe, 0x84, 0x43, 0xa9, 0xc0, 0xd5, 0x93, 0x67, 0x4a, 0x9b,
  0xe7, 0x6b, 0x5f, 0xde, 0xf8, 0x38, 0xf6, 0x10, 0x1f, 0xc4, 0x92, 0x05,
  0x5f, 0xfd, 0xe8, 0x43, 0x08, 0x04, 0x08, 0x0c, 0x0b, 0xec, 0xde, 0x79,
  0x7a, 0x38, 0x51, 0x1c, 0x81, 0xac, 0xc0, 0xfe, 0xde, 0x41, 0xf6, 0x01,
  0xa4, 0x13, 0x20, 0x40, 0x60, 0x50, 0xa0, 0x79, 0xab, 0x6b, 0xee, 0xee,
  0x27, 0xe8, 0x07, 0x7f, 0x93, 0x89, 0x22, 0x40, 0x80, 0x00, 0x01, 0x02,
  0x04, 0x08, 0x10, 0x20, 0x40, 0x80, 0x00, 0x01, 0x02, 0x04, 0x08, 0x10,
  0x20, 0x40, 0x80, 0x00, 0x01, 0x02, 0x04, 0x08, 0x10, 0x20, 0x40, 0x80,
  0x00, 0x81, 0x5e, 0x01, 0x03, 0x7d, 0xef, 0xed, 0x35, 0x27, 0x40, 0x80,
  0x00, 0x01, 0x02, 0x04, 0x08, 0x10, 0x20, 0x40, 0x80, 0x00, 0x01, 0x02,
  0x04, 0x08, 0x10, 0x20, 0x40, 0x80, 0x00, 0x01, 0x02, 0x04, 0x08, 0x10,
  0x20, 0x40, 0x80, 0x00, 0x81, 0x41, 0x01, 0x03, 0xfd, 0x20, 0xb6, 0x28,
  0x02, 0x04, 0x08, 0x10, 0x20, 0x40, 0x80, 0x00, 0x01, 0x02, 0x04, 0x08,
  0x10, 0x20, 0x40, 0x80, 0x00, 0x01, 0x02, 0x04, 0x08, 0x10, 0x20, 0x40,
  0x80, 0x00, 0x01, 0x02, 0x04, 0x08, 0x10, 0xe8, 0x15, 0x30, 0xd0, 0xf7,
  0xde, 0x5e, 0x73, 0x02, 0x04, 0x08, 0x10, 0x20, 0x40, 0x80, 0x00, 0x01,
  0x02, 0x04, 0x08, 0x10, 0x20, 0x40, 0x80, 0x00, 0x01, 0x02, 0x04, 0x08,
  0x10, 0x20, 0x40, 0x80, 0x00, 0x01, 0x02, 0x04, 0x08, 0x10, 0x18, 0x14,
  0x30, 0xd0, 0x0f, 0x62, 0x8b, 0x22, 0x40, 0x80, 0x00, 0x01, 0x02, 0x04,
  0x08, 0x10, 0x20, 0x40, 0x80, 0x00, 0x01, 0x02, 0x04, 0x08, 0x10, 0x20,
  0x40, 0x80, 0x00, 0x01, 0x02, 0x04, 0x08, 0x10, 0x20, 0x40, 0x80, 0x00,
  0x81, 0x5e, 0x01, 0x03, 0x7d, 0xef, 0xed, 0x35, 0x27, 0x40, 0x80, 0x00,
  0x01, 0x02, 0x04, 0x08, 0x10, 0x20, 0x40, 0x80, 0x00, 0x01, 0x02, 0x04,
  0x08, 0x10, 0x20, 0x40, 0x80, 0x00, 0x01, 0x02, 0x04, 0x08, 0x10, 0x20,
  0x40, 0x80, 0x00, 0x81, 0x41, 0x01, 0x03, 0xfd, 0x20, 0xb6, 0x28, 0x02,
  0x04, 0x08, 0x10, 0x20, 0x40, 0x80, 0x00, 0x01, 0x02, 0x04, 0x08, 0x10,
  0x20, 0x40, 0x80, 0x00, 0x01, 0x02, 0x04, 0x08, 0x10, 0x20, 0x40, 0x80,
  0x00, 0x01, 0x02, 0x04, 0x08, 0x10, 0xe8, 0x15, 0x30, 0xd0, 0xf7, 0xde,
  0x5e, 0x73, 0x02, 0x04, 0x08, 0x10, 0x20, 0x40, 0x80, 0x00, 0x01, 0x02,
  0x04, 0x08, 0x10, 0x20, 0x40, 0x80, 0x00, 0x01, 0x02, 0x04, 0x08, 0x10,
  0x20, 0x40, 0x80, 0x00, 0x01, 0x02, 0x04, 0x08, 0x10, 0x18, 0x14, 0x30,
  0xd0, 0x0f, 0x62, 0x8b, 0x22, 0x40, 0x80, 0x00, 0x01, 0x02, 0x04, 0x08,
  0x10, 0x20, 0x40, 0x80, 0x00, 0x01, 0x02, 0x04, 0x08, 0x10, 0x20, 0x40,
  0x80, 0x00, 0x01, 0x02, 0x04, 0x08, 0x10, 0x20, 0x40, 0x80, 0x00, 0x81,
  0x5e, 0x01, 0x03, 0x7d, 0xef, 0xed, 0x35, 0x27, 0x40, 0x80, 0x00, 0x01,
  0x02, 0x04, 0x08, 0x10, 0x20, 0x40, 0x80, 0x00, 0x01, 0x02, 0x04, 0x08,
  0x10, 0x20, 0x40, 0x80, 0x00, 0x01, 0x02, 0x04, 0x08, 0x10, 0x20, 0x40,
  0x80, 0x00, 0x81, 0x41, 0x01, 0x03, 0xfd, 0x20, 0xb6, 0x28, 0x02, 0x04,
  0x08, 0x10, 0x20, 0x40, 0x80, 0x00, 0x01, 0x02, 0x04, 0x08, 0x10, 0x20,
  0x40, 0x80, 0x00, 0x01, 0x02, 0x04, 0x08, 0x10, 0x20, 0x40, 0x80, 0x00,
  0x01, 0x02, 0x04, 0x08, 0x10, 0xe8, 0x15, 0x30, 0xd0, 0xf7, 0xde, 0x5e,
  0x73, 0x02, 0x04, 0x08, 0x10, 0x20, 0x40, 0x80, 0x00, 0x01, 0x02, 0x04,
  0x08, 0x10, 0x20, 0x40, 0x80, 0x00, 0x01, 0x02, 0x04, 0x08, 0x10, 0x20,
  0x40, 0x80, 0x00, 0x01, 0x02, 0x04, 0x08, 0x10, 0x18, 0x14, 0x30, 0xd0,
  0x0f, 0x62, 0x8b, 0x22, 0x40, 0x80, 0x00, 0x01, 0x02, 0x04, 0x08, 0x10,
  0x20, 0x40, 0x80, 0x00, 0x01, 0x02, 0x04, 0x08, 0x10, 0x20, 0x40, 0x80,
  0x00, 0x01, 0x02, 0x04, 0x08, 0x10, 0x20, 0x40, 0x80, 0x00, 0x81, 0x5e,
  0x01, 0x03, 0x7d, 0xef, 0xed, 0x35, 0x27, 0x40, 0x80, 0x00, 0x01, 0x02,
  0x04, 0x08, 0x10, 0x20, 0x40, 0x80, 0x00, 0x01, 0x02, 0x04, 0x08, 0x10,
  0x20, 0x40, 0x80, 0x00, 0x01, 0x02, 0x04, 0x08, 0x10, 0x20, 0x40, 0x80,
  0x00, 0x81, 0x41, 0x01, 0x03, 0xfd, 0x20, 0xb6, 0x28, 0x02, 0x04, 0x08,
  0x10, 0x20, 0x40, 0x80, 0x00, 0x01, 0x02, 0x04, 0x08, 0x10, 0x20, 0x40,
  0x80, 0x00, 0x01, 0x02, 0x04, 0x08, 0x10, 0x20, 0x40, 0x80, 0x00, 0x01,
  0x02, 0x04, 0x08, 0x10, 0xe8, 0x15, 0x30, 0xd0, 0xf7, 0xde, 0x5e, 0x73,
  0x02, 0x04, 0x08, 0x10, 0x20, 0x40, 0x80, 0x00, 0x01, 0x02, 0x04, 0x08,
  0x10, 0x20, 0x40, 0x80, 0x00, 0x01, 0x02, 0x04, 0x08, 0x10, 0x20, 0x40,
  0x80, 0x00, 0x01, 0x02, 0x04, 0x08, 0x10, 0x18, 0x14, 0x30, 0xd0, 0x0f,
  0x62, 0x8b, 0x22, 0x40, 0x80, 0x00, 0x01, 0x02, 0x04, 0x08, 0x10, 0x20,
  0x40, 0x80, 0x00, 0x01, 0x02, 0x04, 0x08, 0x10, 0x20, 0x40, 0x80, 0x00,
  0x01, 0x02, 0x04, 0x08, 0x10, 0x20, 0x40, 0x80, 0x00, 0x81, 0x5e, 0x01,
  0x03, 0x7d, 0xef, 0xed, 0x35, 0x27, 0x40, 0x80, 0x00, 0x01, 0x02, 0x04,
  0x08, 0x10, 0x20, 0x40, 0x80, 0x00, 0x01, 0x02, 0x04, 0x08, 0x10, 0x20,
  0x40, 0x80, 0x00, 0x01, 0x02, 0x04, 0x08, 0x10, 0x20, 0x40, 0x80, 0x00,
  0x81, 0x41, 0x01, 0x03, 0xfd, 0x20, 0xb6, 0x28, 0x02, 0x04, 0x08, 0x10,
  0x20, 0x40, 0x80, 0x00, 0x01, 0x02, 0x04, 0x08, 0x10, 0x20, 0x40, 0x80,
  0x00, 0x01, 0x02, 0x04, 0x08, 0x10, 0x20, 0x40, 0x80, 0x00, 0x01, 0x02,
  0x04, 0x08, 0x10, 0xe8, 0x15, 0x30, 0xd0, 0xf7, 0xde, 0x5e, 0x73, 0x02,
  0x04, 0x08, 0x10, 0x20, 0x40, 0x80, 0x00, 0x01, 0x02, 0x04, 0x08, 0x10,
  0x20, 0x40, 0x80, 0x00, 0x01, 0x02, 0x04, 0x08, 0x10, 0x20, 0x40, 0x80,
  0x00, 0x01, 0x02, 0x04, 0x08, 0x10, 0x18, 0x14, 0x30, 0xd0, 0x0f, 0x62,
  0x8b, 0x22, 0x40, 0x80, 0x00, 0x01, 0x02, 0x04, 0x08, 0x10, 0x20, 0x40,
  0x80, 0x00, 0x01, 0x02, 0x04, 0x08, 0x10, 0x20, 0x40, 0x80, 0x00, 0x01,
  0x02, 0x04, 0x08, 0x10, 0x20, 0x40, 0x80, 0x00, 0x81, 0x5e, 0x01, 0x03,
  0x7d, 0xef, 0xed, 0x35, 0x27, 0x40, 0x80, 0x00, 0x01, 0x02, 0x04, 0x08,
  0x10, 0x20, 0x40, 0x80, 0x00, 0x01, 0x02, 0x04, 0x08, 0x10, 0x20, 0x40,
  0x80, 0x00, 0x01, 0x02, 0x04, 0x08, 0x10, 0x20, 0x40, 0x80, 0x00, 0x81,
  0x41, 0x01, 0x03, 0xfd, 0x20, 0xb6, 0x28, 0x02, 0x04, 0x08, 0x10, 0x20,
  0x40, 0x80, 0x00, 0x01, 0x02, 0x04, 0x08, 0x10, 0x20, 0x40, 0x80, 0x00,
  0x01, 0x02, 0x04, 0x08, 0x10, 0x20, 0x40, 0x80, 0x00, 0x01, 0x02, 0x04,
  0x08, 0x10, 0xe8, 0x15, 0x30, 0xd0, 0xf7, 0xde, 0x5e, 0x73, 0x02, 0x04,
  0x08, 0x10, 0x20, 0x40, 0x80, 0x00, 0x01, 0x02, 0x04, 0x08, 0x10, 0x20,
  0x40, 0x80, 0x00, 0x01, 0x02, 0x04, 0x08, 0x10, 0x20, 0x40, 0x80, 0x00,
  0x01, 0x02, 0x04, 0x08, 0x10, 0x18, 0x14, 0x30, 0xd0, 0x0f, 0x62, 0x8b,
  0x22, 0x40, 0x80, 0x00, 0x01, 0x02, 0x04, 0x08, 0x10, 0x20, 0x40, 0x80,
  0x00, 0x01, 0x02, 0x04, 0x08, 0x10, 0x20, 0x40, 0x80, 0x00, 0x01, 0x02,
  0x04, 0x08, 0x10, 0x20, 0x40, 0x80, 0x00, 0x81, 0x5e, 0x01, 0x03, 0x7d,
  0xef, 0xed, 0x35, 0x27, 0x40, 0x80, 0x00, 0x01, 0x02, 0x04, 0x08, 0x10,
  0x20, 0x40, 0x80, 0x00, 0x01, 0x02, 0x04, 0x08, 0x10, 0x20, 0x40, 0x80,
  0x00, 0x01, 0x02, 0x04, 0x08, 0x10, 0x20, 0x40, 0x80, 0x00, 0x81, 0x41,
  0x01, 0x03, 0xfd, 0x20, 0xb6, 0x28, 0x02, 0x04, 0x08, 0x10, 0x20, 0x40,
  0x80, 0x00, 0x01, 0x02, 0x04, 0x08, 0x10, 0x20, 0x40, 0x80, 0x00, 0x01,
  0x02, 0x04, 0x08, 0x10, 0x20, 0x40, 0x80, 0x00, 0x01, 0x02, 0x04, 0x08,
  0x10, 0xe8, 0x15, 0x30, 0xd0, 0xf7, 0xde, 0x5e, 0x73, 0x02, 0x04, 0x08,
  0x10, 0x20, 0x40, 0x80, 0x00, 0x01, 0x02, 0x04, 0x08, 0x10, 0x20, 0x40,
  0x80, 0x00, 0x01, 0x02, 0x04, 0x08, 0x10, 0x20, 0x40, 0x80, 0x00, 0x01,
  0x02, 0x04, 0x08, 0x10, 0x18, 0x14, 0x30, 0xd0, 0x0f, 0x62, 0x8b, 0x22,
  0x40, 0x80, 0x00, 0x01, 0x02, 0x04, 0x08, 0x10, 0x20, 0x40, 0x80, 0x00,
  0x01, 0x02, 0x04, 0x08, 0x10, 0x20, 0x40, 0x80, 0x00, 0x01, 0x02, 0x04,
  0x08, 0x10, 0x20, 0x40, 0x80, 0x00, 0x81, 0x5e, 0x01, 0x03, 0x7d, 0xef,
  0xed, 0x35, 0x27, 0x40, 0x80, 0x00, 0x01, 0x02, 0x04, 0x08, 0x10, 0x20,
  0x40, 0x80, 0x00, 0x01, 0x02, 0x04, 0x08, 0x10, 0x20, 0x40, 0x80, 0x00,
  0x01, 0x02, 0x04, 0x08, 0x10, 0x20, 0x40, 0x80, 0x00, 0x81, 0x41, 0x01,
  0x03, 0xfd, 0x20, 0xb6, 0x28, 0x02, 0x04, 0x08, 0x10, 0x20, 0x40, 0x80,
  0x00, 0x01, 0x02, 0x04, 0x08, 0x10, 0x20, 0x40, 0x80, 0x00, 0x01, 0x02,
  0x04, 0x08, 0x10, 0x20, 0x40, 0x80, 0x00, 0x01, 0x02, 0x04, 0x08, 0x10,
  0xe8, 0x15, 0xd8, 0x7c, 0xea, 0xfe, 0x5e, 0xb4, 0xfd, 0xc3, 0x63, 0x3b,
  0xb1, 0xfc, 0xe6, 0xee, 0x87, 0xe8, 0xc9, 0xfe, 0xc9, 0xbb, 0xa7, 0xbb,
  0x1f, 0xe6, 0x27, 0xfb, 0xff, 0xcd, 0x1f, 0xff, 0x69, 0xec, 0xf7, 0xdc,
  0x61, 0xf0, 0x7f, 0x9e, 0x7f, 0x29, 0x9a, 0xdf, 0x1c, 0x9e, 0xbc, 0xfd,
  0x3f, 0x36, 0xc3, 0xff, 0xa6, 0xfb, 0xfe, 0xde, 0x41, 0xad, 0x40, 0xb2,
  0xfb, 0xf6, 0xce, 0x56, 0xad, 0x7b, 0x7b, 0xf1, 0x3f, 0xfc, 0xf7, 0x7f,
  0x6a, 0x27, 0xd0, 0x9f, 0x40, 0x95, 0xc0, 0x85, 0xb3, 0xcf, 0xc7, 0xfa,
  0x5e, 0xfd, 0xe8, 0xc3, 0x58, 0xf6, 0x12, 0x82, 0x8f, 0x9f, 0x3c, 0x13,
  0x7b, 0x8c, 0x17, 0x3e, 0xfd, 0x38, 0x96, 0x7d, 0x18, 0x9c, 0xec, 0x1e,
  0x2d, 0x2e, 0x9c, 0x00, 0x81, 0x3a, 0x01, 0xff, 0xae, 0xaa, 0x3b, 0xb9,
  0xc2, 0x04, 0x08, 0x10, 0x20, 0x30, 0x2c, 0x60, 0xab, 0x1b, 0x06, 0xff,
  0x5a, 0x5c, 0x72, 0xab, 0xf3, 0x13, 0xf4, 0xb9, 0xbb, 0x4b, 0x26, 0x40,
  0x80, 0x00, 0x01, 0x02, 0x04, 0x08, 0x10, 0x20, 0x40, 0x80, 0x00, 0x01,
  0x02, 0x04, 0x08, 0x10, 0x20, 0x40, 0x80, 0x00, 0x01, 0x02, 0x04, 0x08,
  0x10, 0x20, 0x40, 0x80, 0x00, 0x81, 0x22, 0x01, 0x03, 0x7d, 0xd1, 0xb1,
  0x55, 0x25, 0x40, 0x80, 0x00, 0x01, 0x02, 0x04, 0x08, 0x10, 0x20, 0x40,
  0x80, 0x00, 0x01, 0x02, 0x04, 0x08, 0x10, 0x20, 0x40, 0x80, 0x00, 0x01,
  0x02, 0x04, 0x08, 0x10, 0x20, 0x40, 0x80, 0x00, 0x81, 0x9c, 0x80, 0x81,
  0x3e, 0x67, 0x2f, 0x99, 0x00, 0x01, 0x02, 0x04, 0x08, 0x10, 0x20, 0x40,
  0x80, 0x00, 0x01, 0x02, 0x04, 0x08, 0x10, 0x20, 0x40, 0x80, 0x00, 0x01,
  0x02, 0x04, 0x08, 0x10, 0x20, 0x40, 0x80, 0x00, 0x01, 0x02, 0x04, 0x8a,
  0x04, 0x0c, 0xf4, 0x45, 0xc7, 0x56, 0x95, 0x00, 0x01, 0x02, 0x04, 0x08,
  0x10, 0x20, 0x40, 0x80, 0x00, 0x01, 0x02, 0x04, 0x08, 0x10, 0x20, 0x40,
  0x80, 0x00, 0x01, 0x02, 0x04, 0x08, 0x10, 0x20, 0x40, 0x80, 0x00, 0x01,
  0x02, 0x04, 0x72, 0x02, 0x06, 0xfa, 0x9c, 0xbd, 0x64, 0x02, 0x04, 0x08,
  0x10, 0x20, 0x40, 0x80, 0x00, 0x01, 0x02, 0x04, 0x08, 0x10, 0x20, 0x40,
  0x80, 0x00, 0x01, 0x02, 0x04, 0x08, 0x10, 0x20, 0x40, 0x80, 0x00, 0x01,
  0x02, 0x04, 0x08, 0x10, 0x28, 0x12, 0x30, 0xd0, 0x17, 0x1d, 0x5b, 0x55,
  0x02, 0x04, 0x08, 0x10, 0x20, 0x40, 0x80, 0x00, 0x01, 0x02, 0x04, 0x08,
  0x10, 0x20, 0x40, 0x80, 0x00, 0x01, 0x02, 0x04, 0x08, 0x10, 0x20, 0x40,
  0x80, 0x00, 0x01, 0x02, 0x04, 0x08, 0x10, 0xc8, 0x09, 0x18, 0xe8, 0x73,
  0xf6, 0x92, 0x09, 0x10, 0x20, 0x40, 0x80, 0x00, 0x01, 0x02, 0x04, 0x08,
  0x10, 0x20, 0x40, 0x80, 0x00, 0x01, 0x02, 0x04, 0x08, 0x10, 0x20, 0x40,
  0x80, 0x00, 0x01, 0x02, 0x04, 0x08, 0x10, 0x20, 0x40, 0xa0, 0x48, 0xc0,
  0x40, 0x5f, 0x74, 0x6c, 0x55, 0x09, 0x10, 0x20, 0x40, 0x80, 0x00, 0x01,
  0x02, 0x04, 0x08, 0x10, 0x20, 0x40, 0x80, 0x00, 0x01, 0x02, 0x04, 0x08,
  0x10, 0x20, 0x40, 0x80, 0x00, 0x01, 0x02, 0x04, 0x08, 0x10, 0x20, 0x40,
  0x20, 0x27, 0x60, 0xa0, 0xcf, 0xd9, 0x4b, 0x26, 0x40, 0x80, 0x00, 0x01,
  0x02, 0x04, 0x08, 0x10, 0x20, 0x40, 0x80, 0x00, 0x01, 0x02, 0x04, 0x08,
  0x10, 0x20, 0x40, 0x80, 0x00, 0x01, 0x02, 0x04, 0x08, 0x10, 0x20, 0x40,
  0x80, 0x00, 0x81, 0x22, 0x01, 0x03, 0x7d, 0xd1, 0xb1, 0x55, 0x25, 0x40,
  0x80, 0x00, 0x01, 0x02, 0x04, 0x08, 0x10, 0x20, 0x40, 0x80, 0x00, 0x01,
  0x02, 0x04, 0x08, 0x10, 0x20, 0x40, 0x80, 0x00, 0x01, 0x02, 0x04, 0x08,
  0x10, 0x20, 0x40, 0x80, 0x00, 0x81, 0x9c, 0x80, 0x81, 0x3e, 0x67, 0x2f,
  0x99, 0x00, 0x01, 0x02, 0x04, 0x08, 0x10, 0x20, 0x40, 0x80, 0x00, 0x01,
  0x02, 0x04, 0x08, 0x10, 0x20, 0x40, 0x80, 0x00, 0x01, 0x02, 0x04, 0x08,
  0x10, 0x20, 0x40, 0x80, 0x00, 0x01, 0x02, 0x04, 0x8a, 0x04, 0x0c, 0xf4,
  0x45, 0xc7, 0x56, 0x95, 0x00, 0x01, 0x02, 0x04, 0x08, 0x10, 0x20, 0x40,
  0x80, 0x00, 0x01, 0x02, 0x04, 0x08, 0x10, 0x20, 0x40, 0x80, 0x00, 0x01,
  0x02, 0x04, 0x08, 0x10, 0x20, 0x40, 0x80, 0x00, 0x01, 0x02, 0x04, 0x72,
  0x02, 0x06, 0xfa, 0x9c, 0xbd, 0x64, 0x02, 0x04, 0x08, 0x10, 0x20, 0x40,
  0x80, 0x00, 0x01, 0x02, 0x04, 0x08, 0x10, 0x20, 0x40, 0x80, 0x00, 0x01,
  0x02, 0x04, 0x08, 0x10, 0x20, 0x40, 0x80, 0x00, 0x01, 0x02, 0x04, 0x08,
  0x10, 0x28, 0x12, 0x30, 0xd0, 0x17, 0x1d, 0x5b, 0x55, 0x02, 0x04, 0x08,
  0x10, 0x20, 0x40, 0x80, 0x00, 0x01, 0x02, 0x04, 0x08, 0x10, 0x20, 0x40,
  0x80, 0x00, 0x01, 0x02, 0x04, 0x08, 0x10, 0x20, 0x40, 0x80, 0x00, 0x01,
  0x02, 0x04, 0x08, 0x10, 0xc8, 0x09, 0x18, 0xe8, 0x73, 0xf6, 0x92, 0x09,
  0x10, 0x20, 0x40, 0x80, 0x00, 0x01, 0x02, 0x04, 0x08, 0x10, 0x20, 0x40,
  0x80, 0x00, 0x01, 0x02, 0x04, 0x08, 0x10, 0x20, 0x40, 0x80, 0x00, 0x01,
  0x02, 0x04, 0x08, 0x10, 0x20, 0x40, 0xa0, 0x48, 0xc0, 0x40, 0x5f, 0x74,
  0x6c, 0x55, 0x09, 0x10, 0x20, 0x40, 0x80, 0x00, 0x01, 0x02, 0x04, 0x08,
  0x10, 0x20, 0x40, 0x80, 0x00, 0x01, 0x02, 0x04, 0x08, 0x10, 0x20, 0x40,
  0x80, 0x00, 0x01, 0x02, 0x04, 0x08, 0x10, 0x20, 0x40, 0x20, 0x27, 0x60,
  0xa0, 0xcf, 0xd9, 0x4b, 0x26, 0x40, 0x80, 0x00, 0x01, 0x02, 0x04, 0x08,
  0x10, 0x20, 0x40, 0x80, 0x00, 0x01, 0x02, 0x04, 0x08, 0x10, 0x20, 0x40,
  0x80, 0x00, 0x01, 0x02, 0x04, 0x08, 0x10, 0x20, 0x40, 0x80, 0x00, 0x81,
  0x22, 0x01, 0x03, 0x7d, 0xd1, 0xb1, 0x55, 0x25, 0x40, 0x80, 0x00, 0x01,
  0x02, 0x04, 0x08, 0x10, 0x20, 0x40, 0x80, 0x00, 0x01, 0x02, 0x04, 0x08,
  0x10, 0x20, 0x40, 0x80, 0x00, 0x01, 0x02, 0x04, 0x08, 0x10, 0x20, 0x40,
  0x80, 0x00, 0x81, 0x9c, 0x80, 0x81, 0x3e, 0x67, 0x2f, 0x99, 0x00, 0x01,
  0x02, 0x04, 0x08, 0x10, 0x20, 0x40, 0x80, 0x00, 0x01, 0x02, 0x04, 0x08,
  0x10, 0x20, 0x40, 0x80, 0x00, 0x01, 0x02, 0x04, 0x08, 0x10, 0x20, 0x40,
  0x80, 0x00, 0x01, 0x02, 0x04, 0x8a, 0x04, 0x0c, 0xf4, 0x45, 0xc7, 0x56,
  0x95, 0x00, 0x01, 0x02, 0x04, 0x08, 0x10, 0x20, 0x40, 0x80, 0x00, 0x01,
  0x02, 0x04, 0x08, 0x10, 0x20, 0x40, 0x80, 0x00, 0x01, 0x02, 0x04, 0x08,
  0x10, 0x20, 0x40, 0x80, 0x00, 0x01, 0x02, 0x04, 0x72, 0x02, 0x06, 0xfa,
  0x9c, 0xbd, 0x64, 0x02, 0x04, 0x08, 0x10, 0x20, 0x40, 0x80, 0x00, 0x01,
  0x02, 0x04, 0x08, 0x10, 0x20, 0x40, 0x80, 0x00, 0x01, 0x02, 0x04, 0x08,
  0x10, 0x20, 0x40, 0x80, 0x00, 0x01, 0x02, 0x04, 0x08, 0x10, 0x28, 0x12,
  0x30, 0xd0, 0x17, 0x1d, 0x5b, 0x55, 0x02, 0x04, 0x08, 0x10, 0x20, 0x40,
  0x80, 0x00, 0x01, 0x02, 0x04, 0x08, 0x10, 0x20, 0x40, 0x80, 0x00, 0x01,
  0x02, 0x04, 0x08, 0x10, 0x20, 0x40, 0x80, 0x00, 0x01, 0x02, 0x04, 0x08,
  0x10, 0xc8, 0x09, 0x18, 0xe8, 0x73, 0xf6, 0x92, 0x09, 0x10, 0x20, 0x40,
  0x80, 0x00, 0x01, 0x02, 0x04, 0x08, 0x10, 0x20, 0x40, 0x80, 0x00, 0x01,
  0x02, 0x04, 0x08, 0x10, 0x20, 0x40, 0x80, 0x00, 0x01, 0x02, 0x04, 0x08,
  0x10, 0x20, 0x40, 0xa0, 0x48, 0xc0, 0x40, 0x5f, 0x74, 0x6c, 0x55, 0x09,
  0x10, 0x20, 0x40, 0x80, 0x00, 0x01, 0x02, 0x04, 0x08, 0x10, 0x20, 0x40,
  0x80, 0x00, 0x01, 0x02, 0x04, 0x08, 0x10, 0x20, 0x40, 0x80, 0x00, 0x01,
  0x02, 0x04, 0x08, 0x10, 0x20, 0x40, 0x20, 0x27, 0x60, 0xa0, 0xcf, 0xd9,
  0x4b, 0x26, 0x40, 0x80, 0x00, 0x01, 0x02, 0x04, 0x08, 0x10, 0x20, 0x40,
  0x80, 0x00, 0x01, 0x02, 0x04, 0x08, 0x10, 0x20, 0x40, 0x80, 0x00, 0x01,
  0x02, 0x04, 0x08, 0x10, 0x20, 0x40, 0x80, 0x00, 0x81, 0x22, 0x01, 0x03,
  0x7d, 0xd1, 0xb1, 0x55, 0x25, 0x40, 0x80, 0x00, 0x01, 0x02, 0x04, 0x08,
  0x10, 0x20, 0x40, 0x80, 0x00, 0x01, 0x02, 0x04, 0x08, 0x10, 0x20, 0x40,
  0x80, 0x00, 0x01, 0x02, 0x04, 0x08, 0x10, 0x20, 0x40, 0x80, 0x00, 0x81,
  0x9c, 0x80, 0x81, 0x3e, 0x67, 0x2f, 0x99, 0x00, 0x01, 0x02, 0x04, 0x08,
  0x10, 0x20, 0x40, 0x80, 0x00, 0x01, 0x02, 0x04, 0x08, 0x10, 0x20, 0x40,
  0x80, 0x00, 0x01, 0x02, 0x04, 0x08, 0x10, 0x20, 0x40, 0x80, 0x00, 0x01,
  0x02, 0x04, 0x8a, 0x04, 0x0c, 0xf4, 0x45, 0xc7, 0x56, 0x95, 0x00, 0x01,
  0x02, 0x04, 0x08, 0x10, 0x20, 0x40, 0x80, 0x00, 0x01, 0x02, 0x04, 0x08,
  0x10, 0x20, 0x40, 0x80, 0x00, 0x01, 0x02, 0x04, 0x08, 0x10, 0x20, 0x40,
  0x80, 0x00, 0x01, 0x02, 0x04, 0x72, 0x02, 0x06, 0xfa, 0x9c, 0xbd, 0x64,
  0x02, 0x04, 0x08, 0x10, 0x20, 0x40, 0x80, 0x00, 0x01, 0x02, 0x04, 0x08,
  0x10, 0x20, 0x40, 0x80, 0x00, 0x01, 0x02, 0x04, 0x08, 0x10, 0x20, 0x40,
  0x80, 0x00, 0x01, 0x02, 0x04, 0x08, 0x10, 0x28, 0x12, 0x30, 0xd0, 0x17,
  0x1d, 0x5b, 0x55, 0x02, 0x04, 0x08, 0x10, 0x20, 0x40, 0x80, 0x00, 0x01,
  0x02, 0x04, 0x08, 0x10, 0x20, 0x40, 0x80, 0x00, 0x01, 0x02, 0x04, 0x08,
  0x10, 0x20, 0x40, 0x80, 0x00, 0x01, 0x02, 0x04, 0x08, 0x10, 0xc8, 0x09,
  0x6c, 0xe6, 0xa2, 0x25, 0x13, 0x20, 0xd0, 0x28, 0xf0, 0xe2, 0x33, 0x2f,
  0xc7, 0x6a, 0x3f, 0x75, 0x7f, 0x2f, 0x96, 0x7d, 0x18, 0xfc, 0xf0, 0xd8,
  0x4e, 0x34, 0x3f, 0xdd, 0x3f, 0x5a, 0x5e, 0x38, 0x01, 0x02, 0x04, 0x08,
  0x10, 0x20, 0x40, 0x80, 0x00, 0x01, 0x02, 0x04, 0x08, 0x10, 0x20, 0x40,
  0x80, 0x00, 0x01, 0x02, 0x04, 0x08, 0x10, 0x20, 0x40, 0x60, 0x01, 0x02,
  0x9b, 0xcd, 0x83, 0x51, 0x73, 0xf7, 0xf4, 0x58, 0x98, 0x1e, 0x0a, 0x9b,
  0x6f, 0xaf, 0x7b, 0xee, 0x4f, 0xde, 0xf6, 0xf7, 0x3e, 0x27, 0xbf, 0xb1,
  0x71, 0xe9, 0x8d, 0xb7, 0x92, 0xf1, 0x1b, 0x67, 0xff, 0xfa, 0x2f, 0x63,
  0xf9, 0xdb, 0x3b, 0x5b, 0xb1, 0xec, 0xc3, 0xe0, 0xfd, 0xbd, 0x83, 0x68,
  0xbe, 0xf0, 0x8c, 0x40, 0xfc, 0xbd, 0xdb, 0xf8, 0xd7, 0x4c, 0xf1, 0xff,
  0x4d, 0xbd, 0x7c, 0xe2, 0x41, 0x34, 0x3f, 0x19, 0xfe, 0x67, 0x7f, 0xfb,
  0xf7, 0xc9, 0xf8, 0x68, 0xf6, 0x27, 0x4f, 0xfd, 0x41, 0x34, 0x5f, 0x38,
  0x81, 0x36, 0x81, 0xe3, 0x27, 0xcf, 0xb4, 0x55, 0xd6, 0x97, 0x00, 0x81,
  0x62, 0x81, 0xf4, 0xf7, 0xd7, 0xc5, 0xf4, 0xd5, 0xd5, 0xfd, 0x7b, 0xbe,
  0xfa, 0xfc, 0xca, 0x07, 0x04, 0xfc, 0x9e, 0x0b, 0xa0, 0x2f, 0x24, 0x32,
  0xb9, 0xd9, 0xb4, 0x6f, 0x16, 0xc9, 0xfe, 0xfe, 0x17, 0xf7, 0x0b, 0xf9,
  0x0d, 0xe8, 0x31, 0x08, 0x10, 0x20, 0x40, 0x80, 0x00, 0x01, 0x02, 0x04,
  0x08, 0x10, 0x20, 0x40, 0x80, 0x00, 0x01, 0x02, 0x04, 0x08, 0x10, 0x20,
  0x40, 0x80, 0x00, 0x01, 0x02, 0x04, 0x08, 0x10, 0x20, 0x40, 0x60, 0xdd,
  0x02, 0x06, 0xfa, 0x75, 0xdf, 0x57, 0x3b, 0x02, 0x04, 0x08, 0x10, 0x20,
  0x40, 0x80, 0x00, 0x01, 0x02, 0x04, 0x08, 0x10, 0x20, 0x40, 0x80, 0x00,
  0x01, 0x02, 0x04, 0x08, 0x10, 0x20, 0x40, 0x80, 0x00, 0x01, 0x02, 0x04,
  0x08, 0x10, 0x58, 0x88, 0x80, 0x81, 0x7e, 0x21, 0x87, 0xf0, 0x18, 0x04,
  0x08, 0x10, 0x20, 0x40, 0x80, 0x00, 0x01, 0x02, 0x04, 0x08, 0x10, 0x20,
  0x40, 0x80, 0x00, 0x01, 0x02, 0x04, 0x08, 0x10, 0x20, 0x40, 0x80, 0x00,
  0x01, 0x02, 0x04, 0x08, 0x10, 0x20, 0xb0, 0x6e, 0x01, 0x03, 0xfd, 0xba,
  0xef, 0xab, 0x1d, 0x01, 0x02, 0x04, 0x08, 0x10, 0x20, 0x40, 0x80, 0x00,
  0x01, 0x02, 0x04, 0x08, 0x10, 0x20, 0x40, 0x80, 0x00, 0x01, 0x02, 0x04,
  0x08, 0x10, 0x20, 0x40, 0x80, 0x00, 0x01, 0x02, 0x04, 0x08, 0x2c, 0x44,
  0xc0, 0x40, 0xbf, 0x90, 0x43, 0x78, 0x0c, 0x02, 0x04, 0x08, 0x10, 0x20,
  0x40, 0xe0, 0x7f, 0xd8, 0xb7, 0x83, 0x10, 0x4d, 0xef, 0xfa, 0x0e, 0xe0,
  0xbb, 0x32, 0x87, 0xa1, 0x28, 0x8c, 0xc7, 0x01, 0xb3, 0x06, 0x84, 0x50,
  0x6c, 0x09, 0x83, 0x84, 0x1e, 0xe6, 0xa5, 0x93, 0x6d, 0x61, 0x2d, 0xf4,
  0x10, 0x4f, 0x8b, 0x48, 0x61, 0x17, 0x76, 0xc3, 0x8a, 0x91, 0x80, 0x27,
  0x09, 0xec, 0xa5, 0x05, 0x17, 0xf6, 0x68, 0x2f, 0x7b, 0x08, 0x5b, 0x61,
  0x13, 0x72, 0xca, 0x29, 0x1e, 0x7a, 0x48, 0xa1, 0xc4, 0xd1, 0x77, 0xae,
  0x1d, 0xd3, 0xea, 0xd9, 0xae, 0x85, 0x1c, 0x9d, 0x83, 0xc8, 0x1c, 0x74,
  0x46, 0x5f, 0xe3, 0x61, 0x51, 0x53, 0x89, 0xec, 0xfc, 0xbf, 0xcf, 0xf3,
  0x7c, 0x3f, 0x67, 0x93, 0xfd, 0x3e, 0xdf, 0xcf, 0xef, 0xd9, 0x77, 0xdd,
  0xf7, 0x9b, 0x21, 0x40, 0x80, 0x00, 0x01, 0x02, 0x04, 0x08, 0x10, 0x20,
  0x40, 0x80, 0x00, 0x01, 0x02, 0x04, 0x08, 0x10, 0x20, 0x40, 0x80, 0x00,
  0x01, 0x02, 0x04, 0x96, 0x2d, 0x60, 0xa0, 0x5f, 0xf6, 0x7d, 0xb5, 0x23,
  0x40, 0x80, 0x00, 0x01, 0x02, 0x04, 0x08, 0x10, 0x20, 0x40, 0x80, 0x00,
  0x01, 0x02, 0x04, 0x08, 0x10, 0x20, 0x40, 0x80, 0x00, 0x01, 0x02, 0x04,
  0x08, 0x10, 0x20, 0x40, 0x80, 0x00, 0x81, 0x89, 0x08, 0x18, 0xe8, 0x27,
  0x72, 0x08, 0x8f, 0x41, 0x80, 0x00, 0x01, 0x02, 0x04, 0x08, 0x10, 0x20,
  0x40, 0x80, 0x00, 0x01, 0x02, 0x04, 0x08, 0x10, 0x20, 0x40, 0x80, 0x00,
  0x01, 0x02, 0x04, 0x08, 0x10, 0x20, 0x40, 0x80, 0x00, 0x01, 0x02, 0xcb,
  0x16, 0x30, 0xd0, 0x2f, 0xfb, 0xbe, 0xda, 0x11, 0x20, 0x40, 0x80, 0x00,
  0x01, 0x02, 0x04, 0x08, 0x10, 0x20, 0x40, 0x80, 0x00, 0x01, 0x02, 0x04,
  0x08, 0x10, 0x20, 0x40, 0x80, 0x00, 0x01, 0x02, 0x04, 0x08, 0x10, 0x20,
  0x40, 0x80, 0xc0, 0x44, 0x04, 0x0c, 0xf4, 0x13, 0x39, 0x84, 0xc7, 0x20,
  0x40, 0x80, 0x00, 0x01, 0x02, 0x04, 0x08, 0x10, 0x20, 0x40, 0x80, 0x00,
  0x01, 0x02, 0x04, 0x08, 0x10, 0x20, 0x40, 0x80, 0x00, 0x01, 0x02, 0x04,
  0x08, 0x10, 0x20, 0x40, 0x80, 0x00, 0x81, 0x65, 0x0b, 0x18, 0xe8, 0x97,
  0x7d, 0x5f, 0xed, 0x08, 0x10, 0x20, 0x40, 0x80, 0x00, 0x01, 0x02, 0x04,
  0x08, 0x10, 0x20, 0x40, 0x80, 0x00, 0x01, 0x02, 0x04, 0x08, 0x10, 0x20,
  0x40, 0x80, 0x00, 0x01, 0x02, 0x04, 0x08, 0x10, 0x20, 0x40, 0x60, 0x22,
  0x02, 0x06, 0xfa, 0x89, 0x1c, 0xc2, 0x63, 0x10, 0x20, 0x40, 0x80, 0x00,
  0x01, 0x02, 0x04, 0x08, 0x10, 0x20, 0x40, 0x80, 0x00, 0x01, 0x02, 0x04,
  0x08, 0x10, 0x20, 0x40, 0x80, 0x00, 0x01, 0x02, 0x04, 0x08, 0x10, 0x20,
  0x40, 0x80, 0xc0, 0xb2, 0x05, 0x0c, 0xf4, 0xcb, 0xbe, 0xaf, 0x76, 0x04,
  0x08, 0x10, 0x20, 0x40, 0x80, 0x00, 0x01, 0x02, 0x04, 0x08, 0x10, 0x20,
  0x40, 0x80, 0x00, 0x01, 0x02, 0x04, 0x08, 0x10, 0x20, 0x40, 0x80, 0x00,
  0x01, 0x02, 0x04, 0x08, 0x10, 0x20, 0x30, 0x11, 0x01, 0x03, 0xfd, 0x44,
  0x0e, 0xe1, 0x31, 0x08, 0x10, 0x20, 0x25, 0xb1, 0xdb, 0xf4, 0x00, 0x00,
  0x20, 0x00, 0x49, 0x44, 0x41, 0x54, 0x40, 0x80, 0x00, 0x01, 0x02, 0x04,
  0x08, 0x10, 0x20, 0x40, 0x80, 0x00, 0x01, 0x02, 0x04, 0x08, 0x10, 0x20,
  0x40, 0x80, 0x00, 0x01, 0x02, 0x04, 0x08, 0x10, 0x20, 0x40, 0x60, 0xd9,
  0x02, 0x06, 0xfa, 0x65, 0xdf, 0x57, 0x3b, 0x02, 0x04, 0x08, 0x10, 0x20,
  0x40, 0x80, 0x00, 0x01, 0x02, 0x04, 0x08, 0x10, 0x20, 0x40, 0x80, 0x00,
  0x01, 0x02, 0x04, 0x08, 0x10, 0x20, 0x40, 0x80, 0x00, 0x01, 0x02, 0x04,
  0x08, 0x10, 0x98, 0x88, 0x80, 0x81, 0x7e, 0x22, 0x87, 0xf0, 0x18, 0x04,
  0x08, 0x10, 0x20, 0x40, 0x80, 0x00, 0x01, 0x02, 0x04, 0x08, 0x10, 0x20,
  0x40, 0x80, 0x00, 0x01, 0x02, 0x04, 0x08, 0x10, 0x20, 0x40, 0x80, 0x00,
  0x01, 0x02, 0x04, 0x08, 0x10, 0x20, 0xb0, 0x6c, 0x01, 0x03, 0xfd, 0xb2,
  0xef, 0xab, 0x1d, 0x01, 0x02, 0x04, 0x08, 0x10, 0x20, 0x40, 0x80, 0x00,
  0x01, 0x02, 0x04, 0x08, 0x10, 0x20, 0x40, 0x80, 0x00, 0x01, 0x02, 0x04,
  0x08, 0x10, 0x20, 0x40, 0x80, 0x00, 0x01, 0x02, 0x04, 0x08, 0x4c, 0x44,
  0xc0, 0x40, 0x3f, 0x91, 0x43, 0x78, 0x0c, 0x02, 0x04, 0x08, 0x10, 0x20,
  0x40, 0x80, 0x00, 0x01, 0x02, 0x04, 0x08, 0x10, 0x20, 0x40, 0x80, 0x00,
  0x01, 0x02, 0x04, 0x08, 0x10, 0x20, 0x40, 0x80, 0x00, 0x01, 0x02, 0x04,
  0x08, 0x10, 0x58, 0xb6, 0x80, 0x81, 0x7e, 0xd9, 0xf7, 0xd5, 0x8e, 0x00,
  0x01, 0x02, 0x04, 0x08, 0x10, 0x20, 0x40, 0x80, 0x00, 0x01, 0x02, 0x04,
  0x08, 0x10, 0x20, 0x40, 0x80, 0x00, 0x01, 0x02, 0x04, 0x08, 0x10, 0x20,
  0x40, 0x80, 0x00, 0x01, 0x02, 0x04, 0x26, 0x22, 0x60, 0xa0, 0x9f, 0xc8,
  0x21, 0x3c, 0x06, 0x01, 0x02, 0x04, 0x08, 0x10, 0x20, 0x40, 0x80, 0x00,
  0x01, 0x02, 0x04, 0x08, 0x10, 0x20, 0x40, 0x80, 0x00, 0x01, 0x02, 0x04,
  0x08, 0x10, 0x20, 0x40, 0x80, 0x00, 0x01, 0x02, 0x04, 0x08, 0x2c, 0x5b,
  0xc0, 0x40, 0xbf, 0xec, 0xfb, 0x6a, 0x47, 0x80, 0x00, 0x01, 0x02, 0x04,
  0x08, 0x10, 0x20, 0x40, 0x80, 0x00, 0x01, 0x02, 0x04, 0x08, 0x10, 0x20,
  0x40, 0x80, 0x00, 0x01, 0x02, 0x04, 0x08, 0x10, 0x20, 0x40, 0x80, 0x00,
  0x01, 0x02, 0x13, 0x11, 0x30, 0xd0, 0x4f, 0xe4, 0x10, 0x1e, 0x83, 0x00,
  0x01, 0x02, 0x04, 0x08, 0x10, 0x20, 0x40, 0x80, 0x00, 0x01, 0x02, 0x04,
  0x08, 0x10, 0x20, 0x40, 0x80, 0x00, 0x01, 0x02, 0x04, 0x08, 0x10, 0x20,
  0x40, 0x80, 0x00, 0x01, 0x02, 0x04, 0x96, 0x2d, 0x60, 0xa0, 0x5f, 0xf6,
  0x7d, 0xb5, 0x23, 0x40, 0x80, 0x00, 0x01, 0x02, 0x04, 0x08, 0x10, 0x20,
  0x40, 0x80, 0x00, 0x01, 0x02, 0x04, 0x08, 0x10, 0x20, 0x40, 0x80, 0x00,
  0x01, 0x02, 0x04, 0x08, 0x10, 0x20, 0x40, 0x80, 0x00, 0x81, 0x89, 0x08,
  0x18, 0xe8, 0x27, 0x72, 0x08, 0x8f, 0x41, 0x80, 0x00, 0x01, 0x02, 0x04,
  0x08, 0x10, 0x20, 0x40, 0x80, 0x00, 0x01, 0x02, 0x04, 0x08, 0x10, 0x20,
  0x40, 0x80, 0x00, 0x01, 0x02, 0x04, 0x08, 0x10, 0x20, 0x40, 0x80, 0x00,
  0x01, 0x02, 0xcb, 0x16, 0x30, 0xd0, 0x2f, 0xfb, 0xbe, 0xda, 0x11, 0x20,
  0x40, 0x80, 0x00, 0x01, 0x02, 0x04, 0x08, 0x10, 0x20, 0x40, 0x80, 0x00,
  0x01, 0x02, 0x04, 0x08, 0x10, 0x20, 0x40, 0x80, 0x00, 0x01, 0x02, 0x04,
  0x08, 0x10, 0x20, 0x40, 0x80, 0xc0, 0x44, 0x04, 0x0c, 0xf4, 0x13, 0x39,
  0x84, 0xc7, 0x20, 0x40, 0x80, 0x00, 0x01, 0x02, 0x04, 0x08, 0x10, 0x20,
  0x40, 0x80, 0x00, 0x01, 0x02, 0x04, 0x08, 0x10, 0x20, 0x40, 0x80, 0x00,
  0x01, 0x02, 0x04, 0x08, 0x10, 0x20, 0x40, 0x80, 0x00, 0x81, 0x65, 0x0b,
  0x18, 0xe8, 0x97, 0x7d, 0x5f, 0xed, 0x08, 0x10, 0x20, 0x40, 0x80, 0x00,
  0x01, 0x02, 0x04, 0x08, 0x10, 0x20, 0x40, 0x80, 0x00, 0x01, 0x02, 0x04,
  0x08, 0x10, 0x20, 0x40, 0x80, 0x00, 0x01, 0x02, 0x04, 0x08, 0x10, 0x20,
  0x40, 0x60, 0x22, 0x02, 0x06, 0xfa, 0x89, 0x1c, 0xc2, 0x63, 0x10, 0x20,
  0x40, 0x80, 0x00, 0x01, 0x02, 0x04, 0x08, 0x10, 0x20, 0x40, 0x80, 0x00,
  0x01, 0x02, 0x04, 0x08, 0x10, 0x20, 0x40, 0x80, 0x00, 0x01, 0x02, 0x04,
  0x08, 0x10, 0x20, 0x40, 0x80, 0xc0, 0xb2, 0x05, 0x0c, 0xf4, 0xcb, 0xbe,
  0xaf, 0x76, 0x04, 0x08, 0x10, 0x20, 0x40, 0x80, 0x00, 0x01, 0x02, 0x04,
  0x08, 0x10, 0x20, 0x40, 0x80, 0x00, 0x01, 0x02, 0x04, 0x08, 0x10, 0x20,
  0x40, 0x80, 0x00, 0x01, 0x02, 0x04, 0x08, 0x10, 0x20, 0x30, 0x11, 0x01,
  0x03, 0xfd, 0x44, 0x0e, 0xe1, 0x31, 0x08, 0x10, 0x20, 0x40, 0x80, 0x00,
  0x01, 0x02, 0x04, 0x08, 0x10, 0x20, 0x40, 0x80, 0x00, 0x01, 0x02, 0x04,
  0x08, 0x10, 0x20, 0x40, 0x80, 0x00, 0x01, 0x02, 0x04, 0x08, 0x10, 0x20,
  0x40, 0x60, 0xd9, 0x02, 0x06, 0xfa, 0x65, 0xdf, 0x57, 0x3b, 0x02, 0x04,
  0x08, 0x10, 0x20, 0x40, 0x80, 0x00, 0x01, 0x02, 0x04, 0x08, 0x10, 0x20,
  0x40, 0x80, 0x00, 0x01, 0x02, 0x04, 0x08, 0x10, 0x20, 0x40, 0x80, 0x00,
  0x01, 0x02, 0x04, 0x08, 0x10, 0x98, 0x88, 0xc0, 0xd6, 0xf6, 0xc9, 0x3a,
  0xfa, 0x28, 0xa7, 0x3b, 0xab, 0x58, 0x7e, 0x73, 0xf7, 0x0d, 0x7a, 0xb2,
  0x7f, 0xf2, 0xee, 0xe9, 0xee, 0x9b, 0xfc, 0x64, 0xff, 0xe4, 0xdd, 0x75,
  0xcf, 0x7d, 0xde, 0xa5, 0xdf, 0xfb, 0xa3, 0xf5, 0xd5, 0xd8, 0x67, 0x7d,
  0xba, 0xfb, 0x26, 0xff, 0xdd, 0x77, 0x72, 0xf5, 0xf7, 0x57, 0x7b, 0xb9,
  0x70, 0xc9, 0x04, 0x4a, 0x05, 0xee, 0xfe, 0xe8, 0x93, 0xb1, 0xe6, 0xf7,
  0xfe, 0xea, 0xe7, 0xb1, 0xec, 0xf6, 0xe0, 0x17, 0x5e, 0x78, 0xa1, 0x9d,
  0xa0, 0xb2, 0xff, 0x59, 0x65, 0x6b, 0xa5, 0x09, 0x10, 0x20, 0xd0, 0x27,
  0xf0, 0xf0, 0xb1, 0x4f, 0xfc, 0xbe, 0xab, 0xe7, 0x1b, 0x1f, 0xad, 0x8f,
  0xf3, 0x0f, 0xe1, 0x09, 0x08, 0x10, 0x20, 0x30, 0x40, 0x20, 0xfd, 0x79,
  0x97, 0xfe, 0xfe, 0x34, 0xb9, 0xd9, 0x24, 0xb7, 0xaa, 0x29, 0x7c, 0x6f,
  0x9f, 0xec, 0xef, 0x27, 0xe8, 0x07, 0x7c, 0xb8, 0x88, 0x20, 0x40, 0x80,
  0x00, 0x01, 0x02, 0x04, 0x08, 0x10, 0x20, 0x40, 0x80, 0x00, 0x01, 0x02,
  0x04, 0x08, 0x10, 0x20, 0x40, 0x80, 0x00, 0x01, 0x02, 0x04, 0x08, 0x10,
  0x20, 0x40, 0x80, 0x00, 0x01, 0x02, 0x06, 0x7a, 0xef, 0x00, 0x01, 0x02,
  0x04, 0x08, 0x10, 0x20, 0x40, 0x80, 0x00, 0x01, 0x02, 0x04, 0x08, 0x10,
  0x20, 0x40, 0x80, 0x00, 0x01, 0x02, 0x04, 0x08, 0x10, 0x20, 0x40, 0x80,
  0x00, 0x01, 0x02, 0x04, 0x08, 0x10, 0x18, 0x20, 0x60, 0xa0, 0x1f, 0x80,
  0x2c, 0x82, 0x00, 0x01, 0x02, 0x04, 0x08, 0x10, 0x20, 0x40, 0x80, 0x00,
  0x01, 0x02, 0x04, 0x08, 0x10, 0x20, 0x40, 0x80, 0x00, 0x01, 0x02, 0x04,
  0x08, 0x10, 0x20, 0x40, 0x80, 0x00, 0x01, 0x02, 0x04, 0x08, 0x18, 0xe8,
  0xbd, 0x03, 0x04, 0x08, 0x10, 0x20, 0x40, 0x80, 0x00, 0x01, 0x02, 0x04,
  0x08, 0x10, 0x20, 0x40, 0x80, 0x00, 0x01, 0x02, 0x04, 0x08, 0x10, 0x20,
  0x40, 0x80, 0x00, 0x01, 0x02, 0x04, 0x08, 0x10, 0x20, 0x40, 0x60, 0x80,
  0x80, 0x81, 0x7e, 0x00, 0xb2, 0x08, 0x02, 0x04, 0x08, 0x10, 0x20, 0x40,
  0x80, 0x00, 0x01, 0x02, 0x04, 0x08, 0x10, 0x20, 0x40, 0x80, 0x00, 0x01,
  0x02, 0x04, 0x08, 0x10, 0x20, 0x40, 0x80, 0x00, 0x01, 0x02, 0x04, 0x08,
  0x10, 0x20, 0x60, 0xa0, 0xf7, 0x0e, 0x10, 0x20, 0x40, 0x80, 0x00, 0x01,
  0x02, 0x04, 0x08, 0x10, 0x20, 0x40, 0x80, 0x00, 0x01, 0x02, 0x04, 0x08,
  0x10, 0x20, 0x40, 0x80, 0x00, 0x01, 0x02, 0x04, 0x08, 0x10, 0x20, 0x40,
  0x80, 0x00, 0x81, 0x01, 0x02, 0x06, 0xfa, 0x01, 0xc8, 0x22, 0x08, 0x10,
  0x20, 0x40, 0x80, 0x00, 0x01, 0x02, 0x04, 0x08, 0x10, 0x20, 0x40, 0x80,
  0x00, 0x01, 0x02, 0x04, 0x08, 0x10, 0x20, 0x40, 0x80, 0x00, 0x01, 0x02,
  0x04, 0x08, 0x10, 0x20, 0x40, 0x80, 0x80, 0x81, 0xde, 0x3b, 0x40, 0x80,
  0x00, 0x01, 0x02, 0x04, 0x08, 0x10, 0x20, 0x40, 0x80, 0x00, 0x01, 0x02,
  0x04, 0x08, 0x10, 0x20, 0x40, 0x80, 0x00, 0x01, 0x02, 0x04, 0x08, 0x10,
  0x20, 0x40, 0x80, 0x00, 0x01, 0x02, 0x04, 0x06, 0x08, 0x18, 0xe8, 0x07,
  0x20, 0x8b, 0x20, 0x40, 0x80, 0x00, 0x01, 0x02, 0x04, 0x08, 0x10, 0x20,
  0x40, 0x80, 0x00, 0x01, 0x02, 0x04, 0x08, 0x10, 0x20, 0x40, 0x80, 0x00,
  0x01, 0x02, 0x04, 0x08, 0x10, 0x20, 0x40, 0x80, 0x00, 0x01, 0x02, 0x06,
  0x7a, 0xef, 0x00, 0x01, 0x02, 0x04, 0x08, 0x10, 0x20, 0x40, 0x80, 0x00,
  0x01, 0x02, 0x04, 0x08, 0x10, 0x20, 0x40, 0x80, 0x00, 0x01, 0x02, 0x04,
  0x08, 0x10, 0x20, 0x40, 0x80, 0x00, 0x01, 0x02, 0x04, 0x08, 0x10, 0x18,
  0x20, 0x60, 0xa0, 0x1f, 0x80, 0x2c, 0x82, 0x00, 0x01, 0x02, 0x04, 0x08,
  0x10, 0x20, 0x40, 0x80, 0x00, 0x01, 0x02, 0x04, 0x08, 0x10, 0x20, 0x40,
  0x80, 0x00, 0x01, 0x02, 0x04, 0x08, 0x10, 0x20, 0x40, 0x80, 0x00, 0x01,
  0x02, 0x04, 0x08, 0x18, 0xe8, 0xbd, 0x03, 0x04, 0x08, 0x10, 0x20, 0x40,
  0x80, 0x00, 0x01, 0x02, 0x04, 0x08, 0x10, 0x20, 0x40, 0x80, 0x00, 0x01,
  0x02, 0x04, 0x08, 0x10, 0x20, 0x40, 0x80, 0x00, 0x01, 0x02, 0x04, 0x08,
  0x10, 0x20, 0x40, 0x60, 0x80, 0x80, 0x81, 0x7e, 0x00, 0xb2, 0x08, 0x02,
  0x04, 0x08, 0x10, 0x20, 0x40, 0x80, 0x00, 0x01, 0x02, 0x04, 0x08, 0x10,
  0x20, 0x40, 0x80, 0x00, 0x01, 0x02, 0x04, 0x08, 0x10, 0x20, 0x40, 0x80,
  0x00, 0x01, 0x02, 0x04, 0x08, 0x10, 0x20, 0x60, 0xa0, 0xf7, 0x0e, 0x10,
  0x20, 0x40, 0x80, 0x00, 0x01, 0x02, 0x04, 0x08, 0x10, 0x20, 0x40, 0x80,
  0x00, 0x01, 0x02, 0x04, 0x08, 0x10, 0x20, 0x40, 0x80, 0x00, 0x01, 0x02,
  0x04, 0x08, 0x10, 0x20, 0x40, 0x80, 0x00, 0x81, 0x01, 0x02, 0x06, 0xfa,
  0x01, 0xc8, 0x22, 0x08, 0x10, 0x20, 0x40, 0x80, 0x00, 0x01, 0x02, 0x04,
  0x08, 0x10, 0x20, 0x40, 0x80, 0x00, 0x01, 0x02, 0x04, 0x08, 0x10, 0x20,
  0x40, 0x80, 0x00, 0x01, 0x02, 0x04, 0x08, 0x10, 0x20, 0x40, 0x80, 0x80,
  0x81, 0xde, 0x3b, 0x40, 0x80, 0x00, 0x01, 0x02, 0x04, 0x08, 0x10, 0x20,
  0x40, 0x80, 0x00, 0x01, 0x02, 0x04, 0x08, 0x10, 0x20, 0x40, 0x80, 0x00,
  0x01, 0x02, 0x04, 0x08, 0x10, 0x20, 0x40, 0x80, 0x00, 0x01, 0x02, 0x04,
  0x06, 0x08, 0x18, 0xe8, 0x07, 0x20, 0x8b, 0x20, 0x40, 0x80, 0x00, 0x01,
  0x02, 0x04, 0x08, 0x10, 0x20, 0x40, 0x80, 0x00, 0x01, 0x02, 0x04, 0x08,
  0x10, 0x20, 0x40, 0x80, 0x00, 0x01, 0x02, 0x04, 0x08, 0x10, 0x20, 0x40,
  0x80, 0x00, 0x01, 0x02, 0x06, 0x7a, 0xef, 0x00, 0x01, 0x02, 0x04, 0x08,
  0x10, 0x20, 0x40, 0x80, 0x00, 0x01, 0x02, 0x04, 0x08, 0x10, 0x20, 0x40,
  0x80, 0x00, 0x01, 0x02, 0x04, 0x08, 0x10, 0x20, 0x40, 0x80, 0x00, 0x01,
  0x02, 0x04, 0x08, 0x10, 0x18, 0x20, 0x60, 0xa0, 0x1f, 0x80, 0x2c, 0x82,
  0x00, 0x01, 0x02, 0x04, 0x08, 0x10, 0x20, 0x40, 0x80, 0x00, 0x01, 0x02,
  0x04, 0x08, 0x10, 0x20, 0x40, 0x80, 0x00, 0x01, 0x02, 0x04, 0x08, 0x10,
  0x20, 0x40, 0x80, 0x00, 0x01, 0x02, 0x04, 0x08, 0x18, 0xe8, 0xbd, 0x03,
  0x04, 0x08, 0x10, 0x20, 0x40, 0x80, 0x00, 0x01, 0x02, 0x04, 0x08, 0x10,
  0x20, 0x40, 0x80, 0x00, 0x01, 0x02, 0x04, 0x08, 0x10, 0x20, 0x40, 0x80,
  0x00, 0x01, 0x02, 0x04, 0x08, 0x10, 0x20, 0x40, 0x60, 0x80, 0x80, 0x81,
  0x7e, 0x00, 0xb2, 0x08, 0x02, 0x04, 0x08, 0x10, 0x20, 0x40, 0x80, 0x00,
  0x01, 0x02, 0x04, 0x08, 0x10, 0x20, 0x40, 0x80, 0x00, 0x01, 0x02, 0x04,
  0x08, 0x10, 0x20, 0x40, 0x80, 0x00, 0x01, 0x02, 0x04, 0x08, 0x10, 0x20,
  0x60, 0xa0, 0xf7, 0x0e, 0x10, 0x20, 0x40, 0x80, 0x00, 0x01, 0x02, 0x04,
  0x08, 0x10, 0x20, 0x40, 0x80, 0x00, 0x01, 0x02, 0x04, 0x08, 0x10, 0x20,
  0x40, 0x80, 0x00, 0x01, 0x02, 0x04, 0x08, 0x10, 0x20, 0x40, 0x80, 0x00,
  0x81, 0x01, 0x02, 0x06, 0xfa, 0x01, 0xc8, 0x22, 0x08, 0x10, 0x20, 0x40,
  0x80, 0x00, 0x01, 0x02, 0x04, 0x08, 0x10, 0x20, 0x40, 0x80, 0x00, 0x01,
  0x02, 0x04, 0x08, 0x10, 0x20, 0x40, 0x80, 0x00, 0x01, 0x02, 0x04, 0x08,
  0x10, 0x20, 0x40, 0x80, 0x80, 0x81, 0xde, 0x3b, 0x40, 0x80, 0x00, 0x01,
  0x02, 0x04, 0x08, 0x10, 0x20, 0x40, 0x80, 0x00, 0x01, 0x02, 0x04, 0x08,
  0x10, 0x20, 0x40, 0x80, 0x00, 0x01, 0x02, 0x04, 0x08, 0x10, 0x20, 0x40,
  0x80, 0x00, 0x01, 0x02, 0x04, 0x06, 0x08, 0x18, 0xe8, 0x07, 0x20, 0x8b,
  0x20, 0x40, 0x80, 0x00, 0x01, 0x02, 0x04, 0x08, 0x10, 0x20, 0x40, 0x80,
  0x00, 0x01, 0x02, 0x04, 0x08, 0x10, 0x20, 0x40, 0x80, 0x00, 0x01, 0x02,
  0x04, 0x08, 0x10, 0x20, 0x40, 0x80, 0x00, 0x01, 0x02, 0x06, 0x7a, 0xef,
  0x00, 0x01, 0x02, 0x04, 0x08, 0x10, 0x20, 0x40, 0x80, 0x00, 0x01, 0x02,
  0x04, 0x08, 0x10, 0x20, 0x40, 0x80, 0x00, 0x01, 0x02, 0x04, 0x08, 0x10,
  0x20, 0x40, 0x80, 0x00, 0x01, 0x02, 0x04, 0x08, 0x10, 0x18, 0x20, 0x60,
  0xa0, 0x1f, 0x80, 0x2c, 0x82, 0x00, 0x01, 0x02, 0x04, 0x08, 0x10, 0x20,
  0x40, 0x80, 0x00, 0x01, 0x02, 0x04, 0x08, 0x10, 0x20, 0x40, 0x80, 0x00,
  0x01, 0x02, 0x04, 0x08, 0x10, 0x20, 0x40, 0x80, 0x00, 0x01, 0x02, 0x04,
  0x08, 0x18, 0xe8, 0xbd, 0x03, 0x04, 0x08, 0x10, 0x20, 0x40, 0x80, 0x00,
  0x01, 0x02, 0x04, 0x08, 0x10, 0x20, 0x40, 0x80, 0x00, 0x01, 0x02, 0x04,
  0x08, 0x10, 0x20, 0x40, 0x80, 0x00, 0x01, 0x02, 0x04, 0x08, 0x10, 0x20,
  0x40, 0x60, 0x80, 0x80, 0x81, 0x7e, 0x00, 0xb2, 0x08, 0x02, 0x04, 0x08,
  0x10, 0x20, 0x40, 0x80, 0x00, 0x01, 0x02, 0x04, 0x08, 0x10, 0x20, 0x40,
  0x80, 0x00, 0x01, 0x02, 0x04, 0x08, 0x10, 0x20, 0x40, 0x80, 0x00, 0x01,
  0x02, 0x04, 0x08, 0x10, 0x20, 0x60, 0xa0, 0xf7, 0x0e, 0x10, 0x20, 0x40,
  0x80, 0x00, 0x01, 0x02, 0x04, 0x08, 0x10, 0x20, 0x40, 0x80, 0x00, 0x01,
  0x02, 0x04, 0x08, 0x10, 0x20, 0x40, 0x80, 0x00, 0x01, 0x02, 0x04, 0x08,
  0x10, 0x20, 0x40, 0x80, 0x00, 0x81, 0x01, 0x02, 0x06, 0xfa, 0x01, 0xc8,
  0x22, 0x08, 0x10, 0x20, 0x40, 0x80, 0x00, 0x01, 0x02, 0x04, 0x08, 0x10,
  0x20, 0x40, 0x80, 0x00, 0x01, 0x02, 0x04, 0x08, 0x10, 0x20, 0x40, 0x80,
  0x00, 0x01, 0x02, 0x04, 0x08, 0x10, 0x20, 0x40, 0x80, 0xc0, 0xd6, 0xe9,
  0xce, 0x2a, 0xaa, 0xb0, 0x7d, 0xb2, 0x8e, 0xe5, 0x37, 0x77, 0xdf, 0xa0,
  0x27, 0xfb, 0x27, 0xef, 0x9e, 0xee, 0xbe, 0xc9, 0x4f, 0xf6, 0x4f, 0xde,
  0x5d, 0xf7, 0xdc, 0xe7, 0xdd, 0x14, 0xde, 0xfb, 0xd8, 0x87, 0x7d, 0xf8,
  0xf3, 0x2e, 0xfd, 0xde, 0x1f, 0xad, 0xaf, 0x26, 0xe9, 0x2f, 0xed, 0xaf,
  0xf6, 0xa2, 0xf9, 0xc2, 0x09, 0x10, 0x18, 0x2b, 0xf0, 0x8b, 0xf7, 0xff,
  0x67, 0x6c, 0xe0, 0x13, 0x69, 0x7f, 0xf1, 0xfc, 0x5f, 0xc7, 0xb2, 0x7f,
  0xfb, 0x59, 0xff, 0x83, 0xec, 0x9f, 0xf3, 0x97, 0x6e, 0xdf, 0x8a, 0xf6,
  0x6f, 0x0d, 0xff, 0x45, 0x6b, 0x71, 0xbd, 0x09, 0x10, 0x20, 0x30, 0x58,
  0xe0, 0xe1, 0xe3, 0xb3, 0xc1, 0x89, 0xe2, 0x08, 0x7c, 0x28, 0x70, 0xb4,
  0x3e, 0x46, 0x51, 0x28, 0x90, 0xfe, 0x2e, 0x23, 0xf9, 0xde, 0xa5, 0xbb,
  0x17, 0xbe, 0x6e, 0x2a, 0x13, 0xb0, 0xd5, 0x05, 0xdf, 0x81, 0xe4, 0x56,
  0xe7, 0x27, 0xe8, 0x83, 0x87, 0x17, 0x4d, 0x80, 0x00, 0x01, 0x02, 0x04,
  0x08, 0x10, 0x20, 0x40, 0x80, 0x00, 0x01, 0x02, 0x04, 0x08, 0x10, 0x20,
  0x40, 0x80, 0x00, 0x01, 0x02, 0x04, 0x08, 0x10, 0x20, 0x40, 0x80, 0x00,
  0x01, 0x02, 0x3d, 0x02, 0x06, 0xfa, 0x9e, 0x5b, 0x6b, 0x4a, 0x80, 0x00,
  0x01, 0x02, 0x04, 0x08, 0x10, 0x20, 0x40, 0x80, 0x00, 0x01, 0x02, 0x04,
  0x08, 0x10, 0x20, 0x40, 0x80, 0x00, 0x01, 0x02, 0x04, 0x08, 0x10, 0x20,
  0x40, 0x80, 0x00, 0x01, 0x02, 0x41, 0x01, 0x03, 0x7d, 0x10, 0x5f, 0x34,
  0x01, 0x02, 0x04, 0x08, 0x10, 0x20, 0x40, 0x80, 0x00, 0x01, 0x02, 0x04,
  0x08, 0x10, 0x20, 0x40, 0x80, 0x00, 0x01, 0x02, 0x04, 0x08, 0x10, 0x20,
  0x40, 0x80, 0x00, 0x01, 0x02, 0x04, 0x08, 0xf4, 0x08, 0x18, 0xe8, 0x7b,
  0x6e, 0xad, 0x29, 0x01, 0x02, 0x04, 0x08, 0x10, 0x20, 0x40, 0x80, 0x00,
  0x01, 0x02, 0x04, 0x08, 0x10, 0x20, 0x40, 0x80, 0x00, 0x01, 0x02, 0x04,
  0x08, 0x10, 0x20, 0x40, 0x80, 0x00, 0x01, 0x02, 0x04, 0x08, 0x04, 0x05,
  0x0c, 0xf4, 0x41, 0x7c, 0xd1, 0x04, 0x08, 0x10, 0x20, 0x40, 0x80, 0x00,
  0x01, 0x02, 0x04, 0x08, 0x10, 0x20, 0x40, 0x80, 0x00, 0x01, 0x02, 0x04,
  0x08, 0x10, 0x20, 0x40, 0x80, 0x00, 0x01, 0x02, 0x04, 0x08, 0x10, 0x20,
  0xd0, 0x23, 0x60, 0xa0, 0xef, 0xb9, 0xb5, 0xa6, 0x04, 0x08, 0x10, 0x20,
  0x40, 0x80, 0x00, 0x01, 0x02, 0x04, 0x08, 0x10, 0x20, 0x40, 0x80, 0x00,
  0x01, 0x02, 0x04, 0x08, 0x10, 0x20, 0x40, 0x80, 0x00, 0x01, 0x02, 0x04,
  0x08, 0x10, 0x20, 0x10, 0x14, 0x30, 0xd0, 0x07, 0xf1, 0x45, 0x13, 0x20,
  0x40, 0x80, 0x00, 0x01, 0x02, 0x04, 0x08, 0x10, 0x20, 0x40, 0x80, 0x00,
  0x01, 0x02, 0x04, 0x08, 0x10, 0x20, 0x40, 0x80, 0x00, 0x01, 0x02, 0x04,
  0x08, 0x10, 0x20, 0x40, 0x80, 0x40, 0x8f, 0x80, 0x81, 0xbe, 0xe7, 0xd6,
  0x9a, 0x12, 0x20, 0x40, 0x80, 0x00, 0x01, 0x02, 0x04, 0x08, 0x10, 0x20,
  0x40, 0x80, 0x00, 0x01, 0x02, 0x04, 0x08, 0x10, 0x20, 0x40, 0x80, 0x00,
  0x01, 0x02, 0x04, 0x08, 0x10, 0x20, 0x40, 0x80, 0x40, 0x50, 0xc0, 0x40,
  0x1f, 0xc4, 0x17, 0x4d, 0x80, 0x00, 0x01, 0x02, 0x04, 0x08, 0x10, 0x20,
  0x40, 0x80, 0x00, 0x01, 0x02, 0x04, 0x08, 0x10, 0x20, 0x40, 0x80, 0x00,
  0x01, 0x02, 0x04, 0x08, 0x10, 0x20, 0x40, 0x80, 0x00, 0x01, 0x02, 0x3d,
  0x02, 0x06, 0xfa, 0x9e, 0x5b, 0x6b, 0x4a, 0x80, 0x00, 0x01, 0x02, 0x04,
  0x08, 0x10, 0x20, 0x40, 0x80, 0x00, 0x01, 0x02, 0x04, 0x08, 0x10, 0x20,
  0x40, 0x80, 0x00, 0x01, 0x02, 0x04, 0x08, 0x10, 0x20, 0x40, 0x80, 0x00,
  0x01, 0x02, 0x41, 0x01, 0x03, 0x7d, 0x10, 0x5f, 0x34, 0x01, 0x02, 0x04,
  0x08, 0x10, 0x20, 0x40, 0x80, 0x00, 0x01, 0x02, 0x04, 0x08, 0x10, 0x20,
  0x40, 0x80, 0x00, 0x01, 0x02, 0x04, 0x08, 0x10, 0x20, 0x40, 0x80, 0x00,
  0x01, 0x02, 0x04, 0x08, 0xf4, 0x08, 0x18, 0xe8, 0x7b, 0x6e, 0xad, 0x29,
  0x01, 0x02, 0x04, 0x08, 0x10, 0x20, 0x40, 0x80, 0x00, 0x01, 0x02, 0x04,
  0x08, 0x10, 0x20, 0x40, 0x80, 0x00, 0x01, 0x02, 0x04, 0x08, 0x10, 0x20,
  0x40, 0x80, 0x00, 0x01, 0x02, 0x04, 0x08, 0x04, 0x05, 0x0c, 0xf4, 0x41,
  0x7c, 0xd1, 0x04, 0x08, 0x10, 0x20, 0x40, 0x80, 0x00, 0x01, 0x02, 0x04,
  0x08, 0x10, 0x20, 0x40, 0x80, 0x00, 0x01, 0x02, 0x04, 0x08, 0x10, 0x20,
  0x40, 0x80, 0x00, 0x01, 0x02, 0x04, 0x08, 0x10, 0x20, 0xd0, 0x23, 0x60,
  0xa0, 0xef, 0xb9, 0xb5, 0xa6, 0x04, 0x08, 0x10, 0x20, 0x40, 0x80, 0x00,
  0x01, 0x02, 0x04, 0x08, 0x10, 0x20, 0x40, 0x80, 0x00, 0x01, 0x02, 0x04,
  0x08, 0x10, 0x20, 0x40, 0x80, 0x00, 0x01, 0x02, 0x04, 0x08, 0x10, 0x20,
  0x10, 0x14, 0x30, 0xd0, 0x07, 0xf1, 0x45, 0x13, 0x20, 0x40, 0x80, 0x00,
  0x01, 0x02, 0x04, 0x08, 0x10, 0x20, 0x40, 0x80, 0x00, 0x01, 0x02, 0x04,
  0x08, 0x10, 0x20, 0x40, 0x80, 0x00, 0x01, 0x02, 0x04, 0x08, 0x10, 0x20,
  0x40, 0x80, 0x40, 0x8f, 0x80, 0x81, 0xbe, 0xe7, 0xd6, 0x9a, 0x12, 0x20,
  0x40, 0x80, 0x00, 0x01, 0x02, 0x04, 0x08, 0x10, 0x20, 0x40, 0x80, 0x00,
  0x01, 0x02, 0x04, 0x08, 0x10, 0x20, 0x40, 0x80, 0x00, 0x01, 0x02, 0x04,
  0x08, 0x10, 0x20, 0x40, 0x80, 0x40, 0x50, 0xc0, 0x40, 0x1f, 0xc4, 0x17,
  0x4d, 0x80, 0x00, 0x01, 0x02, 0x04, 0x08, 0x10, 0x20, 0x40, 0x80, 0x00,
  0x01, 0x02, 0x04, 0x08, 0x10, 0x20, 0x40, 0x80, 0x00, 0x01, 0x02, 0x04,
  0x08, 0x10, 0x20, 0x40, 0x80, 0x00, 0x01, 0x02, 0x3d, 0x02, 0x06, 0xfa,
  0x9e, 0x5b, 0x6b, 0x4a, 0x80, 0x00, 0x01, 0x02, 0x04, 0x08, 0x10, 0x20,
  0x40, 0x80, 0x00, 0x01, 0x02, 0x04, 0x08, 0x10, 0x20, 0x40, 0x80, 0x00,
  0x01, 0x02, 0x04, 0x08, 0x10, 0x20, 0x40, 0x80, 0x00, 0x01, 0x02, 0x41,
  0x01, 0x03, 0x7d, 0x10, 0x5f, 0x34, 0x01, 0x02, 0x04, 0x08, 0x10, 0x20,
  0x40, 0x80, 0x00, 0x01, 0x02, 0x04, 0x08, 0x10, 0x20, 0x40, 0x80, 0x00,
  0x01, 0x02, 0x04, 0x08, 0x10, 0x20, 0x40, 0x80, 0x00, 0x01, 0x02, 0x04,
  0x08, 0xf4, 0x08, 0x18, 0xe8, 0x7b, 0x6e, 0xad, 0x29, 0x01, 0x02, 0x04,
  0x08, 0x10, 0x20, 0x40, 0x80, 0x00, 0x01, 0x02, 0x04, 0x08, 0x10, 0x20,
  0x40, 0x80, 0x00, 0x01, 0x02, 0x04, 0x08, 0x10, 0x20, 0x40, 0x80, 0x00,
  0x01, 0x02, 0x04, 0x08, 0x04, 0x05, 0x0c, 0xf4, 0x41, 0x7c, 0xd1, 0x04,
  0x08, 0x10, 0x20, 0x40, 0x80, 0x00, 0x01, 0x02, 0x04, 0x08, 0x10, 0x20,
  0x40, 0x80, 0x00, 0x01, 0x02, 0x04, 0x08, 0x10, 0x20, 0x40, 0x80, 0x00,
  0x01, 0x02, 0x04, 0x08, 0x10, 0x20, 0xd0, 0x23, 0x60, 0xa0, 0xef, 0xb9,
  0xb5, 0xa6, 0x04, 0x08, 0x10, 0x20, 0x40, 0x80, 0x00, 0x01, 0x02, 0x04,
  0x08, 0x10, 0x20, 0x40, 0x80, 0x00, 0x01, 0x02, 0x04, 0x08, 0x10, 0x20,
  0x40, 0x80, 0x00, 0x01, 0x02, 0x04, 0x08, 0x10, 0x20, 0x10, 0x14, 0x30,
  0xd0, 0x07, 0xf1, 0x45, 0x13, 0x20, 0x40, 0x80, 0x00, 0x01, 0x02, 0x04,
  0x08, 0x10, 0x20, 0x40, 0x80, 0x00, 0x01, 0x02, 0x04, 0x08, 0x10, 0x20,
  0x40, 0x80, 0x00, 0x01, 0x02, 0x04, 0x08, 0x10, 0x20, 0x40, 0x80, 0x40,
  0x8f, 0x80, 0x81, 0xbe, 0xe7, 0xd6, 0x9a, 0x12, 0x20, 0x40, 0x80, 0x00,
  0x01, 0x02, 0x04, 0x08, 0x10, 0x20, 0x40, 0x80, 0x00, 0x01, 0x02, 0x04,
  0x08, 0x10, 0x20, 0x40, 0x80, 0x00, 0x01, 0x02, 0x04, 0x08, 0x10, 0x20,
  0x40, 0x80, 0x40, 0x50, 0xc0, 0x40, 0x1f, 0xc4, 0x17, 0x4d, 0x80, 0x00,
  0x01, 0x02, 0x04, 0x08, 0x10, 0x20, 0x40, 0x80, 0x00, 0x01, 0x02, 0x04,
  0x08, 0x10, 0x20, 0x40, 0x80, 0x00, 0x01, 0x02, 0x04, 0x08, 0x10, 0x20,
  0x40, 0x80, 0x00, 0x01, 0x02, 0x3d, 0x02, 0x06, 0xfa, 0x9e, 0x5b, 0x6b,
  0x4a, 0x80, 0x00, 0x01, 0x02, 0x04, 0x08, 0x10, 0x20, 0x40, 0x80, 0x00,
  0x01, 0x02, 0x04, 0x08, 0x10, 0x20, 0x40, 0x80, 0x00, 0x01, 0x02, 0x04,
  0x08, 0x10, 0x20, 0x40, 0x80, 0x00, 0x01, 0x02, 0x41, 0x01, 0x03, 0x7d,
  0x10, 0x5f, 0x34, 0x01, 0x02, 0x04, 0x08, 0x10, 0x20, 0x40, 0x80, 0x00,
  0x01, 0x02, 0x04, 0x08, 0x10, 0x20, 0x40, 0x80, 0x00, 0x01, 0x02, 0x04,
  0x08, 0x10, 0x20, 0x40, 0x80, 0x00, 0x01, 0x02, 0x04, 0x08, 0xf4, 0x08,
  0x18, 0xe8, 0x7b, 0x6e, 0xad, 0x29, 0x01, 0x02, 0x04, 0x08, 0x10, 0x20,
  0x40, 0x80, 0x00, 0x01, 0x02, 0x04, 0x08, 0x10, 0x20, 0x40, 0x80, 0x00,
  0x01, 0x02, 0x04, 0x08, 0x10, 0x20, 0x40, 0x80, 0x00, 0x01, 0x02, 0x04,
  0x08, 0x04, 0x05, 0x0c, 0xf4, 0x41, 0x7c, 0xd1, 0x04, 0x08, 0x10, 0x20,
  0x40, 0x80, 0x00, 0x01, 0x02, 0x04, 0x08, 0x10, 0x20, 0x40, 0x80, 0x00,
  0x01, 0x02, 0x04, 0x08, 0x10, 0x20, 0x40, 0x80, 0x00, 0x01, 0x02, 0x04,
  0x08, 0x10, 0x20, 0xd0, 0x23, 0x60, 0xa0, 0xef, 0xb9, 0xb5, 0xa6, 0x04,
  0x08, 0x10, 0x20, 0x40, 0x80, 0x00, 0x01, 0x02, 0x04, 0x08, 0x10, 0x20,
  0x40, 0x80, 0x00, 0x01, 0x02, 0x04, 0x08, 0x10, 0x20, 0x40, 0x80, 0x00,
  0x01, 0x02, 0x04, 0x08, 0x10, 0x20, 0x10, 0x14, 0xb8, 0xbc, 0xbb, 0xfb,
  0xdc, 0x79, 0x30, 0x5f, 0x34, 0x01, 0x02, 0x04, 0x08, 0x10, 0x20, 0x70,
  0x81, 0x02, 0x07, 0x37, 0xef, 0x5e, 0xe0, 0xaf, 0x3e, 0xed, 0x5f, 0x7a,
  0x7f, 0xb5, 0x37, 0xed, 0x07, 0xf4, 0x74, 0x8b, 0x15, 0x38, 0x5a, 0x1f,
  0x2f, 0xb6, 0xdb, 0x9f, 0x2a, 0xf6, 0x9d, 0xaf, 0x7c, 0xe1, 0x4f, 0xfd,
  0x23, 0xfe, 0x77, 0x02, 0x04, 0x08, 0x10, 0x20, 0x40, 0x80, 0xc0, 0xc7,
  0x16, 0x78, 0xf8, 0xf8, 0xec, 0x63, 0xff, 0x3b, 0xfe, 0x85, 0x65, 0x08,
  0x34, 0xff, 0x7f, 0xeb, 0x65, 0x5c, 0x70, 0x9e, 0x2d, 0xd2, 0xdf, 0x27,
  0x24, 0xdf, 0xfb, 0x74, 0xf7, 0x79, 0xbe, 0x31, 0x4f, 0xe7, 0xa9, 0x93,
  0x77, 0x7f, 0x3a, 0x0d, 0xfc, 0x2a, 0x7f, 0xae, 0xc0, 0xe1, 0xa3, 0x7b,
  0x7f, 0xee, 0xbf, 0xea, 0xdf, 0x9b, 0xb1, 0x80, 0x9f, 0xa0, 0x9f, 0xf1,
  0xf1, 0x3c, 0x3a, 0x01, 0x02, 0x04, 0x08, 0x10, 0x20, 0x40, 0x80, 0x00,
  0x01, 0x02, 0x04, 0x08, 0x10, 0x20, 0x40, 0x80, 0x00, 0x01, 0x02, 0x04,
  0x08, 0x10, 0x20, 0x40, 0x80, 0x00, 0x01, 0x02, 0x04, 0x08, 0xcc, 0x47,
  0xc0, 0x40, 0x3f, 0x9f, 0x5b, 0x79, 0x52, 0x02, 0x04, 0x08, 0x10, 0x20,
  0x40, 0x80, 0x00, 0x01, 0x02, 0x04, 0x08, 0x10, 0x20, 0x40, 0x80, 0x00,
  0x01, 0x02, 0x04, 0x08, 0x10, 0x20, 0x40, 0x80, 0x00, 0x01, 0x02, 0x04,
  0x08, 0x10, 0x98, 0xb1, 0x80, 0x81, 0x7e, 0xc6, 0xc7, 0xf3, 0xe8, 0x04,
  0x08, 0x10, 0x20, 0x40, 0x80, 0x00, 0x01, 0x02, 0x04, 0x08, 0x10, 0x20,
  0x40, 0x80, 0x00, 0x01, 0x02, 0x04, 0x08, 0x10, 0x20, 0x40, 0x80, 0x00,
  0x01, 0x02, 0x04, 0x08, 0x10, 0x20, 0x30, 0x1f, 0x01, 0x03, 0xfd, 0x7c,
  0x6e, 0xe5, 0x49, 0x09, 0x10, 0x20, 0x40, 0x80, 0x00, 0x01, 0x02, 0x04,
  0x08, 0x10, 0x20, 0x40, 0x80, 0x00, 0x01, 0x02, 0x04, 0x08, 0x10, 0x20,
  0x40, 0x80, 0x00, 0x01, 0x02, 0x04, 0x08, 0x10, 0x20, 0x40, 0x60, 0xc6,
  0x02, 0x06, 0xfa, 0x19, 0x1f, 0xcf, 0xa3, 0x13, 0x20, 0x40, 0x80, 0x00,
  0x01, 0x02, 0x04, 0x08, 0x10, 0x20, 0x40, 0x80, 0x00, 0x01, 0x02, 0x04,
  0x08, 0x10, 0x20, 0x40, 0x80, 0x00, 0x01, 0x02, 0x04, 0x08, 0x10, 0x20,
  0x40, 0x80, 0xc0, 0x7c, 0x04, 0x0c, 0xf4, 0xf3, 0xb9, 0x95, 0x27, 0x25,
  0x40, 0x80, 0x00, 0x01, 0x02, 0x04, 0x08, 0x10, 0x20, 0x40, 0x80, 0x00,
  0x01, 0x02, 0x04, 0x08, 0x10, 0x20, 0x40, 0x80, 0x00, 0x01, 0x02, 0x04,
  0x08, 0x10, 0x20, 0x40, 0x80, 0x00, 0x81, 0x19, 0x0b, 0x18, 0xe8, 0x67,
  0x7c, 0x3c, 0x8f, 0x4e, 0x80, 0x00, 0x01, 0x02, 0x04, 0x08, 0x10, 0x20,
  0x40, 0x80, 0x00, 0x01, 0x02, 0x04, 0x08, 0x10, 0x20, 0x40, 0x80, 0x00,
  0x01, 0x02, 0x04, 0x08, 0x10, 0x20, 0x40, 0x80, 0x00, 0x01, 0x02, 0xf3,
  0x11, 0x30, 0xd0, 0xcf, 0xe7, 0x56, 0x9e, 0x94, 0x00, 0x01, 0x02, 0x04,
  0x08, 0x10, 0x20, 0x40, 0x80, 0x00, 0x01, 0x02, 0x04, 0x08, 0x10, 0x20,
  0x40, 0x80, 0x00, 0x01, 0x02, 0x04, 0x08, 0x10, 0x20, 0x40, 0x80, 0x00,
  0x01, 0x02, 0x04, 0x66, 0x2c, 0x60, 0xa0, 0x9f, 0xf1, 0xf1, 0x3c, 0x3a,
  0x01, 0x02, 0x04, 0x08, 0x10, 0x20, 0x40, 0x80, 0x00, 0x01, 0x02, 0x04,
  0x08, 0x10, 0x20, 0x40, 0x80, 0x00, 0x01, 0x02, 0x04, 0x08, 0x10, 0x20,
  0x40, 0x80, 0x00, 0x01, 0x02, 0x04, 0x08, 0xcc, 0x47, 0xc0, 0x40, 0x3f,
  0x9f, 0x5b, 0x79, 0x52, 0x02, 0x04, 0x08, 0x10, 0x20, 0x40, 0x80, 0x00,
  0x01, 0x02, 0x04, 0x08, 0x10, 0x20, 0x40, 0x80, 0x00, 0x01, 0x02, 0x04,
  0x08, 0x10, 0x20, 0x40, 0x80, 0x00, 0x01, 0x02, 0x04, 0x08, 0x10, 0x98,
  0xb1, 0x80, 0x81, 0x7e, 0xc6, 0xc7, 0xf3, 0xe8, 0x04, 0x08, 0x10, 0x20,
  0x40, 0x80, 0x00, 0x01, 0x02, 0x04, 0x08, 0x10, 0x20, 0x40, 0x80, 0x00,
  0x01, 0x02, 0x04, 0x08, 0x10, 0x20, 0x40, 0x80, 0x00, 0x01, 0x02, 0x04,
  0x08, 0x10, 0x20, 0x30, 0x1f, 0x01, 0x03, 0xfd, 0x7c, 0x6e, 0xe5, 0x49,
  0x09, 0x10, 0x20, 0x40, 0x80, 0x00, 0x01, 0x02, 0x04, 0x08, 0x10, 0x20,
  0x40, 0x80, 0x00, 0x01, 0x02, 0x04, 0x08, 0x10, 0x20, 0x40, 0x80, 0x00,
  0x01, 0x02, 0x04, 0x08, 0x10, 0x20, 0x40, 0x60, 0xc6, 0x02, 0x06, 0xfa,
  0x19, 0x1f, 0xcf, 0xa3, 0x13, 0x20, 0x40, 0x80, 0x00, 0x01, 0x02, 0x04,
  0x08, 0x10, 0x20, 0x40, 0x80, 0x00, 0x01, 0x02, 0x04, 0x08, 0x10, 0x20,
  0x40, 0x80, 0x00, 0x01, 0x02, 0x04, 0x08, 0x10, 0x20, 0x40, 0x80, 0xc0,
  0x7c, 0x04, 0x0c, 0xf4, 0xf3, 0xb9, 0x95, 0x27, 0x25, 0x40, 0x80, 0x00,
  0x01, 0x02, 0x04, 0x08, 0x10, 0x20, 0x40, 0x80, 0x00, 0x01, 0x02, 0x04,
  0x08, 0x10, 0x20, 0x40, 0x80, 0x00, 0x01, 0x02, 0x04, 0x08, 0x10, 0x20,
  0x40, 0x80, 0x00, 0x81, 0x19, 0x0b, 0x18, 0xe8, 0x67, 0x7c, 0x3c, 0x8f,
  0x4e, 0x80, 0x00, 0x01, 0x02, 0x04, 0x08, 0x10, 0x20, 0x40, 0x80, 0x00,
  0x01, 0x02, 0x04, 0x08, 0x10, 0x20, 0x40, 0x80, 0x00, 0x01, 0x02, 0x04,
  0x08, 0x10, 0x20, 0x40, 0x80, 0x00, 0x01, 0x02, 0xf3, 0x11, 0x30, 0xd0,
  0xcf, 0xe7, 0x56, 0x9e, 0x94, 0x00, 0x01, 0x02, 0x04, 0x08, 0x10, 0x20,
  0x40, 0x80, 0x00, 0x01, 0x02, 0x04, 0x08, 0x10, 0x20, 0x40, 0x80, 0x00,
  0x01, 0x02, 0x04, 0x08, 0x10, 0x20, 0x40, 0x80, 0x00, 0x01, 0x02, 0x04,
  0x66, 0x2c, 0x60, 0xa0, 0x9f, 0xf1, 0xf1, 0x3c, 0x3a, 0x01, 0x02, 0x04,
  0x08, 0x10, 0x20, 0x40, 0x80, 0x00, 0x01, 0x02, 0x04, 0x08, 0x10, 0x20,
  0x40, 0x80, 0x00, 0x01, 0x02, 0x04, 0x08, 0x10, 0x20, 0x40, 0x80, 0x00,
  0x01, 0x02, 0x04, 0x08, 0xcc, 0x47, 0xc0, 0x40, 0x3f, 0x9f, 0x5b, 0x79,
  0x52, 0x02, 0x04, 0x08, 0x10, 0x20, 0x40, 0x80, 0x00, 0x01, 0x02, 0x04,
  0x08, 0x10, 0x20, 0x40, 0x80, 0x00, 0x01, 0x02, 0x04, 0x08, 0x10, 0x20,
  0x40, 0x80, 0x00, 0x01, 0x02, 0x04, 0x08, 0x10, 0x98, 0xb1, 0x80, 0x81,
  0x7e, 0xc6, 0xc7, 0xf3, 0xe8, 0x04, 0x08, 0x10, 0x20, 0x40, 0x80, 0x00,
  0x01, 0x02, 0x04, 0x08, 0x10, 0x20, 0x40, 0x80, 0x00, 0x01, 0x02, 0x04,
  0x08, 0x10, 0x20, 0x40, 0x80, 0x00, 0x01, 0x02, 0x04, 0x08, 0x10, 0x20,
  0x30, 0x1f, 0x01, 0x03, 0xfd, 0x7c, 0x6e, 0xe5, 0x49, 0x09, 0x10, 0x20,
  0x40, 0x80, 0x00, 0x01, 0x02, 0x04, 0x08, 0x10, 0x20, 0x40, 0x80, 0x00,
  0x01, 0x02, 0x04, 0x08, 0x10, 0x20, 0x40, 0x80, 0x00, 0x01, 0x02, 0x04,
  0x08, 0x10, 0x20, 0x40, 0x60, 0xc6, 0x02, 0x06, 0xfa, 0x19, 0x1f, 0xcf,
  0xa3, 0x13, 0x20, 0x40, 0x80, 0x00, 0x01, 0x02, 0x04, 0x08, 0x10, 0x20,
  0x40, 0x80, 0x00, 0x01, 0x02, 0x04, 0x08, 0x10, 0x20, 0x40, 0x80, 0x00,
  0x01, 0x02, 0x04, 0x08, 0x10, 0x20, 0x40, 0x80, 0xc0, 0x7c, 0x04, 0x0c,
  0xf4, 0xf3, 0xb9, 0x95, 0x27, 0x25, 0x40, 0x80, 0x00, 0x01, 0x02, 0x04,
  0x08, 0x10, 0x20, 0x40, 0x80, 0x00, 0x01, 0x02, 0x04, 0x08, 0x10, 0x20,
  0x40, 0x80, 0x00, 0x01, 0x02, 0x04, 0x08, 0x10, 0x20, 0x40, 0x80, 0x00,
  0x81, 0x19, 0x0b, 0x18, 0xe8, 0x67, 0x7c, 0x3c, 0x8f, 0x4e, 0x80, 0x00,
  0x01, 0x02, 0x04, 0x08, 0x10, 0x20, 0x40, 0x80, 0x00, 0x01, 0x02, 0x04,
  0x08, 0x10, 0x20, 0x40, 0x80, 0x00, 0x01, 0x02, 0x04, 0x08, 0x10, 0x20,
  0x40, 0x80, 0x00, 0x01, 0x02, 0xf3, 0x11, 0x30, 0xd0, 0xcf, 0xe7, 0x56,
  0x9e, 0x94, 0x00, 0x01, 0x02, 0x04, 0x08, 0x10, 0x20, 0x40, 0x80, 0x00,
  0x01, 0x02, 0x04, 0x08, 0x10, 0x20, 0x40, 0x80, 0x00, 0x01, 0x02, 0x04,
  0x08, 0x10, 0x20, 0x40, 0x80, 0x00, 0x01, 0x02, 0x04, 0x66, 0x2c, 0x60,
  0xa0, 0x9f, 0xf1, 0xf1, 0x3c, 0x3a, 0x01, 0x02, 0x04, 0x08, 0x10, 0x20,
  0x40, 0x80, 0x00, 0x01, 0x02, 0x04, 0x08, 0x10, 0x20, 0x40, 0x80, 0x00,
  0x01, 0x02, 0x04, 0x08, 0x10, 0x20, 0x40, 0x80, 0x00, 0x01, 0x02, 0x04,
  0x08, 0xcc, 0x47, 0xc0, 0x40, 0x3f, 0x9f, 0x5b, 0x79, 0x52, 0x02, 0x04,
  0x08, 0x10, 0x20, 0x40, 0x80, 0x00, 0x01, 0x02, 0x04, 0x08, 0x10, 0x20,
  0x40, 0x80, 0x00, 0x01, 0x02, 0x04, 0x08, 0x10, 0x20, 0x40, 0x80, 0x00,
  0x01, 0x02, 0x04, 0x08, 0x10, 0x98, 0xb1, 0x80, 0x81, 0x7e, 0xc6, 0xc7,
  0xf3, 0xe8, 0x04, 0x08, 0x10, 0x20, 0x40, 0x80, 0x00, 0x01, 0x02, 0x04,
  0x08, 0x10, 0x20, 0x40, 0x80, 0x00, 0x01, 0x02, 0x04, 0x08, 0x10, 0x20,
  0x40, 0x80, 0x00, 0x01, 0x02, 0x04, 0x08, 0x10, 0x20, 0x30, 0x1f, 0x01,
  0x03, 0xfd, 0x7c, 0x6e, 0xe5, 0x49, 0x09, 0x10, 0x20, 0x40, 0x80, 0x00,
  0x01, 0x02, 0x04, 0x08, 0x10, 0x20, 0x40, 0x80, 0x00, 0x01, 0x02, 0x04,
  0x08, 0x10, 0x20, 0x40, 0x80, 0x00, 0x01, 0x02, 0x04, 0x08, 0x10, 0x20,
  0x40, 0x60, 0xc6, 0x02, 0x06, 0xfa, 0x19, 0x1f, 0xcf, 0xa3, 0x13, 0x20,
  0x40, 0x80, 0x00, 0x01, 0x02, 0x04, 0x08, 0x10, 0x20, 0x40, 0x80, 0x00,
  0x01, 0x02, 0x04, 0x08, 0x10, 0x20, 0x40, 0x80, 0x00, 0x01, 0x02, 0x04,
  0x08, 0x10, 0x20, 0x40, 0x80, 0xc0, 0x7c, 0x04, 0x0c, 0xf4, 0xf3, 0xb9,
  0x95, 0x27, 0x25, 0x40, 0x80, 0x00, 0x01, 0x02, 0x04, 0x08, 0x10, 0x20,
  0x40, 0x80, 0x00, 0x01, 0x02, 0x04, 0x08, 0x10, 0x20, 0x40, 0x80, 0x00,
  0x01, 0x02, 0x04, 0x08, 0x10, 0x20, 0x40, 0x80, 0x00, 0x81, 0x19, 0x0b,
  0x18, 0xe8, 0x67, 0x7c, 0x3c, 0x8f, 0x4e, 0x80, 0x00, 0x01, 0x02, 0x04,
  0x08, 0x10, 0x20, 0x40, 0x80, 0x00, 0x01, 0x02, 0x04, 0x08, 0x10, 0x20,
  0x40, 0x80, 0x00, 0x01, 0x02, 0x04, 0x08, 0x10, 0x20, 0x40, 0x80, 0x00,
  0x01, 0x02, 0xf3, 0x11, 0xd8, 0x3a, 0xdd, 0x59, 0x45, 0x9f, 0x76, 0xfb,
  0x64, 0x1d, 0xcb, 0x6f, 0xee, 0xbe, 0x41, 0x4f, 0xf6, 0x4f, 0xde, 0x3d,
  0xdd, 0x7d, 0x93, 0x9f, 0xec, 0x9f, 0xbc, 0xbb, 0xee, 0xb9, 0xcf, 0xbb,
  0xf4, 0x7b, 0x9f, 0x7c, 0xe7, 0xd3, 0xdd, 0x37, 0xf9, 0x5f, 0xfc, 0xd2,
  0xd5, 0xd8, 0x9f, 0x75, 0x82, 0x09, 0x10, 0x18, 0x2f, 0xb0, 0xbf, 0xda,
  0x1b, 0x1f, 0x3a, 0x91, 0xc4, 0x87, 0x8f, 0xcf, 0x62, 0x4f, 0xf2, 0xf2,
  0x15, 0xff, 0xed, 0x71, 0x0c, 0x5f, 0x30, 0x01, 0x02, 0x55, 0x02, 0x1f,
  0xbc, 0x7f, 0x18, 0xed, 0xbb, 0xfb, 0xfc, 0x41, 0x34, 0xbf, 0x39, 0x3c,
  0xf9, 0xe7, 0x7c, 0xb3, 0x7b, 0xba, 0xfb, 0xd1, 0xfa, 0x38, 0xfd, 0x08,
  0xf2, 0x09, 0x10, 0x20, 0x40, 0x80, 0xc0, 0xa2, 0x05, 0x5e, 0x7b, 0xfd,
  0xed, 0x58, 0xbf, 0xfb, 0x77, 0xae, 0xc7, 0xb2, 0xa7, 0xf0, 0xbd, 0x7d,
  0x72, 0xb7, 0xf0, 0x2d, 0x56, 0xf4, 0xd5, 0x13, 0x4e, 0x80, 0x00, 0x01,
  0x02, 0x04, 0x08, 0x10, 0x20, 0x40, 0x80, 0x00, 0x01, 0x02, 0x04, 0x08,
  0x10, 0x20, 0x40, 0x80, 0x00, 0x01, 0x02, 0x04, 0x08, 0x10, 0x20, 0x40,
  0x80, 0x00, 0x01, 0x02, 0x2d, 0x02, 0x06, 0xfa, 0x96, 0x4b, 0xeb, 0x49,
  0x80, 0x00, 0x01, 0x02, 0x04, 0x08, 0x10, 0x20, 0x40, 0x80, 0x00, 0x01,
  0x02, 0x04, 0x08, 0x10, 0x20, 0x40, 0x80, 0x00, 0x01, 0x02, 0x04, 0x08,
  0x10, 0x20, 0x40, 0x80, 0x00, 0x01, 0x02, 0x51, 0x01, 0x03, 0x7d, 0x94,
  0x5f, 0x38, 0x01, 0x02, 0x04, 0x08, 0x10, 0x20, 0x40, 0x80, 0x00, 0x01,
  0x02, 0x04, 0x08, 0x10, 0x20, 0x40, 0x80, 0x00, 0x01, 0x02, 0x04, 0x08,
  0x10, 0x20, 0x40, 0x80, 0x00, 0x01, 0x02, 0x04, 0x08, 0xb4, 0x08, 0x18,
  0xe8, 0x5b, 0x2e, 0xad, 0x27, 0x01, 0x02, 0x04, 0x08, 0x10, 0x20, 0x40,
  0x80, 0x00, 0x01, 0x02, 0x04, 0x08, 0x10, 0x20, 0x40, 0x80, 0x00, 0x01,
  0x02, 0x04, 0x08, 0x10, 0x20, 0x40, 0x80, 0x00, 0x01, 0x02, 0x04, 0x08,
  0x44, 0x05, 0x0c, 0xf4, 0x51, 0x7e, 0xe1, 0x04, 0x08, 0x10, 0x20, 0x40,
  0x80, 0x00, 0x01, 0x02, 0x04, 0x08, 0x10, 0x20, 0x40, 0x80, 0x00, 0x01,
  0x02, 0x04, 0x08, 0x10, 0x20, 0x40, 0x80, 0x00, 0x01, 0x02, 0x04, 0x08,
  0x10, 0x20, 0xd0, 0x22, 0x60, 0xa0, 0x6f, 0xb9, 0xb4, 0x9e, 0x04, 0x08,
  0x10, 0x20, 0x40, 0x80, 0x00, 0x01, 0x02, 0x04, 0x08, 0x10, 0x20, 0x40,
  0x80, 0x00, 0x01, 0x02, 0x04, 0x08, 0x10, 0x20, 0x40, 0x80, 0x00, 0x01,
  0x02, 0x04, 0x08, 0x10, 0x20, 0x10, 0x15, 0x30, 0xd0, 0x47, 0xf9, 0x85,
  0x13, 0x20, 0x40, 0x80, 0x00, 0x01, 0x02, 0x04, 0x08, 0x10, 0x20, 0x40,
  0x80, 0x00, 0x01, 0x02, 0x04, 0x08, 0x10, 0x20, 0x40, 0x80, 0x00, 0x01,
  0x02, 0x04, 0x08, 0x10, 0x20, 0x40, 0x80, 0x40, 0x8b, 0x80, 0x81, 0xbe,
  0xe5, 0xd2, 0x7a, 0x12, 0x20, 0x40, 0x80, 0x00, 0x01, 0x02, 0x04, 0x08,
  0x10, 0x20, 0x40, 0x80, 0x00, 0x01, 0x02, 0x04, 0x08, 0x10, 0x20, 0x40,
  0x80, 0x00, 0x01, 0x02, 0x04, 0x08, 0x10, 0x20, 0x40, 0x80, 0x40, 0x54,
  0xc0, 0x40, 0x1f, 0xe5, 0x17, 0x4e, 0x80, 0x00, 0x01, 0x02, 0x04, 0x08,
  0x10, 0x20, 0x40, 0x80, 0x00, 0x01, 0x02, 0x04, 0x08, 0x10, 0x20, 0x40,
  0x80, 0x00, 0x01, 0x02, 0x04, 0x08, 0x10, 0x20, 0x40, 0x80, 0x00, 0x01,
  0x02, 0x2d, 0x02, 0x06, 0xfa, 0x96, 0x4b, 0xeb, 0x49, 0x80, 0x00, 0x01,
  0x02, 0x04, 0x08, 0x10, 0x20, 0x40, 0x80, 0x00, 0x01, 0x02, 0x04, 0x08,
  0x10, 0x20, 0x40, 0x80, 0x00, 0x01, 0x02, 0x04, 0x08, 0x10, 0x20, 0x40,
  0x80, 0x00, 0x01, 0x02, 0x51, 0x01, 0x03, 0x7d, 0x94, 0x5f, 0x38, 0x01,
  0x02, 0x04, 0x08, 0x10, 0x20, 0x40, 0x80, 0x00, 0x01, 0x02, 0x04, 0x08,
  0x10, 0x20, 0x40, 0x80, 0x00, 0x01, 0x02, 0x04, 0x08, 0x10, 0x20, 0x40,
  0x80, 0x00, 0x01, 0x02, 0x04, 0x08, 0xb4, 0x08, 0x18, 0xe8, 0x5b, 0x2e,
  0xad, 0x27, 0x01, 0x02, 0x04, 0x08, 0x10, 0x20, 0x40, 0x80, 0x00, 0x01,
  0x02, 0x04, 0x08, 0x10, 0x20, 0x40, 0x80, 0x00, 0x01, 0x02, 0x04, 0x08,
  0x10, 0x20, 0x40, 0x80, 0x00, 0x01, 0x02, 0x04, 0x08, 0x44, 0x05, 0x0c,
  0xf4, 0x51, 0x7e, 0xe1, 0x04, 0x08, 0x10, 0x20, 0x40, 0x80, 0x00, 0x01,
  0x02, 0x04, 0x08, 0x10, 0x20, 0x40, 0x80, 0x00, 0x01, 0x02, 0x04, 0x08,
  0x10, 0x20, 0x40, 0x80, 0x00, 0x01, 0x02, 0x04, 0x08, 0x10, 0x20, 0xd0,
  0x22, 0x60, 0xa0, 0x6f, 0xb9, 0xb4, 0x9e, 0x04, 0x08, 0x10, 0x20, 0x40,
  0x80, 0x00, 0x01, 0x02, 0x04, 0x08, 0x10, 0x20, 0x40, 0x80, 0x00, 0x01,
  0x02, 0x04, 0x08, 0x10, 0x20, 0x40, 0x80, 0x00, 0x01, 0x02, 0x04, 0x08,
  0x10, 0x20, 0x10, 0x15, 0x30, 0xd0, 0x47, 0xf9, 0x85, 0x13, 0x20, 0x40,
  0x80, 0x00, 0x01, 0x02, 0x04, 0x08, 0x10, 0x20, 0x40, 0x80, 0x00, 0x01,
  0x02, 0x04, 0x08, 0x10, 0x20, 0x40, 0x80, 0x00, 0x01, 0x02, 0x04, 0x08,
  0x10, 0x20, 0x40, 0x80, 0x40, 0x8b, 0x80, 0x81, 0xbe, 0xe5, 0xd2, 0x7a,
  0x12, 0x20, 0x40, 0x80, 0x00, 0x01, 0x02, 0x04, 0x08, 0x10, 0x20, 0x40,
  0x80, 0x00, 0x01, 0x02, 0x04, 0x08, 0x10, 0x20, 0x40, 0x80, 0x00, 0x01,
  0x02, 0x04, 0x08, 0x10, 0x20, 0x40, 0x80, 0x40, 0x54, 0xc0, 0x40, 0x1f,
  0xe5, 0x17, 0x4e, 0x80, 0x00, 0x01, 0x02, 0x04, 0x08, 0x10, 0x20, 0x40,
  0x80, 0x00, 0x01, 0x02, 0x04, 0x08, 0x10, 0x20, 0x40, 0x80, 0x00, 0x01,
  0x02, 0x04, 0x08, 0x10, 0x20, 0x40, 0x80, 0x00, 0x01, 0x02, 0x2d, 0x02,
  0x06, 0xfa, 0x96, 0x4b, 0xeb, 0x49, 0x80, 0x00, 0x01, 0x02, 0x04, 0x08,
  0x10, 0x20, 0x40, 0x80, 0x00, 0x01, 0x02, 0x04, 0x08, 0x10, 0x20, 0x40,
  0x80, 0x00, 0x01, 0x02, 0x04, 0x08, 0x10, 0x20, 0x40, 0x80, 0x00, 0x01,
  0x02, 0x51, 0x01, 0x03, 0x7d, 0x94, 0x5f, 0x38, 0x01, 0x02, 0x04, 0x08,
  0x10, 0x20, 0x40, 0x80, 0x00, 0x01, 0x02, 0x04, 0x08, 0x10, 0x20, 0x40,
  0x80, 0x00, 0x01, 0x02, 0x04, 0x08, 0x10, 0x20, 0x40, 0x80, 0x00, 0x01,
  0x02, 0x04, 0x08, 0xb4, 0x08, 0x18, 0xe8, 0x5b, 0x2e, 0xad, 0x27, 0x01,
  0x02, 0x04, 0x08, 0x10, 0x20, 0x40, 0x80, 0x00, 0x01, 0x02, 0x04, 0x08,
  0x10, 0x20, 0x40, 0x80, 0x00, 0x01, 0x02, 0x04, 0x08, 0x10, 0x20, 0x40,
  0x80, 0x00, 0x01, 0x02, 0x04, 0x08, 0x44, 0x05, 0x0c, 0xf4, 0x51, 0x7e,
  0xe1, 0x04, 0x08, 0x10, 0x20, 0x40, 0x80, 0x00, 0x01, 0x02, 0x04, 0x08,
  0x10, 0x20, 0x40, 0x80, 0x00, 0x01, 0x02, 0x04, 0x08, 0x10, 0x20, 0x40,
  0x80, 0x00, 0x01, 0x02, 0x04, 0x08, 0x10, 0x20, 0xd0, 0x22, 0x60, 0xa0,
  0x6f, 0xb9, 0xb4, 0x9e, 0x04, 0x08, 0x10, 0x20, 0x40, 0x80, 0x00, 0x01,
  0x02, 0x04, 0x08, 0x10, 0x20, 0x40, 0x80, 0x00, 0x01, 0x02, 0x04, 0x08,
  0x10, 0x20, 0x40, 0x80, 0x00, 0x01, 0x02, 0x04, 0x08, 0x10, 0x20, 0x10,
  0x15, 0x30, 0xd0, 0x47, 0xf9, 0x85, 0x13, 0x20, 0x40, 0x80, 0x00, 0x01,
  0x02, 0x04, 0x08, 0x10, 0x20, 0x40, 0x80, 0x00, 0x01, 0x02, 0x04, 0x08,
  0x10, 0x20, 0x40, 0x80, 0x00, 0x01, 0x02, 0x04, 0x08, 0x10, 0x20, 0x40,
  0x80, 0x40, 0x8b, 0x80, 0x81, 0xbe, 0xe5, 0xd2, 0x7a, 0x12, 0x20, 0x40,
  0x80, 0x00, 0x01, 0x02, 0x04, 0x08, 0x10, 0x20, 0x40, 0x80, 0x00, 0x01,
  0x02, 0x04, 0x08, 0x10, 0x20, 0x40, 0x80, 0x00, 0x01, 0x02, 0x04, 0x08,
  0x10, 0x20, 0x40, 0x80, 0x40, 0x54, 0xc0, 0x40, 0x1f, 0xe5, 0x17, 0x4e,
  0x80, 0x00, 0x01, 0x02, 0x04, 0x08, 0x10, 0x20, 0x40, 0x80, 0x00, 0x01,
  0x02, 0x04, 0x08, 0x10, 0x20, 0x40, 0x80, 0x00, 0x01, 0x02, 0x04, 0x08,
  0x10, 0x20, 0x40, 0x80, 0x00, 0x01, 0x02, 0x2d, 0x02, 0x06, 0xfa, 0x96,
  0x4b, 0xeb, 0x49, 0x80, 0x00, 0x01, 0x02, 0x04, 0x08, 0x10, 0x20, 0x40,
  0x80, 0x00, 0x01, 0x02, 0x04, 0x08, 0x10, 0x20, 0x40, 0x80, 0x00, 0x01,
  0x02, 0x04, 0x08, 0x10, 0x20, 0x40, 0x80, 0x00, 0x01, 0x02, 0x51, 0x01,
  0x03, 0x7d, 0x94, 0x5f, 0x38, 0x01, 0x02, 0x04, 0x08, 0x10, 0x20, 0x40,
  0x80, 0x00, 0x01, 0x02, 0x04, 0x08, 0x10, 0x20, 0x40, 0x80, 0x00, 0x01,
  0x02, 0x04, 0x08, 0x10, 0x20, 0x40, 0x80, 0x00, 0x01, 0x02, 0x04, 0x08,
  0xb4, 0x08, 0x18, 0xe8, 0x5b, 0x2e, 0xad, 0x27, 0x01, 0x02, 0x04, 0x08,
  0x10, 0x20, 0x40, 0x80, 0x00, 0x01, 0x02, 0x04, 0x08, 0x10, 0x20, 0x40,
  0x80, 0x00, 0x01, 0x02, 0x04, 0x08, 0x10, 0x20, 0x40, 0x80, 0x00, 0x01,
  0x02, 0x04, 0x08, 0x44, 0x05, 0x0c, 0xf4, 0x51, 0x7e, 0xe1, 0x04, 0x08,
  0x10, 0x20, 0x40, 0x80, 0x00, 0x01, 0x02, 0x04, 0x08, 0x10, 0x20, 0x40,
  0x80, 0x00, 0x01, 0x02, 0x04, 0x08, 0x10, 0x20, 0x40, 0x80, 0x00, 0x01,
  0x02, 0x04, 0x08, 0x10, 0x20, 0xd0, 0x22, 0x60, 0xa0, 0x6f, 0xb9, 0xb4,
  0x9e, 0x04, 0x08, 0x10, 0x20, 0x40, 0x80, 0x00, 0x01, 0x02, 0x04, 0x08,
  0x10, 0x20, 0x40, 0x80, 0x00, 0x01, 0x02, 0x04, 0x08, 0x10, 0x20, 0x40,
  0x80, 0x00, 0x01, 0x02, 0x04, 0x08, 0x10, 0x20, 0x10, 0x15, 0x30, 0xd0,
  0x47, 0xf9, 0x85, 0x13, 0x20, 0x40, 0x80, 0x00, 0x01, 0x02, 0x04, 0x08,
  0x10, 0x20, 0x40, 0x80, 0x00, 0x01, 0x02, 0x04, 0x08, 0x10, 0x20, 0x40,
  0x80, 0x00, 0x01, 0x02, 0x04, 0x08, 0x10, 0x20, 0x40, 0x80, 0x40, 0x8b,
  0xc0, 0xd6, 0xf6, 0xc9, 0x3a, 0xda, 0xf5, 0x74, 0x67, 0x15, 0xcb, 0x4f,
  0x77, 0x8f, 0x15, 0xff, 0x5d, 0x70, 0xb2, 0x7f, 0xf2, 0xee, 0x9b, 0xfa,
  0xc9, 0xee, 0xcd, 0x77, 0xdf, 0x74, 0x4f, 0xde, 0xbe, 0xf9, 0xee, 0xe9,
  0xf7, 0x3e, 0x79, 0xf7, 0x74, 0xf7, 0x0f, 0x7f, 0xcf, 0x5f, 0x4d, 0xff,
  0xd6, 0x97, 0x4f, 0x80, 0x00, 0x81, 0xc5, 0x0b, 0x3c, 0x7c, 0x7c, 0x16,
  0xed, 0xf8, 0xf2, 0x15, 0xff, 0xed, 0x73, 0xf4, 0x00, 0xc2, 0xeb, 0x04,
  0x3e, 0x78, 0xff, 0xb0, 0xae, 0xf3, 0x93, 0x85, 0x77, 0x9f, 0x3f, 0x88,
  0xf5, 0x4f, 0x66, 0xc7, 0x4a, 0x4f, 0x24, 0xf8, 0x97, 0x67, 0xe7, 0xd1,
  0x27, 0xf9, 0x87, 0x9f, 0xfd, 0x20, 0x9a, 0x2f, 0x3c, 0x23, 0x70, 0x74,
  0xe9, 0x93, 0x99, 0x60, 0xa9, 0xd5, 0x02, 0xfb, 0xab, 0xbd, 0xea, 0xfe,
  0xca, 0x13, 0x20, 0x30, 0x56, 0x20, 0xfd, 0x99, 0x73, 0xb4, 0x3e, 0x1e,
  0x5b, 0xf8, 0x89, 0x34, 0xdf, 0xdb, 0xc7, 0xe8, 0x2f, 0xf9, 0x16, 0x29,
  0x67, 0x2f, 0x99, 0x00, 0x01, 0x02, 0x04, 0x08, 0x10, 0x20, 0x40, 0x80,
  0x00, 0x01, 0x02, 0x04, 0x08, 0x10, 0x20, 0x40, 0x80, 0x00, 0x01, 0x02,
  0x04, 0x08, 0x10, 0x20, 0x40, 0x80, 0x00, 0x01, 0x02, 0x04, 0x8a, 0x04,
  0x0c, 0xf4, 0x45, 0xc7, 0x56, 0x95, 0x00, 0x01, 0x02, 0x04, 0x08, 0x10,
  0x20, 0x40, 0x80, 0x00, 0x01, 0x02, 0x04, 0x08, 0x10, 0x20, 0x40, 0x80,
  0x00, 0x01, 0x02, 0x04, 0x08, 0x10, 0x20, 0x40, 0x80, 0x00, 0x01, 0x02,
  0x04, 0x72, 0x02, 0x06, 0xfa, 0x9c, 0xbd, 0x64, 0x02, 0x04, 0x08, 0x10,
  0x20, 0x40, 0x80, 0x00, 0x01, 0x02, 0x04, 0x08, 0x10, 0x20, 0x40, 0x80,
  0x00, 0x01, 0x02, 0x04, 0x08, 0x10, 0x20, 0x40, 0x80, 0x00, 0x01, 0x02,
  0x04, 0x08, 0x10, 0x28, 0x12, 0x30, 0xd0, 0x17, 0x1d, 0x5b, 0x55, 0x02,
  0x04, 0x08, 0x10, 0x20, 0x40, 0x80, 0x00, 0x01, 0x02, 0x04, 0x08, 0x10,
  0x20, 0x40, 0x80, 0x00, 0x01, 0x02, 0x04, 0x08, 0x10, 0x20, 0x40, 0x80,
  0x00, 0x01, 0x02, 0x04, 0x08, 0x10, 0xc8, 0x09, 0x18, 0xe8, 0x73, 0xf6,
  0x92, 0x09, 0x10, 0x20, 0x40, 0x80, 0x00, 0x01, 0x02, 0x04, 0x08, 0x10,
  0x20, 0x40, 0x80, 0x00, 0x01, 0x02, 0x04, 0x08, 0x10, 0x20, 0x40, 0x80,
  0x00, 0x01, 0x02, 0x04, 0x08, 0x10, 0x20, 0x40, 0xa0, 0x48, 0xc0, 0x40,
  0x5f, 0x74, 0x6c, 0x55, 0x09, 0x10, 0x20, 0x40, 0x80, 0x00, 0x01, 0x02,
  0x04, 0x08, 0x10, 0x20, 0x40, 0x80, 0x00, 0x01, 0x02, 0x04, 0x08, 0x10,
  0x20, 0x40, 0x80, 0x00, 0x01, 0x02, 0x04, 0x08, 0x10, 0x20, 0x40, 0x20,
  0x27, 0x60, 0xa0, 0xcf, 0xd9, 0x4b, 0x26, 0x40, 0x80, 0x00, 0x01, 0x02,
  0x04, 0x08, 0x10, 0x20, 0x40, 0x80, 0x00, 0x01, 0x02, 0x04, 0x08, 0x10,
  0x20, 0x40, 0x80, 0x00, 0x01, 0x02, 0x04, 0x08, 0x10, 0x20, 0x40, 0x80,
  0x00, 0x81, 0x22, 0x01, 0x03, 0x7d, 0xd1, 0xb1, 0x55, 0x25, 0x40, 0x80,
  0x00, 0x01, 0x02, 0x04, 0x08, 0x10, 0x20, 0x40, 0x80, 0x00, 0x01, 0x02,
  0x04, 0x08, 0x10, 0x20, 0x40, 0x80, 0x00, 0x01, 0x02, 0x04, 0x08, 0x10,
  0x20, 0x40, 0x80, 0x00, 0x81, 0x9c, 0x80, 0x81, 0x3e, 0x67, 0x2f, 0x99,
  0x00, 0x01, 0x02, 0x04, 0x08, 0x10, 0x20, 0x40, 0x80, 0x00, 0x01, 0x02,
  0x04, 0x08, 0x10, 0x20, 0x40, 0x80, 0x00, 0x01, 0x02, 0x04, 0x08, 0x10,
  0x20, 0x40, 0x80, 0x00, 0x01, 0x02, 0x04, 0x8a, 0x04, 0x0c, 0xf4, 0x45,
  0xc7, 0x56, 0x95, 0x00, 0x01, 0x02, 0x04, 0x08, 0x10, 0x20, 0x40, 0x80,
  0x00, 0x01, 0x02, 0x04, 0x08, 0x10, 0x20, 0x40, 0x80, 0x00, 0x01, 0x02,
  0x04, 0x08, 0x10, 0x20, 0x40, 0x80, 0x00, 0x01, 0x02, 0x04, 0x72, 0x02,
  0x06, 0xfa, 0x9c, 0xbd, 0x64, 0x02, 0x04, 0x08, 0x10, 0x20, 0x40, 0x80,
  0x00, 0x01, 0x02, 0x04, 0x08, 0x10, 0x20, 0x40, 0x80, 0x00, 0x01, 0x02,
  0x04, 0x08, 0x10, 0x20, 0x40, 0x80, 0x00, 0x01, 0x02, 0x04, 0x08, 0x10,
  0x28, 0x12, 0x30, 0xd0, 0x17, 0x1d, 0x5b, 0x55, 0x02, 0x04, 0x08, 0x10,
  0x20, 0x40, 0x80, 0x00, 0x01, 0x02, 0x04, 0x08, 0x10, 0x20, 0x40, 0x80,
  0x00, 0x01, 0x02, 0x04, 0x08, 0x10, 0x20, 0x40, 0x80, 0x00, 0x01, 0x02,
  0x04, 0x08, 0x10, 0xc8, 0x09, 0x18, 0xe8, 0x73, 0xf6, 0x92, 0x09, 0x10,
  0x20, 0x40, 0x80, 0x00, 0x01, 0x02, 0x04, 0x08, 0x10, 0x20, 0x40, 0x80,
  0x00, 0x01, 0x02, 0x04, 0x08, 0x10, 0x20, 0x40, 0x80, 0x00, 0x01, 0x02,
  0x04, 0x08, 0x10, 0x20, 0x40, 0xa0, 0x48, 0xc0, 0x40, 0x5f, 0x74, 0x6c,
  0x55, 0x09, 0x10, 0x20, 0x40, 0x80, 0x00, 0x01, 0x02, 0x04, 0x08, 0x10,
  0x20, 0x40, 0x80, 0x00, 0x01, 0x02, 0x04, 0x08, 0x10, 0x20, 0x40, 0x80,
  0x00, 0x01, 0x02, 0x04, 0x08, 0x10, 0x20, 0x40, 0x20, 0x27, 0x60, 0xa0,
  0xcf, 0xd9, 0x4b, 0x26, 0x40, 0x80, 0x00, 0x01, 0x02, 0x04, 0x08, 0x10,
  0x20, 0x40, 0x80, 0x00, 0x01, 0x02, 0x04, 0x08, 0x10, 0x20, 0x40, 0x80,
  0x00, 0x01, 0x02, 0x04, 0x08, 0x10, 0x20, 0x40, 0x80, 0x00, 0x81, 0x22,
  0x01, 0x03, 0x7d, 0xd1, 0xb1, 0x55, 0x25, 0x40, 0x80, 0x00, 0x01, 0x02,
  0x04, 0x08, 0x10, 0x20, 0x40, 0x80, 0x00, 0x01, 0x02, 0x04, 0x08, 0x10,
  0x20, 0x40, 0x80, 0x00, 0x01, 0x02, 0x04, 0x08, 0x10, 0x20, 0x40, 0x80,
  0x00, 0x81, 0x9c, 0x80, 0x81, 0x3e, 0x67, 0x2f, 0x99, 0x00, 0x01, 0x02,
  0x04, 0x08, 0x10, 0x20, 0x40, 0x80, 0x00, 0x01, 0x02, 0x04, 0x08, 0x10,
  0x20, 0x40, 0x80, 0x00, 0x01, 0x02, 0x04, 0x08, 0x10, 0x20, 0x40, 0x80,
  0x00, 0x01, 0x02, 0x04, 0x8a, 0x04, 0x0c, 0xf4, 0x45, 0xc7, 0x56, 0x95,
  0x00, 0x01, 0x02, 0x04, 0x08, 0x10, 0x20, 0x40, 0x80, 0x00, 0x01, 0x02,
  0x04, 0x08, 0x10, 0x20, 0x40, 0x80, 0x00, 0x01, 0x02, 0x04, 0x08, 0x10,
  0x20, 0x40, 0x80, 0x00, 0x01, 0x02, 0x04, 0x72, 0x02, 0x06, 0xfa, 0x9c,
  0xbd, 0x64, 0x02, 0x04, 0x08, 0x10, 0x20, 0x40, 0x80, 0x00, 0x01, 0x02,
  0x04, 0x08, 0x10, 0x20, 0x40, 0x80, 0x00, 0x01, 0x02, 0x04, 0x08, 0x10,
  0x20, 0x40, 0x80, 0x00, 0x01, 0x02, 0x04, 0x08, 0x10, 0x28, 0x12, 0x30,
  0xd0, 0x17, 0x1d, 0x5b, 0x55, 0x02, 0x04, 0x08, 0x10, 0x20, 0x40, 0x80,
  0x00, 0x01, 0x02, 0x04, 0x08, 0x10, 0x20, 0x40, 0x80, 0x00, 0x01, 0x02,
  0x04, 0x08, 0x10, 0x20, 0x40, 0x80, 0x00, 0x01, 0x02, 0x04, 0x08, 0x10,
  0xc8, 0x09, 0x18, 0xe8, 0x73, 0xf6, 0x92, 0x09, 0x10, 0x20, 0x40, 0x80,
  0x00, 0x01, 0x02, 0x04, 0x08, 0x10, 0x20, 0x40, 0x80, 0x00, 0x01, 0x02,
  0x04, 0x08, 0x10, 0x20, 0x40, 0x80, 0x00, 0x01, 0x02, 0x04, 0x08, 0x10,
  0x20, 0x40, 0xa0, 0x48, 0xc0, 0x40, 0x5f, 0x74, 0x6c, 0x55, 0x09, 0x10,
  0x20, 0x40, 0x80, 0x00, 0x01, 0x02, 0x04, 0x08, 0x10, 0x20, 0x40, 0x80,
  0x00, 0x01, 0x02, 0x04, 0x08, 0x10, 0x20, 0x40, 0x80, 0x00, 0x01, 0x02,
  0x04, 0x08, 0x10, 0x20, 0x40, 0x20, 0x27, 0x60, 0xa0, 0xcf, 0xd9, 0x4b,
  0x26, 0x40, 0x80, 0x00, 0x01, 0x02, 0x04, 0x08, 0x10, 0x20, 0x40, 0x80,
  0x00, 0x01, 0x02, 0x04, 0x08, 0x10, 0x20, 0x40, 0x80, 0x00, 0x01, 0x02,
  0x04, 0x08, 0x10, 0x20, 0x40, 0x80, 0x00, 0x81, 0x22, 0x01, 0x03, 0x7d,
  0xd1, 0xb1, 0x55, 0x25, 0x40, 0x80, 0x00, 0x01, 0x02, 0x04, 0x08, 0x10,
  0x20, 0x40, 0x80, 0x00, 0x01, 0x02, 0x04, 0x08, 0x10, 0x20, 0x40, 0x80,
  0x00, 0x01, 0x02, 0x04, 0x08, 0x10, 0x20, 0x40, 0x80, 0x00, 0x81, 0x9c,
  0x80, 0x81, 0x3e, 0x67, 0x2f, 0x99, 0x00, 0x01, 0x02, 0x04, 0x08, 0x10,
  0x20, 0x40, 0x80, 0x00, 0x01, 0x02, 0x04, 0x08, 0x10, 0x20, 0x40, 0x80,
  0x00, 0x01, 0x02, 0x04, 0x08, 0x10, 0x20, 0x40, 0x80, 0x00, 0x01, 0x02,
  0x04, 0x8a, 0x04, 0x0c, 0xf4, 0x45, 0xc7, 0x56, 0x95, 0x00, 0x01, 0x02,
  0x04, 0x08, 0x10, 0x20, 0x40, 0x80, 0x00, 0x01, 0x02, 0x04, 0x08, 0x10,
  0x20, 0x40, 0x80, 0x00, 0x01, 0x02, 0x04, 0x08, 0x10, 0x20, 0x40, 0x80,
  0x00, 0x01, 0x02, 0x04, 0x72, 0x02, 0x06, 0xfa, 0x9c, 0xbd, 0x64, 0x02,
  0x04, 0x08, 0x10, 0x20, 0x40, 0x80, 0x00, 0x01, 0x02, 0x04, 0x08, 0x10,
  0x20, 0x40, 0x80, 0x00, 0x01, 0x02, 0x04, 0x08, 0x10, 0x20, 0x40, 0x80,
  0x00, 0x01, 0x02, 0x04, 0x08, 0x10, 0x28, 0x12, 0x30, 0xd0, 0x17, 0x1d,
  0x5b, 0x55, 0x02, 0x04, 0x08, 0x10, 0x20, 0x40, 0x80, 0x00, 0x01, 0x02,
  0x04, 0x08, 0x10, 0x20, 0x40, 0x80, 0x00, 0x01, 0x02, 0x04, 0x08, 0x10,
  0x20, 0x40, 0x80, 0x00, 0x01, 0x02, 0x04, 0x08, 0x10, 0xc8, 0x09, 0x18,
  0xe8, 0x73, 0xf6, 0x92, 0x09, 0x10, 0x20, 0x40, 0x80, 0x00, 0x01, 0x02,
  0x04, 0x08, 0x10, 0x20, 0x40, 0x80, 0x00, 0x01, 0x02, 0x04, 0x08, 0x10,
  0x20, 0x40, 0x80, 0x00, 0x01, 0x02, 0x04, 0x08, 0x10, 0x20, 0x40, 0xa0,
  0x48, 0xc0, 0x40, 0x5f, 0x74, 0x6c, 0x55, 0x09, 0x10, 0x20, 0x40, 0x80,
  0x00, 0x01, 0x02, 0x04, 0x08, 0x10, 0x20, 0x40, 0x80, 0x00, 0x01, 0x02,
  0x04, 0x08, 0x10, 0x20, 0x40, 0x80, 0x00, 0x01, 0x02, 0x04, 0x08, 0x10,
  0x20, 0x40, 0x20, 0x27, 0xb0, 0x75, 0xba, 0xb3, 0xca, 0xa5, 0xff, 0x26,
  0x79, 0xfb, 0x64, 0x1d, 0xcb, 0x6f, 0xee, 0xbe, 0x41, 0x4f, 0xf6, 0x4f,
  0xde, 0x3d, 0xdd, 0x7d, 0x93, 0x9f, 0xec, 0x9f, 0xbc, 0xbb, 0xee, 0xb9,
  0xcf, 0xbb, 0xf4, 0x7b, 0x9f, 0x7c, 0xe7, 0x37, 0xdd, 0x0f, 0x6e, 0xde,
  0x8d, 0xfd, 0x59, 0x23, 0x98, 0x00, 0x01, 0x02, 0x04, 0x3a, 0x04, 0x1e,
  0x3e, 0x3e, 0x8b, 0x16, 0x7d, 0xf9, 0x8a, 0xff, 0xf6, 0x3a, 0x7a, 0x00,
  0xe1, 0xc3, 0x05, 0x76, 0x9f, 0x3f, 0x18, 0x9e, 0x29, 0x90, 0x40, 0x5a,
  0xe0, 0x83, 0xff, 0xfe, 0x7e, 0xfa, 0x11, 0xe4, 0x13, 0x20, 0x40, 0x80,
  0x00, 0x01, 0x02, 0x04, 0x9e, 0xba, 0xc0, 0xbb, 0xef, 0xbc, 0xf7, 0xd4,
  0x7f, 0xcd, 0x8f, 0xf3, 0x0b, 0x1e, 0x3e, 0xba, 0xf7, 0x71, 0xfe, 0xf1,
  0xa7, 0xfe, 0xcf, 0x26, 0xbf, 0xbb, 0x4e, 0x7f, 0x6f, 0xdf, 0xbc, 0x57,
  0xf9, 0x16, 0xe7, 0xa9, 0xff, 0x56, 0xf2, 0x0b, 0x12, 0x20, 0x40, 0x80,
  0x00, 0x01, 0x02, 0x04, 0x08, 0x10, 0x20, 0x40, 0x80, 0x00, 0x01, 0x02,
  0x04, 0x08, 0x10, 0x20, 0x40, 0x80, 0x00, 0x01, 0x02, 0x04, 0x08, 0x10,
  0x20, 0x40, 0x80, 0x00, 0x81, 0x3f, 0x14, 0x30, 0xd0, 0x7b, 0x2b, 0x08,
  0x10, 0x20, 0x40, 0x80, 0x00, 0x01, 0x02, 0x04, 0x08, 0x10, 0x20, 0x40,
  0x80, 0x00, 0x01, 0x02, 0x04, 0x08, 0x10, 0x20, 0x40, 0x80, 0x00, 0x01,
  0x02, 0x04, 0x08, 0x10, 0x20, 0x40, 0x80, 0xc0, 0x00, 0x01, 0x03, 0xfd,
  0x00, 0x64, 0x11, 0x04, 0x08, 0x10, 0x20, 0x40, 0x80, 0x00, 0x01, 0x02,
  0x04, 0x08, 0x10, 0x20, 0x40, 0x80, 0x00, 0x01, 0x02, 0x04, 0x08, 0x10,
  0x20, 0x40, 0x80, 0x00, 0x01, 0x02, 0x04, 0x08, 0x10, 0x20, 0x40, 0xc0,
  0x40, 0xef, 0x1d, 0x20, 0x40, 0x80, 0x00, 0x01, 0x02, 0x04, 0x08, 0x10,
  0x20, 0x40, 0x80, 0x00, 0x01, 0x02, 0x04, 0x08, 0x10, 0x20, 0x40, 0x80,
  0x00, 0x01, 0x02, 0x04, 0x08, 0x10, 0x20, 0x40, 0x80, 0x00, 0x01, 0x02,
  0x03, 0x04, 0x0c, 0xf4, 0x03, 0x90, 0x45, 0x10, 0x20, 0x40, 0x80, 0x00,
  0x01, 0x02, 0x04, 0x08, 0x10, 0x20, 0x40, 0x80, 0x00, 0x01, 0x02, 0x04,
  0x08, 0x10, 0x20, 0x40, 0x80, 0x00, 0x01, 0x02, 0x04, 0x08, 0x10, 0x20,
  0x40, 0x80, 0x00, 0x01, 0x03, 0xbd, 0x77, 0x80, 0x00, 0x01, 0x02, 0x04,
  0x08, 0x10, 0x20, 0x40, 0x80, 0x00, 0x01, 0x02, 0x04, 0x08, 0x10, 0x20,
  0x40, 0x80, 0x00, 0x01, 0x02, 0x04, 0x08, 0x10, 0x20, 0x40, 0x80, 0x00,
  0x01, 0x02, 0x04, 0x08, 0x0c, 0x10, 0x30, 0xd0, 0x0f, 0x40, 0x16, 0x41,
  0x80, 0x00, 0x01, 0x02, 0x04, 0x08, 0x10, 0x20, 0x40, 0x80, 0x00, 0x01,
  0x02, 0x04, 0x08, 0x10, 0x20, 0x40, 0x80, 0x00, 0x01, 0x02, 0x04, 0x08,
  0x10, 0x20, 0x40, 0x80, 0x00, 0x01, 0x02, 0x04, 0x0c, 0xf4, 0xde, 0x01,
  0x02, 0x04, 0x08, 0x10, 0x20, 0x40, 0x80, 0x00, 0x01, 0x02, 0x04, 0x08,
  0x10, 0x20, 0x40, 0x80, 0x00, 0x01, 0x02, 0x04, 0x08, 0x10, 0x20, 0x40,
  0x80, 0x00, 0x01, 0x02, 0x04, 0x08, 0x10, 0x20, 0x30, 0x40, 0xc0, 0x40,
  0x3f, 0x00, 0x59, 0x04, 0x01, 0x02, 0x04, 0x08, 0x10, 0x20, 0x40, 0x80,
  0x00, 0x01, 0x02, 0x04, 0x08, 0x10, 0x20, 0x40, 0x80, 0x00, 0x01, 0x02,
  0x04, 0x08, 0x10, 0x20, 0x40, 0x80, 0x00, 0x01, 0x02, 0x04, 0x08, 0x10,
  0x30, 0xd0, 0x7b, 0x07, 0x08, 0x10, 0x20, 0x40, 0x80, 0x00, 0x01, 0x02,
  0x04, 0x08, 0x10, 0x20, 0x40, 0x80, 0x00, 0x01, 0x02, 0x04, 0x08, 0x10,
  0x20, 0x40, 0x80, 0x00, 0x01, 0x02, 0x04, 0x08, 0x10, 0x20, 0x40, 0x80,
  0xc0, 0x00, 0x01, 0x03, 0xfd, 0x00, 0x64, 0x11, 0x04, 0x08, 0x10, 0x20,
  0x40, 0x80, 0x00, 0x01, 0x02, 0x04, 0x08, 0x10, 0x20, 0x40, 0x80, 0x00,
  0x01, 0x02, 0x04, 0x08, 0x10, 0x20, 0x40, 0x80, 0x00, 0x01, 0x02, 0x04,
  0x08, 0x10, 0x20, 0x40, 0xc0, 0x40, 0xef, 0x1d, 0x20, 0x40, 0x80, 0x00,
  0x01, 0x02, 0x04, 0x08, 0x10, 0x20, 0x40, 0x80, 0x00, 0x01, 0x02, 0x04,
  0x08, 0x10, 0x20, 0x40, 0x80, 0x00, 0x01, 0x02, 0x04, 0x08, 0x10, 0x20,
  0x40, 0x80, 0x00, 0x01, 0x02, 0x03, 0x04, 0x0c, 0xf4, 0x03, 0x90, 0x45,
  0x10, 0x20, 0x40, 0x80, 0x00, 0x01, 0x02, 0x04, 0x08, 0x10, 0x20, 0x40,
  0x80, 0x00, 0x01, 0x02, 0x04, 0x08, 0x10, 0x20, 0x40, 0x80, 0x00, 0x01,
  0x02, 0x04, 0x08, 0x10, 0x20, 0x40, 0x80, 0x00, 0x01, 0x03, 0xbd, 0x77,
  0x80, 0x00, 0x01, 0x02, 0x04, 0x08, 0x10, 0x20, 0x40, 0x80, 0x00, 0x01,
  0x02, 0x04, 0x08, 0x10, 0x20, 0x40, 0x80, 0x00, 0x01, 0x02, 0x04, 0x08,
  0x10, 0x20, 0x40, 0x80, 0x00, 0x01, 0x02, 0x04, 0x08, 0x0c, 0x10, 0x30,
  0xd0, 0x0f, 0x40, 0x16, 0x41, 0x80, 0x00, 0x01, 0x02, 0x04, 0x08, 0x10,
  0x20, 0x40, 0x80, 0x00, 0x01, 0x02, 0x04, 0x08, 0x10, 0x20, 0x40, 0x80,
  0x00, 0x01, 0x02, 0x04, 0x08, 0x10, 0x20, 0x40, 0x80, 0x00, 0x01, 0x02,
  0x04, 0x0c, 0xf4, 0xde, 0x01, 0x02, 0x04, 0x08, 0x10, 0x20, 0x40, 0x80,
  0x00, 0x01, 0x02, 0x04, 0x08, 0x10, 0x20, 0x40, 0x80, 0x00, 0x01, 0x02,
  0x04, 0x08, 0x10, 0x20, 0x40, 0x80, 0x00, 0x01, 0x02, 0x04, 0x08, 0x10,
  0x20, 0x30, 0x40, 0xc0, 0x40, 0x3f, 0x00, 0x59, 0x04, 0x01, 0x02, 0x04,
  0x08, 0x10, 0x20, 0x40, 0x80, 0x00, 0x01, 0x02, 0x04, 0x08, 0x10, 0x20,
  0x40, 0x80, 0x00, 0x01, 0x02, 0x04, 0x08, 0x10, 0x20, 0x40, 0x80, 0x00,
  0x01, 0x02, 0x04, 0x08, 0x10, 0x30, 0xd0, 0x7b, 0x07, 0x08, 0x10, 0x20,
  0x40, 0x80, 0x00, 0x01, 0x02, 0x04, 0x08, 0x10, 0x20, 0x40, 0x80, 0x00,
  0x01, 0x02, 0x04, 0x08, 0x10, 0x20, 0x40, 0x80, 0x00, 0x01, 0x02, 0x04,
  0x08, 0x10, 0x20, 0x40, 0x80, 0xc0, 0x00, 0x01, 0x03, 0xfd, 0x00, 0x64,
  0x11, 0x04, 0x08, 0x10, 0x20, 0x40, 0x80, 0x00, 0x01, 0x02, 0x04, 0x08,
  0x10, 0x20, 0x40, 0x80, 0x00, 0x01, 0x02, 0x04, 0x08, 0x10, 0x20, 0x40,
  0x80, 0x00, 0x01, 0x02, 0x04, 0x08, 0x10, 0x20, 0x40, 0xc0, 0x40, 0xef,
  0x1d, 0x20, 0x40, 0x80, 0x00, 0x01, 0x02, 0x04, 0x08, 0x10, 0x20, 0x40,
  0x80, 0x00, 0x01, 0x02, 0x04, 0x08, 0x10, 0x20, 0x40, 0x80, 0x00, 0x01,
  0x02, 0x04, 0x5a, 0xc7, 0x3d, 0x2a, 0x00, 0x00, 0x20, 0x00, 0x49, 0x44,
  0x41, 0x54, 0x08, 0x10, 0x20, 0x40, 0x80, 0x00, 0x01, 0x02, 0x03, 0x04,
  0x0c, 0xf4, 0x03, 0x90, 0x45, 0x10, 0x20, 0x40, 0x80, 0x00, 0x01, 0x02,
  0x04, 0x08, 0x10, 0x20, 0x40, 0x80, 0x00, 0x01, 0x02, 0x04, 0x08, 0x10,
  0x20, 0x40, 0x80, 0x00, 0x01, 0x02, 0x04, 0x08, 0x10, 0x20, 0x40, 0x80,
  0x00, 0x01, 0x03, 0xbd, 0x77, 0x80, 0x00, 0x01, 0x02, 0x04, 0x08, 0x10,
  0x20, 0x40, 0x80, 0x00, 0x01, 0x02, 0x04, 0x08, 0x10, 0x20, 0x40, 0x80,
  0x00, 0x01, 0x02, 0x04, 0x08, 0x10, 0x20, 0x40, 0x80, 0x00, 0x01, 0x02,
  0x04, 0x08, 0x0c, 0x10, 0x30, 0xd0, 0x0f, 0x40, 0x16, 0x41, 0x80, 0x00,
  0x01, 0x02, 0x04, 0x08, 0x10, 0x20, 0x40, 0x80, 0x00, 0x01, 0x02, 0x04,
  0x08, 0x10, 0x20, 0x40, 0x80, 0x00, 0x01, 0x02, 0x04, 0x08, 0x10, 0x20,
  0x40, 0x80, 0x00, 0x01, 0x02, 0x04, 0x0c, 0xf4, 0xde, 0x01, 0x02, 0x04,
  0x08, 0x10, 0x20, 0x40, 0x80, 0x00, 0x01, 0x02, 0x04, 0x08, 0x10, 0x20,
  0x40, 0x80, 0x00, 0x01, 0x02, 0x04, 0x08, 0x10, 0x20, 0x40, 0x80, 0x00,
  0x01, 0x02, 0x04, 0x08, 0x10, 0x20, 0x30, 0x40, 0xc0, 0x40, 0x3f, 0x00,
  0x59, 0x04, 0x01, 0x02, 0x04, 0x08, 0x10, 0x20, 0x40, 0x80, 0x00, 0x01,
  0x02, 0x04, 0x08, 0x10, 0x20, 0x40, 0x80, 0x00, 0x01, 0x02, 0x04, 0x08,
  0x10, 0x20, 0x40, 0x80, 0x00, 0x01, 0x02, 0x04, 0x08, 0x10, 0x30, 0xd0,
  0x7b, 0x07, 0x08, 0x10, 0x20, 0x40, 0x80, 0x00, 0x01, 0x02, 0x04, 0x08,
  0x10, 0x20, 0x40, 0x80, 0x00, 0x01, 0x02, 0x04, 0x08, 0x10, 0x20, 0x40,
  0x80, 0x00, 0x01, 0x02, 0x04, 0x08, 0x10, 0x20, 0x40, 0x80, 0xc0, 0x00,
  0x01, 0x03, 0xfd, 0x00, 0x64, 0x11, 0x04, 0x08, 0x10, 0x20, 0x40, 0x80,
  0x00, 0x01, 0x02, 0x04, 0x08, 0x10, 0x20, 0x40, 0x80, 0x00, 0x01, 0x02,
  0x04, 0x08, 0x10, 0x20, 0x40, 0x80, 0x00, 0x01, 0x02, 0x04, 0x08, 0x10,
  0x20, 0x40, 0xc0, 0x40, 0xef, 0x1d, 0x20, 0x40, 0x80, 0x00, 0x01, 0x02,
  0x04, 0x08, 0x10, 0x20, 0x40, 0x80, 0x00, 0x01, 0x02, 0x04, 0x08, 0x10,
  0x20, 0x40, 0x80, 0x00, 0x01, 0x02, 0x04, 0x08, 0x10, 0x20, 0x40, 0x80,
  0x00, 0x01, 0x02, 0x03, 0x04, 0x0c, 0xf4, 0x03, 0x90, 0x45, 0x10, 0x20,
  0x40, 0x80, 0x00, 0x01, 0x02, 0x04, 0x08, 0x10, 0x20, 0x40, 0x80, 0x00,
  0x01, 0x02, 0x04, 0x08, 0x10, 0x20, 0x40, 0x80, 0x00, 0x01, 0x02, 0x04,
  0x08, 0x10, 0x20, 0x40, 0x80, 0x00, 0x01, 0x03, 0xbd, 0x77, 0x80, 0x00,
  0x01, 0x02, 0x04, 0x08, 0x10, 0x20, 0x40, 0x80, 0x00, 0x01, 0x02, 0x04,
  0x08, 0x10, 0x20, 0x40, 0x80, 0x00, 0x01, 0x02, 0x04, 0x08, 0x10, 0x20,
  0x40, 0x80, 0x00, 0x01, 0x02, 0x04, 0x08, 0x0c, 0x10, 0x30, 0xd0, 0x0f,
  0x40, 0x16, 0x41, 0x80, 0x00, 0x01, 0x02, 0x04, 0x08, 0x10, 0x20, 0x40,
  0x80, 0x00, 0x01, 0x02, 0x04, 0x08, 0x10, 0x20, 0x40, 0x80, 0x00, 0x01,
  0x02, 0x04, 0x08, 0x10, 0x20, 0x40, 0x80, 0x00, 0x01, 0x02, 0x04, 0xb6,
  0xb6, 0x4f, 0xd6, 0xb5, 0x0a, 0xcd, 0xdd, 0x37, 0x47, 0x6f, 0xee, 0xaf,
  0x7b, 0xe7, 0x6f, 0xfb, 0xe6, 0xbb, 0xb7, 0xff, 0x9e, 0xef, 0x7c, 0xe3,
  0xb5, 0x4e, 0x0b, 0x1c, 0xad, 0x8f, 0xd3, 0x8f, 0x10, 0xcb, 0xdf, 0x5f,
  0xed, 0xc5, 0xb2, 0x37, 0xc1, 0xcd, 0xf6, 0x51, 0xf8, 0xdf, 0x84, 0xa7,
  0x6f, 0x9f, 0xee, 0x9f, 0xcc, 0x7f, 0xf8, 0xf8, 0x2c, 0x16, 0xff, 0xf2,
  0x15, 0xff, 0xdd, 0x77, 0x0c, 0x5f, 0x30, 0x01, 0x02, 0xc3, 0x05, 0x7e,
  0xfa, 0xc3, 0xc3, 0xe1, 0x99, 0x02, 0xf3, 0x02, 0xb7, 0x1e, 0xbc, 0x95,
  0x7f, 0x88, 0xd0, 0x13, 0x3c, 0x73, 0xf5, 0xab, 0xa1, 0x64, 0xb1, 0x87,
  0x8f, 0xee, 0x45, 0x11, 0x5e, 0x7b, 0xfd, 0xed, 0x68, 0x7e, 0x32, 0xdc,
  0xdf, 0x29, 0x93, 0xfa, 0xb2, 0x53, 0x02, 0xc9, 0xcf, 0x9c, 0xed, 0x54,
  0xe9, 0x89, 0xe4, 0x26, 0xbf, 0x4b, 0xd9, 0x5f, 0x65, 0x3f, 0xeb, 0xef,
  0xdf, 0xb9, 0x3e, 0x91, 0x2b, 0x8c, 0x7f, 0x0c, 0xdf, 0xa4, 0x8c, 0x37,
  0x97, 0x48, 0x80, 0x00, 0x01, 0x02, 0x04, 0x08, 0x10, 0x20, 0x40, 0x80,
  0x00, 0x01, 0x02, 0x04, 0x08, 0x10, 0x20, 0x40, 0x80, 0x00, 0x01, 0x02,
  0x04, 0x08, 0x10, 0x20, 0x40, 0x80, 0x00, 0x01, 0x02, 0x85, 0x02, 0x06,
  0xfa, 0xc2, 0xa3, 0xab, 0x4c, 0x80, 0x00, 0x01, 0x02, 0x04, 0x08, 0x10,
  0x20, 0x40, 0x80, 0x00, 0x01, 0x02, 0x04, 0x08, 0x10, 0x20, 0x40, 0x80,
  0x00, 0x01, 0x02, 0x04, 0x08, 0x10, 0x20, 0x40, 0x80, 0x00, 0x01, 0x02,
  0xe3, 0x05, 0x0c, 0xf4, 0xe3, 0xcd, 0x25, 0x12, 0x20, 0x40, 0x80, 0x00,
  0x01, 0x02, 0x04, 0x08, 0x10, 0x20, 0x40, 0x80, 0x00, 0x01, 0x02, 0x04,
  0x08, 0x10, 0x20, 0x40, 0x80, 0x00, 0x01, 0x02, 0x04, 0x08, 0x10, 0x20,
  0x40, 0x80, 0x40, 0xa1, 0x80, 0x81, 0xbe, 0xf0, 0xe8, 0x2a, 0x13, 0x20,
  0x40, 0x80, 0x00, 0x01, 0x02, 0x04, 0x08, 0x10, 0x20, 0x40, 0x80, 0x00,
  0x01, 0x02, 0x04, 0x08, 0x10, 0x20, 0x40, 0x80, 0x00, 0x01, 0x02, 0x04,
  0x08, 0x10, 0x20, 0x40, 0x80, 0xc0, 0x78, 0x01, 0x03, 0xfd, 0x78, 0x73,
  0x89, 0x04, 0x08, 0x10, 0x20, 0x40, 0x80, 0x00, 0x01, 0x02, 0x04, 0x08,
  0x10, 0x20, 0x40, 0x80, 0x00, 0x01, 0x02, 0x04, 0x08, 0x10, 0x20, 0x40,
  0x80, 0x00, 0x01, 0x02, 0x04, 0x08, 0x10, 0x20, 0x50, 0x28, 0x60, 0xa0,
  0x2f, 0x3c, 0xba, 0xca, 0x04, 0x08, 0x10, 0x20, 0x40, 0x80, 0x00, 0x01,
  0x02, 0x04, 0x08, 0x10, 0x20, 0x40, 0x80, 0x00, 0x01, 0x02, 0x04, 0x08,
  0x10, 0x20, 0x40, 0x80, 0x00, 0x01, 0x02, 0x04, 0x08, 0x10, 0x20, 0x30,
  0x5e, 0xc0, 0x40, 0x3f, 0xde, 0x5c, 0x22, 0x01, 0x02, 0x04, 0x08, 0x10,
  0x20, 0x40, 0x80, 0x00, 0x01, 0x02, 0x04, 0x08, 0x10, 0x20, 0x40, 0x80,
  0x00, 0x01, 0x02, 0x04, 0x08, 0x10, 0x20, 0x40, 0x80, 0x00, 0x01, 0x02,
  0x04, 0x08, 0x14, 0x0a, 0x18, 0xe8, 0x0b, 0x8f, 0xae, 0x32, 0x01, 0x02,
  0x04, 0x08, 0x10, 0x20, 0x40, 0x80, 0x00, 0x01, 0x02, 0x04, 0x08, 0x10,
  0x20, 0x40, 0x80, 0x00, 0x01, 0x02, 0x04, 0x08, 0x10, 0x20, 0x40, 0x80,
  0x00, 0x01, 0x02, 0x04, 0x08, 0x8c, 0x17, 0x30, 0xd0, 0x8f, 0x37, 0x97,
  0x48, 0x80, 0x00, 0x01, 0x02, 0x04, 0x08, 0x10, 0x20, 0x40, 0x80, 0x00,
  0x01, 0x02, 0x04, 0x08, 0x10, 0x20, 0x40, 0x80, 0x00, 0x01, 0x02, 0x04,
  0x08, 0x10, 0x20, 0x40, 0x80, 0x00, 0x01, 0x02, 0x85, 0x02, 0x06, 0xfa,
  0xc2, 0xa3, 0xab, 0x4c, 0x80, 0x00, 0x01, 0x02, 0x04, 0x08, 0x10, 0x20,
  0x40, 0x80, 0x00, 0x01, 0x02, 0x04, 0x08, 0x10, 0x20, 0x40, 0x80, 0x00,
  0x01, 0x02, 0x04, 0x08, 0x10, 0x20, 0x40, 0x80, 0x00, 0x01, 0x02, 0xe3,
  0x05, 0x0c, 0xf4, 0xe3, 0xcd, 0x25, 0x12, 0x20, 0x40, 0x80, 0x00, 0x01,
  0x02, 0x04, 0x08, 0x10, 0x20, 0x40, 0x80, 0x00, 0x01, 0x02, 0x04, 0x08,
  0x10, 0x20, 0x40, 0x80, 0x00, 0x01, 0x02, 0x04, 0x08, 0x10, 0x20, 0x40,
  0x80, 0x40, 0xa1, 0x80, 0x81, 0xbe, 0xf0, 0xe8, 0x2a, 0x13, 0x20, 0x40,
  0x80, 0x00, 0x01, 0x02, 0x04, 0x08, 0x10, 0x20, 0x40, 0x80, 0x00, 0x01,
  0x02, 0x04, 0x08, 0x10, 0x20, 0x40, 0x80, 0x00, 0x01, 0x02, 0x04, 0x08,
  0x10, 0x20, 0x40, 0x80, 0xc0, 0x78, 0x01, 0x03, 0xfd, 0x78, 0x73, 0x89,
  0x04, 0x08, 0x10, 0x20, 0x40, 0x80, 0x00, 0x01, 0x02, 0x04, 0x08, 0x10,
  0x20, 0x40, 0x80, 0x00, 0x01, 0x02, 0x04, 0x08, 0x10, 0x20, 0x40, 0x80,
  0x00, 0x01, 0x02, 0x04, 0x08, 0x10, 0x20, 0x50, 0x28, 0x60, 0xa0, 0x2f,
  0x3c, 0xba, 0xca, 0x04, 0x08, 0x10, 0x20, 0x40, 0x80, 0x00, 0x01, 0x02,
  0x04, 0x08, 0x10, 0x20, 0x40, 0x80, 0x00, 0x01, 0x02, 0x04, 0x08, 0x10,
  0x20, 0x40, 0x80, 0x00, 0x01, 0x02, 0x04, 0x08, 0x10, 0x20, 0x30, 0x5e,
  0xc0, 0x40, 0x3f, 0xde, 0x5c, 0x22, 0x01, 0x02, 0x04, 0x08, 0x10, 0x20,
  0x40, 0x80, 0x00, 0x01, 0x02, 0x04, 0x08, 0x10, 0x20, 0x40, 0x80, 0x00,
  0x01, 0x02, 0x04, 0x08, 0x10, 0x20, 0x40, 0x80, 0x00, 0x01, 0x02, 0x04,
  0x08, 0x14, 0x0a, 0x18, 0xe8, 0x0b, 0x8f, 0xae, 0x32, 0x01, 0x02, 0x04,
  0x08, 0x10, 0x20, 0x40, 0x80, 0x00, 0x01, 0x02, 0x04, 0x08, 0x10, 0x20,
  0x40, 0x80, 0x00, 0x01, 0x02, 0x04, 0x08, 0x10, 0x20, 0x40, 0x80, 0x00,
  0x01, 0x02, 0x04, 0x08, 0x8c, 0x17, 0x30, 0xd0, 0x8f, 0x37, 0x97, 0x48,
  0x80, 0x00, 0x01, 0x02, 0x04, 0x08, 0x10, 0x20, 0x40, 0x80, 0x00, 0x01,
  0x02, 0x04, 0x08, 0x10, 0x20, 0x40, 0x80, 0x00, 0x01, 0x02, 0x04, 0x08,
  0x10, 0x20, 0x40, 0x80, 0x00, 0x01, 0x02, 0x85, 0x02, 0x06, 0xfa, 0xc2,
  0xa3, 0xab, 0x4c, 0x80, 0x00, 0x01, 0x02, 0x04, 0x08, 0x10, 0x20, 0x40,
  0x80, 0x00, 0x01, 0x02, 0x04, 0x08, 0x10, 0x20, 0x40, 0x80, 0x00, 0x01,
  0x02, 0x04, 0x08, 0x10, 0x20, 0x40, 0x80, 0x00, 0x01, 0x02, 0xe3, 0x05,
  0x0c, 0xf4, 0xe3, 0xcd, 0x25, 0x12, 0x20, 0x40, 0x80, 0x00, 0x01, 0x02,
  0x04, 0x08, 0x10, 0x20, 0x40, 0x80, 0x00, 0x01, 0x02, 0x04, 0x08, 0x10,
  0x20, 0x40, 0x80, 0x00, 0x01, 0x02, 0x04, 0x08, 0x10, 0x20, 0x40, 0x80,
  0x40, 0xa1, 0x80, 0x81, 0xbe, 0xf0, 0xe8, 0x2a, 0x13, 0x20, 0x40, 0x80,
  0x00, 0x01, 0x02, 0x04, 0x08, 0x10, 0x20, 0x40, 0x80, 0x00, 0x01, 0x02,
  0x04, 0x08, 0x10, 0x20, 0x40, 0x80, 0x00, 0x01, 0x02, 0x04, 0x08, 0x10,
  0x20, 0x40, 0x80, 0xc0, 0x78, 0x01, 0x03, 0xfd, 0x78, 0x73, 0x89, 0x04,
  0x08, 0x10, 0x20, 0x40, 0x80, 0x00, 0x01, 0x02, 0x04, 0x08, 0x10, 0x20,
  0x40, 0x80, 0x00, 0x01, 0x02, 0x04, 0x08, 0x10, 0x20, 0x40, 0x80, 0x00,
  0x01, 0x02, 0x04, 0x08, 0x10, 0x20, 0x50, 0x28, 0x60, 0xa0, 0x2f, 0x3c,
  0xba, 0xca, 0x04, 0x08, 0x10, 0x20, 0x40, 0x80, 0x00, 0x01, 0x02, 0x04,
  0x08, 0x10, 0x20, 0x40, 0x80, 0x00, 0x01, 0x02, 0x04, 0x08, 0x10, 0x20,
  0x40, 0x80, 0x00, 0x01, 0x02, 0x04, 0x08, 0x10, 0x20, 0x30, 0x5e, 0xc0,
  0x40, 0x3f, 0xde, 0x5c, 0x22, 0x01, 0x02, 0x04, 0x08, 0x10, 0x20, 0x40,
  0x80, 0x00, 0x01, 0x02, 0x04, 0x08, 0x10, 0x20, 0x40, 0x80, 0x00, 0x01,
  0x02, 0x04, 0x08, 0x10, 0x20, 0x40, 0x80, 0x00, 0x01, 0x02, 0x04, 0x08,
  0x14, 0x0a, 0x18, 0xe8, 0x0b, 0x8f, 0xae, 0x32, 0x01, 0x02, 0x04, 0x08,
  0x10, 0x20, 0x40, 0x80, 0x00, 0x01, 0x02, 0x04, 0x08, 0x10, 0x20, 0x40,
  0x80, 0x00, 0x01, 0x02, 0x04, 0x08, 0x10, 0x20, 0x40, 0x80, 0x00, 0x01,
  0x02, 0x04, 0x08, 0x8c, 0x17, 0x30, 0xd0, 0x8f, 0x37, 0x97, 0x48, 0x80,
  0x00, 0x01, 0x02, 0x04, 0x08, 0x10, 0x20, 0x40, 0x80, 0x00, 0x01, 0x02,
  0x04, 0x08, 0x10, 0x20, 0x40, 0x80, 0x00, 0x01, 0x02, 0x04, 0x08, 0x10,
  0x20, 0x40, 0x80, 0x00, 0x01, 0x02, 0x85, 0x02, 0x06, 0xfa, 0xc2, 0xa3,
  0xab, 0x4c, 0x80, 0x00, 0x01, 0x02, 0x04, 0x08, 0x10, 0x20, 0x40, 0x80,
  0x00, 0x01, 0x02, 0x04, 0x08, 0x10, 0x20, 0x40, 0x80, 0x00, 0x01, 0x02,
  0x04, 0x08, 0x10, 0x20, 0x40, 0x80, 0x00, 0x01, 0x02, 0xe3, 0x05, 0x0c,
  0xf4, 0xe3, 0xcd, 0x25, 0x12, 0x20, 0x40, 0x80, 0x00, 0x01, 0x02, 0x04,
  0x08, 0x10, 0x20, 0x40, 0x80, 0x00, 0x01, 0x02, 0x04, 0x08, 0x10, 0x20,
  0x40, 0x80, 0x00, 0x01, 0x02, 0x04, 0x08, 0x10, 0x20, 0x40, 0x80, 0x40,
  0xa1, 0x80, 0x81, 0xbe, 0xf0, 0xe8, 0x2a, 0x13, 0x20, 0x40, 0x80, 0x00,
  0x01, 0x02, 0x04, 0x08, 0x10, 0x20, 0x40, 0x80, 0x00, 0x01, 0x02, 0x04,
  0x08, 0x10, 0x20, 0x40, 0x80, 0x00, 0x01, 0x02, 0x04, 0x08, 0x10, 0x20,
  0x40, 0x80, 0xc0, 0x78, 0x01, 0x03, 0xfd, 0x78, 0x73, 0x89, 0x04, 0x08,
  0x10, 0x20, 0x40, 0x80, 0x00, 0x01, 0x02, 0x04, 0x08, 0x10, 0x20, 0x40,
  0x80, 0x00, 0x01, 0x02, 0x04, 0x08, 0x10, 0x20, 0x40, 0x80, 0x00, 0x01,
  0x02, 0x04, 0x08, 0x10, 0x20, 0x50, 0x28, 0x60, 0xa0, 0x2f, 0x3c, 0xba,
  0xca, 0x04, 0x08, 0x10, 0x20, 0x40, 0x80, 0x00, 0x01, 0x02, 0x04, 0x08,
  0x10, 0x20, 0x40, 0x80, 0x00, 0x01, 0x02, 0x04, 0x08, 0x10, 0x20, 0x40,
  0x80, 0x00, 0x01, 0x02, 0x04, 0x08, 0x10, 0x20, 0x30, 0x5e, 0xc0, 0x40,
  0x3f, 0xde, 0x5c, 0x22, 0x01, 0x02, 0x04, 0x08, 0x10, 0x20, 0x40, 0x80,
  0x00, 0x01, 0x02, 0x04, 0x08, 0x10, 0x20, 0x40, 0x80, 0x00, 0x01, 0x02,
  0x04, 0x08, 0x10, 0x20, 0x40, 0x80, 0x00, 0x01, 0x02, 0x04, 0x08, 0x14,
  0x0a, 0x6c, 0x9d, 0xee, 0xac, 0xa2, 0xb5, 0xb7, 0x4f, 0xd6, 0xb1, 0xfc,
  0xe6, 0xee, 0x1b, 0xf4, 0x64, 0xff, 0xe4, 0xdd, 0xd3, 0xdd, 0x37, 0xf9,
  0xc9, 0xfe, 0xc9, 0xbb, 0xeb, 0x9e, 0xfb, 0xbc, 0x4b, 0xbf, 0xf7, 0xc9,
  0x77, 0x3e, 0xf6, 0x87, 0x8c, 0xe0, 0x7a, 0x81, 0xfd, 0xd5, 0x5e, 0xd4,
  0xe0, 0x68, 0x7d, 0x1c, 0xcd, 0x4f, 0x86, 0xb3, 0xcf, 0xe9, 0x37, 0xbf,
  0x77, 0x39, 0xf5, 0x7c, 0xf2, 0x51, 0xf6, 0xff, 0xe2, 0x5c, 0xfa, 0xce,
  0x57, 0xbe, 0x90, 0x47, 0xf0, 0x04, 0x04, 0x8a, 0x04, 0x7e, 0xfa, 0xc3,
  0xc3, 0xa2, 0xb6, 0xaa, 0x3e, 0x29, 0x70, 0xeb, 0xc1, 0x5b, 0x40, 0x08,
  0x0c, 0x17, 0x78, 0xf7, 0x9d, 0xf7, 0x86, 0x67, 0x3e, 0x19, 0x98, 0xfc,
  0x3e, 0x23, 0xfd, 0x1d, 0x5e, 0x14, 0x5e, 0x38, 0x81, 0x42, 0x81, 0xf8,
  0xe7, 0x5d, 0xd0, 0x3c, 0xfd, 0x79, 0x97, 0xfc, 0xac, 0xdf, 0xb0, 0xff,
  0xf3, 0x37, 0xbf, 0x1d, 0xd3, 0x4f, 0x77, 0x6f, 0xbe, 0xbd, 0x9f, 0xa0,
  0x8f, 0xbd, 0xf6, 0x82, 0x09, 0x10, 0x20, 0x40, 0x80, 0x00, 0x01, 0x02,
  0x04, 0x08, 0x10, 0x20, 0x40, 0x80, 0x00, 0x01, 0x02, 0x04, 0x08, 0x10,
  0x20, 0x40, 0x80, 0x00, 0x01, 0x02, 0x04, 0x08, 0x10, 0x20, 0x40, 0xa0,
  0x49, 0xc0, 0x40, 0xdf, 0x74, 0x6d, 0x5d, 0x09, 0x10, 0x20, 0x40, 0x80,
  0x00, 0x01, 0x02, 0x04, 0x08, 0x10, 0x20, 0x40, 0x80, 0x00, 0x01, 0x02,
  0x04, 0x08, 0x10, 0x20, 0x40, 0x80, 0x00, 0x01, 0x02, 0x04, 0x08, 0x10,
  0x20, 0x40, 0x20, 0x26, 0x60, 0xa0, 0x8f, 0xd1, 0x0b, 0x26, 0x40, 0x80,
  0x00, 0x01, 0x02, 0x04, 0x08, 0x10, 0x20, 0x40, 0x80, 0x00, 0x01, 0x02,
  0x04, 0x08, 0x10, 0x20, 0x40, 0x80, 0x00, 0x01, 0x02, 0x04, 0x08, 0x10,
  0x20, 0x40, 0x80, 0x00, 0x81, 0x26, 0x01, 0x03, 0x7d, 0xd3, 0xb5, 0x75,
  0x25, 0x40, 0x80, 0x00, 0x01, 0x02, 0x04, 0x08, 0x10, 0x20, 0x40, 0x80,
  0x00, 0x01, 0x02, 0x04, 0x08, 0x10, 0x20, 0x40, 0x80, 0x00, 0x01, 0x02,
  0x04, 0x08, 0x10, 0x20, 0x40, 0x80, 0x00, 0x81, 0x98, 0x80, 0x81, 0x3e,
  0x46, 0x2f, 0x98, 0x00, 0x01, 0x02, 0x04, 0x08, 0x10, 0x20, 0x40, 0x80,
  0x00, 0x01, 0x02, 0x04, 0x08, 0x10, 0x20, 0x40, 0x80, 0x00, 0x01, 0x02,
  0x04, 0x08, 0x10, 0x20, 0x40, 0x80, 0x00, 0x01, 0x02, 0x04, 0x9a, 0x04,
  0x0c, 0xf4, 0x4d, 0xd7, 0xd6, 0x95, 0x00, 0x01, 0x02, 0x04, 0x08, 0x10,
  0x20, 0x40, 0x80, 0x00, 0x01, 0x02, 0x04, 0x08, 0x10, 0x20, 0x40, 0x80,
  0x00, 0x01, 0x02, 0x04, 0x08, 0x10, 0x20, 0x40, 0x80, 0x00, 0x01, 0x02,
  0x04, 0x62, 0x02, 0x06, 0xfa, 0x18, 0xbd, 0x60, 0x02, 0x04, 0x08, 0x10,
  0x20, 0x40, 0x80, 0x00, 0x01, 0x02, 0x04, 0x08, 0x10, 0x20, 0x40, 0x80,
  0x00, 0x01, 0x02, 0x04, 0x08, 0x10, 0x20, 0x40, 0x80, 0x00, 0x01, 0x02,
  0x04, 0x08, 0x10, 0x68, 0x12, 0x30, 0xd0, 0x37, 0x5d, 0x5b, 0x57, 0x02,
  0x04, 0x08, 0x10, 0x20, 0x40, 0x80, 0x00, 0x01, 0x02, 0x04, 0x08, 0x10,
  0x20, 0x40, 0x80, 0x00, 0x01, 0x02, 0x04, 0x08, 0x10, 0x20, 0x40, 0x80,
  0x00, 0x01, 0x02, 0x04, 0x08, 0x10, 0x88, 0x09, 0x18, 0xe8, 0x63, 0xf4,
  0x82, 0x09, 0x10, 0x20, 0x40, 0x80, 0x00, 0x01, 0x02, 0x04, 0x08, 0x10,
  0x20, 0x40, 0x80, 0x00, 0x01, 0x02, 0x04, 0x08, 0x10, 0x20, 0x40, 0x80,
  0x00, 0x01, 0x02, 0x04, 0x08, 0x10, 0x20, 0x40, 0xa0, 0x49, 0xc0, 0x40,
  0xdf, 0x74, 0x6d, 0x5d, 0x09, 0x10, 0x20, 0x40, 0x80, 0x00, 0x01, 0x02,
  0x04, 0x08, 0x10, 0x20, 0x40, 0x80, 0x00, 0x01, 0x02, 0x04, 0x08, 0x10,
  0x20, 0x40, 0x80, 0x00, 0x01, 0x02, 0x04, 0x08, 0x10, 0x20, 0x40, 0x20,
  0x26, 0x60, 0xa0, 0x8f, 0xd1, 0x0b, 0x26, 0x40, 0x80, 0x00, 0x01, 0x02,
  0x04, 0x08, 0x10, 0x20, 0x40, 0x80, 0x00, 0x01, 0x02, 0x04, 0x08, 0x10,
  0x20, 0x40, 0x80, 0x00, 0x01, 0x02, 0x04, 0x08, 0x10, 0x20, 0x40, 0x80,
  0x00, 0x81, 0x26, 0x01, 0x03, 0x7d, 0xd3, 0xb5, 0x75, 0x25, 0x40, 0x80,
  0x00, 0x01, 0x02, 0x04, 0x08, 0x10, 0x20, 0x40, 0x80, 0x00, 0x01, 0x02,
  0x04, 0x08, 0x10, 0x20, 0x40, 0x80, 0x00, 0x01, 0x02, 0x04, 0x08, 0x10,
  0x20, 0x40, 0x80, 0x00, 0x81, 0x98, 0x80, 0x81, 0x3e, 0x46, 0x2f, 0x98,
  0x00, 0x01, 0x02, 0x04, 0x08, 0x10, 0x20, 0x40, 0x80, 0x00, 0x01, 0x02,
  0x04, 0x08, 0x10, 0x20, 0x40, 0x80, 0x00, 0x01, 0x02, 0x04, 0x08, 0x10,
  0x20, 0x40, 0x80, 0x00, 0x01, 0x02, 0x04, 0x9a, 0x04, 0x0c, 0xf4, 0x4d,
  0xd7, 0xd6, 0x95, 0x00, 0x01, 0x02, 0x04, 0x08, 0x10, 0x20, 0x40, 0x80,
  0x00, 0x01, 0x02, 0x04, 0x08, 0x10, 0x20, 0x40, 0x80, 0x00, 0x01, 0x02,
  0x04, 0x08, 0x10, 0x20, 0x40, 0x80, 0x00, 0x01, 0x02, 0x04, 0x62, 0x02,
  0x06, 0xfa, 0x18, 0xbd, 0x60, 0x02, 0x04, 0x08, 0x10, 0x20, 0x40, 0x80,
  0x00, 0x01, 0x02, 0x04, 0x08, 0x10, 0x20, 0x40, 0x80, 0x00, 0x01, 0x02,
  0x04, 0x08, 0x10, 0x20, 0x40, 0x80, 0x00, 0x01, 0x02, 0x04, 0x08, 0x10,
  0x68, 0x12, 0x30, 0xd0, 0x37, 0x5d, 0x5b, 0x57, 0x02, 0x04, 0x08, 0x10,
  0x20, 0x40, 0x80, 0x00, 0x01, 0x02, 0x04, 0x08, 0x10, 0x20, 0x40, 0x80,
  0x00, 0x01, 0x02, 0x04, 0x08, 0x10, 0x20, 0x40, 0x80, 0x00, 0x01, 0x02,
  0x04, 0x08, 0x10, 0x88, 0x09, 0x18, 0xe8, 0x63, 0xf4, 0x82, 0x09, 0x10,
  0x20, 0x40, 0x80, 0x00, 0x01, 0x02, 0x04, 0x08, 0x10, 0x20, 0x40, 0x80,
  0x00, 0x01, 0x02, 0x04, 0x08, 0x10, 0x20, 0x40, 0x80, 0x00, 0x01, 0x02,
  0x04, 0x08, 0x10, 0x20, 0x40, 0xa0, 0x49, 0xc0, 0x40, 0xdf, 0x74, 0x6d,
  0x5d, 0x09, 0x10, 0x20, 0x40, 0x80, 0x00, 0x01, 0x02, 0x04, 0x08, 0x10,
  0x20, 0x40, 0x80, 0x00, 0x01, 0x02, 0x04, 0x08, 0x10, 0x20, 0x40, 0x80,
  0x00, 0x01, 0x02, 0x04, 0x08, 0x10, 0x20, 0x40, 0x20, 0x26, 0x60, 0xa0,
  0x8f, 0xd1, 0x0b, 0x26, 0x40, 0x80, 0x00, 0x01, 0x02, 0x04, 0x08, 0x10,
  0x20, 0x40, 0x80, 0x00, 0x01, 0x02, 0x04, 0x08, 0x10, 0x20, 0x40, 0x80,
  0x00, 0x01, 0x02, 0x04, 0x08, 0x10, 0x20, 0x40, 0x80, 0x00, 0x81, 0x26,
  0x01, 0x03, 0x7d, 0xd3, 0xb5, 0x75, 0x25, 0x40, 0x80, 0x00, 0x01, 0x02,
  0x04, 0x08, 0x10, 0x20, 0x40, 0x80, 0x00, 0x01, 0x02, 0x04, 0x08, 0x10,
  0x20, 0x40, 0x80, 0x00, 0x01, 0x02, 0x04, 0x08, 0x10, 0x20, 0x40, 0x80,
  0x00, 0x81, 0x98, 0x80, 0x81, 0x3e, 0x46, 0x2f, 0x98, 0x00, 0x01, 0x02,
  0x04, 0x08, 0x10, 0x20, 0x40, 0x80, 0x00, 0x01, 0x02, 0x04, 0x08, 0x10,
  0x20, 0x40, 0x80, 0x00, 0x01, 0x02, 0x04, 0x08, 0x10, 0x20, 0x40, 0x80,
  0x00, 0x01, 0x02, 0x04, 0x9a, 0x04, 0x0c, 0xf4, 0x4d, 0xd7, 0xd6, 0x95,
  0x00, 0x01, 0x02, 0x04, 0x08, 0x10, 0x20, 0x40, 0x80, 0x00, 0x01, 0x02,
  0x04, 0x08, 0x10, 0x20, 0x40, 0x80, 0x00, 0x01, 0x02, 0x04, 0x08, 0x10,
  0x20, 0x40, 0x80, 0x00, 0x01, 0x02, 0x04, 0x62, 0x02, 0x06, 0xfa, 0x18,
  0xbd, 0x60, 0x02, 0x04, 0x08, 0x10, 0x20, 0x40, 0x80, 0x00, 0x01, 0x02,
  0x04, 0x08, 0x10, 0x20, 0x40, 0x80, 0x00, 0x01, 0x02, 0x04, 0x08, 0x10,
  0x20, 0x40, 0x80, 0x00, 0x01, 0x02, 0x04, 0x08, 0x10, 0x68, 0x12, 0x30,
  0xd0, 0x37, 0x5d, 0x5b, 0x57, 0x02, 0x04, 0x08, 0x10, 0x20, 0x40, 0x80,
  0x00, 0x01, 0x02, 0x04, 0x08, 0x10, 0x20, 0x40, 0x80, 0x00, 0x01, 0x02,
  0x04, 0x08, 0x10, 0x20, 0x40, 0x80, 0x00, 0x01, 0x02, 0x04, 0x08, 0x10,
  0x88, 0x09, 0x18, 0xe8, 0x63, 0xf4, 0x82, 0x09, 0x10, 0x20, 0x40, 0x80,
  0x00, 0x01, 0x02, 0x04, 0x08, 0x10, 0x20, 0x40, 0x80, 0x00, 0x01, 0x02,
  0x04, 0x08, 0x10, 0x20, 0x40, 0x80, 0x00, 0x01, 0x02, 0x04, 0x08, 0x10,
  0x20, 0x40, 0xa0, 0x49, 0xc0, 0x40, 0xdf, 0x74, 0x6d, 0x5d, 0x09, 0x10,
  0x20, 0x40, 0x80, 0x00, 0x01, 0x02, 0x04, 0x08, 0x10, 0x20, 0x40, 0x80,
  0x00, 0x01, 0x02, 0x04, 0x08, 0x10, 0x20, 0x40, 0x80, 0x00, 0x01, 0x02,
  0x04, 0x08, 0x10, 0x20, 0x40, 0x20, 0x26, 0x60, 0xa0, 0x8f, 0xd1, 0x0b,
  0x26, 0x40, 0x80, 0x00, 0x01, 0x02, 0x04, 0x08, 0x10, 0x20, 0x40, 0x80,
  0x00, 0x01, 0x02, 0x04, 0x08, 0x10, 0x20, 0x40, 0x80, 0x00, 0x01, 0x02,
  0x04, 0x08, 0x10, 0x20, 0x40, 0x80, 0x00, 0x81, 0x26, 0x01, 0x03, 0x7d,
  0xd3, 0xb5, 0x75, 0x25, 0x40, 0x80, 0x00, 0x01, 0x02, 0x04, 0x08, 0x10,
  0x20, 0x40, 0x80, 0x00, 0x01, 0x02, 0x04, 0x08, 0x10, 0x20, 0x40, 0x80,
  0x00, 0x01, 0x02, 0x04, 0x08, 0x10, 0x20, 0x40, 0x80, 0x00, 0x81, 0x98,
  0x80, 0x81, 0x3e, 0x46, 0x2f, 0x98, 0x00, 0x01, 0x02, 0x04, 0x08, 0x10,
  0x20, 0x40, 0x80, 0x00, 0x01, 0x02, 0x04, 0x08, 0x10, 0x20, 0x40, 0x80,
  0x00, 0x01, 0x02, 0x04, 0x08, 0x10, 0x20, 0x40, 0x80, 0x00, 0x01, 0x02,
  0x04, 0x9a, 0x04, 0x0c, 0xf4, 0x4d, 0xd7, 0xd6, 0x95, 0x00, 0x01, 0x02,
  0x04, 0x08, 0x10, 0x20, 0x40, 0x80, 0x00, 0x01, 0x02, 0x04, 0x08, 0x10,
  0x20, 0x40, 0x80, 0x00, 0x01, 0x02, 0x04, 0x08, 0x10, 0x20, 0x40, 0x80,
  0x00, 0x01, 0x02, 0x04, 0x62, 0x02, 0x97, 0x77, 0x77, 0x9f, 0x3b, 0x8f,
  0xa5, 0x0b, 0x26, 0x40, 0x80, 0x00, 0x01, 0x02, 0x04, 0x2e, 0x54, 0xe0,
  0xe0, 0xe6, 0xdd, 0x0b, 0xfd, 0xf5, 0xfd, 0xe2, 0x1f, 0x2d, 0xb0, 0xbf,
  0xda, 0xc3, 0x53, 0x2a, 0x70, 0xb4, 0x3e, 0x2e, 0x6d, 0xae, 0x36, 0x01,
  0x02, 0x04, 0x08, 0x8c, 0x12, 0xf8, 0x97, 0xcf, 0xff, 0x7c, 0x54, 0x94,
  0x9c, 0xdf, 0x13, 0xb8, 0xf5, 0xe0, 0x2d, 0x26, 0x85, 0x02, 0x6f, 0x7c,
  0xfd, 0x9f, 0x0a, 0x5b, 0x7f, 0x58, 0xf9, 0x6f, 0xbf, 0xf9, 0xaf, 0xb5,
  0xdd, 0x15, 0xcf, 0x09, 0xb4, 0x7f, 0x97, 0x71, 0xf8, 0xe8, 0x5e, 0x0c,
  0xff, 0xb5, 0xd7, 0xdf, 0x8e, 0x65, 0xb7, 0x07, 0xdf, 0xbf, 0x73, 0xbd,
  0x9d, 0x40, 0x7f, 0x02, 0x55, 0x02, 0x7e, 0x82, 0xbe, 0xea, 0xdc, 0xca,
  0x12, 0x20, 0x40, 0x80, 0x00, 0x01, 0x02, 0x04, 0x08, 0x10, 0x20, 0x40,
  0x80, 0x00, 0x01, 0x02, 0x04, 0x08, 0x10, 0x20, 0x40, 0x80, 0x00, 0x01,
  0x02, 0x04, 0x08, 0x10, 0x20, 0x40, 0x80, 0x40, 0x4a, 0xc0, 0x40, 0x9f,
  0x92, 0x97, 0x4b, 0x80, 0x00, 0x01, 0x02, 0x04, 0x08, 0x10, 0x20, 0x40,
  0x80, 0x00, 0x01, 0x02, 0x04, 0x08, 0x10, 0x20, 0x40, 0x80, 0x00, 0x01,
  0x02, 0x04, 0x08, 0x10, 0x20, 0x40, 0x80, 0x00, 0x01, 0x02, 0x55, 0x02,
  0x06, 0xfa, 0xaa, 0x73, 0x2b, 0x4b, 0x80, 0x00, 0x01, 0x02, 0x04, 0x08,
  0x10, 0x20, 0x40, 0x80, 0x00, 0x01, 0x02, 0x04, 0x08, 0x10, 0x20, 0x40,
  0x80, 0x00, 0x01, 0x02, 0x04, 0x08, 0x10, 0x20, 0x40, 0x80, 0x00, 0x01,
  0x02, 0x29, 0x01, 0x03, 0x7d, 0x4a, 0x5e, 0x2e, 0x01, 0x02, 0x04, 0x08,
  0x10, 0x20, 0x40, 0x80, 0x00, 0x01, 0x02, 0x04, 0x08, 0x10, 0x20, 0x40,
  0x80, 0x00, 0x01, 0x02, 0x04, 0x08, 0x10, 0x20, 0x40, 0x80, 0x00, 0x01,
  0x02, 0x04, 0x08, 0x54, 0x09, 0x18, 0xe8, 0xab, 0xce, 0xad, 0x2c, 0x01,
  0x02, 0x04, 0x08, 0x10, 0x20, 0x40, 0x80, 0x00, 0x01, 0x02, 0x04, 0x08,
  0x10, 0x20, 0x40, 0x80, 0x00, 0x01, 0x02, 0x04, 0x08, 0x10, 0x20, 0x40,
  0x80, 0x00, 0x01, 0x02, 0x04, 0x08, 0xa4, 0x04, 0x0c, 0xf4, 0x29, 0x79,
  0xb9, 0x04, 0x08, 0x10, 0x20, 0x40, 0x80, 0x00, 0x01, 0x02, 0x04, 0x08,
  0x10, 0x20, 0x40, 0x80, 0x00, 0x01, 0x02, 0x04, 0x08, 0x10, 0x20, 0x40,
  0x80, 0x00, 0x01, 0x02, 0x04, 0x08, 0x10, 0x20, 0x50, 0x25, 0x60, 0xa0,
  0xaf, 0x3a, 0xb7, 0xb2, 0x04, 0x08, 0x10, 0x20, 0x40, 0x80, 0x00, 0x01,
  0x02, 0x04, 0x08, 0x10, 0x20, 0x40, 0x80, 0x00, 0x01, 0x02, 0x04, 0x08,
  0x10, 0x20, 0x40, 0x80, 0x00, 0x01, 0x02, 0x04, 0x08, 0x10, 0x20, 0x90,
  0x12, 0x30, 0xd0, 0xa7, 0xe4, 0xe5, 0x12, 0x20, 0x40, 0x80, 0x00, 0x01,
  0x02, 0x04, 0x08, 0x10, 0x20, 0x40, 0x80, 0x00, 0x01, 0x02, 0x04, 0x08,
  0x10, 0x20, 0x40, 0x80, 0x00, 0x01, 0x02, 0x04, 0x08, 0x10, 0x20, 0x40,
  0x80, 0x40, 0x95, 0x80, 0x81, 0xbe, 0xea, 0xdc, 0xca, 0x12, 0x20, 0x40,
  0x80, 0x00, 0x01, 0x02, 0x04, 0x08, 0x10, 0x20, 0x40, 0x80, 0x00, 0x01,
  0x02, 0x04, 0x08, 0x10, 0x20, 0x40, 0x80, 0x00, 0x01, 0x02, 0x04, 0x08,
  0x10, 0x20, 0x40, 0x80, 0x40, 0x4a, 0xc0, 0x40, 0x9f, 0x92, 0x97, 0x4b,
  0x80, 0x00, 0x01, 0x02, 0x04, 0x08, 0x10, 0x20, 0x40, 0x80, 0x00, 0x01,
  0x02, 0x04, 0x08, 0x10, 0x20, 0x40, 0x80, 0x00, 0x01, 0x02, 0x04, 0x08,
  0x10, 0x20, 0x40, 0x80, 0x00, 0x01, 0x02, 0x55, 0x02, 0x06, 0xfa, 0xaa,
  0x73, 0x2b, 0x4b, 0x80, 0x00, 0x01, 0x02, 0x04, 0x08, 0x10, 0x20, 0x40,
  0x80, 0x00, 0x01, 0x02, 0x04, 0x08, 0x10, 0x20, 0x40, 0x80, 0x00, 0x01,
  0x02, 0x04, 0x08, 0x10, 0x20, 0x40, 0x80, 0x00, 0x01, 0x02, 0x29, 0x01,
  0x03, 0x7d, 0x4a, 0x5e, 0x2e, 0x01, 0x02, 0x04, 0x08, 0x10, 0x20, 0x40,
  0x80, 0x00, 0x01, 0x02, 0x04, 0x08, 0x10, 0x20, 0x40, 0x80, 0x00, 0x01,
  0x02, 0x04, 0x08, 0x10, 0x20, 0x40, 0x80, 0x00, 0x01, 0x02, 0x04, 0x08,
  0x54, 0x09, 0x18, 0xe8, 0xab, 0xce, 0xad, 0x2c, 0x01, 0x02, 0x04, 0x08,
  0x10, 0x20, 0x40, 0x80, 0x00, 0x01, 0x02, 0x04, 0x08, 0x10, 0x20, 0x40,
  0x80, 0x00, 0x01, 0x02, 0x04, 0x08, 0x10, 0x20, 0x40, 0x80, 0x00, 0x01,
  0x02, 0x04, 0x08, 0xa4, 0x04, 0x0c, 0xf4, 0x29, 0x79, 0xb9, 0x04, 0x08,
  0x10, 0x20, 0x40, 0x80, 0x00, 0x01, 0x02, 0x04, 0x08, 0x10, 0x20, 0x40,
  0x80, 0x00, 0x01, 0x02, 0x04, 0x08, 0x10, 0x20, 0x40, 0x80, 0x00, 0x01,
  0x02, 0x04, 0x08, 0x10, 0x20, 0x50, 0x25, 0x60, 0xa0, 0xaf, 0x3a, 0xb7,
  0xb2, 0x04, 0x08, 0x10, 0x20, 0x40, 0x80, 0x00, 0x01, 0x02, 0x04, 0x08,
  0x10, 0x20, 0x40, 0x80, 0x00, 0x01, 0x02, 0x04, 0x08, 0x10, 0x20, 0x40,
  0x80, 0x00, 0x01, 0x02, 0x04, 0x08, 0x10, 0x20, 0x90, 0x12, 0x30, 0xd0,
  0xa7, 0xe4, 0xe5, 0x12, 0x20, 0x40, 0x80, 0x00, 0x01, 0x02, 0x04, 0x08,
  0x10, 0x20, 0x40, 0x80, 0x00, 0x01, 0x02, 0x04, 0x08, 0x10, 0x20, 0x40,
  0x80, 0x00, 0x01, 0x02, 0x04, 0x08, 0x10, 0x20, 0x40, 0x80, 0x40, 0x95,
  0x80, 0x81, 0xbe, 0xea, 0xdc, 0xca, 0x12, 0x20, 0x40, 0x80, 0x00, 0x01,
  0x02, 0x04, 0x08, 0x10, 0x20, 0x40, 0x80, 0x00, 0x01, 0x02, 0x04, 0x08,
  0x10, 0x20, 0x40, 0x80, 0x00, 0x01, 0x02, 0x04, 0x08, 0x10, 0x20, 0x40,
  0x80, 0x40, 0x4a, 0xc0, 0x40, 0x9f, 0x92, 0x97, 0x4b, 0x80, 0x00, 0x01,
  0x02, 0x04, 0x08, 0x10, 0x20, 0x40, 0x80, 0x00, 0x01, 0x02, 0x04, 0x08,
  0x10, 0x20, 0x40, 0x80, 0x00, 0x01, 0x02, 0x04, 0x08, 0x10, 0x20, 0x40,
  0x80, 0x00, 0x01, 0x02, 0x55, 0x02, 0x06, 0xfa, 0xaa, 0x73, 0x2b, 0x4b,
  0x80, 0x00, 0x01, 0x02, 0x04, 0x08, 0x10, 0x20, 0x40, 0x80, 0x00, 0x01,
  0x02, 0x04, 0x08, 0x10, 0x20, 0x40, 0x80, 0x00, 0x01, 0x02, 0x04, 0x08,
  0x10, 0x20, 0x40, 0x80, 0x00, 0x01, 0x02, 0x29, 0x01, 0x03, 0x7d, 0x4a,
  0x5e, 0x2e, 0x01, 0x02, 0x04, 0x08, 0x10, 0x20, 0x40, 0x80, 0x00, 0x01,
  0x02, 0x04, 0x08, 0x10, 0x20, 0x40, 0x80, 0x00, 0x01, 0x02, 0x04, 0x08,
  0x10, 0x20, 0x40, 0x80, 0x00, 0x01, 0x02, 0x04, 0x08, 0x54, 0x09, 0x18,
  0xe8, 0xab, 0xce, 0xad, 0x2c, 0x01, 0x02, 0x04, 0x08, 0x10, 0x20, 0x40,
  0x80, 0x00, 0x01, 0x02, 0x04, 0x08, 0x10, 0x20, 0x40, 0x80, 0x00, 0x01,
  0x02, 0x04, 0x08, 0x10, 0x20, 0x40, 0x80, 0x00, 0x01, 0x02, 0x04, 0x08,
  0xa4, 0x04, 0x0c, 0xf4, 0x29, 0x79, 0xb9, 0x04, 0x08, 0x10, 0x20, 0x40,
  0x80, 0x00, 0x01, 0x02, 0x04, 0x08, 0x10, 0x20, 0x40, 0x80, 0x00, 0x01,
  0x02, 0x04, 0x08, 0x10, 0x20, 0x40, 0x80, 0x00, 0x01, 0x02, 0x04, 0x08,
  0x10, 0x20, 0x50, 0x25, 0x60, 0xa0, 0xaf, 0x3a, 0xb7, 0xb2, 0x04, 0x08,
  0x10, 0x20, 0x40, 0x80, 0x00, 0x01, 0x02, 0x04, 0x08, 0x10, 0x20, 0x40,
  0x80, 0x00, 0x01, 0x02, 0x04, 0x08, 0x10, 0x20, 0x40, 0x80, 0x00, 0x01,
  0x02, 0x04, 0x08, 0x10, 0x20, 0x90, 0x12, 0x30, 0xd0, 0xa7, 0xe4, 0xe5,
  0x12, 0x20, 0x40, 0x80, 0x00, 0x01, 0x02, 0x04, 0x08, 0x10, 0x20, 0x40,
  0x80, 0x00, 0x01, 0x02, 0x04, 0x08, 0x10, 0x20, 0x40, 0x80, 0x00, 0x01,
  0x02, 0x04, 0x08, 0x10, 0x20, 0x40, 0x80, 0x40, 0x95, 0x80, 0x81, 0xbe,
  0xea, 0xdc, 0xca, 0x12, 0x20, 0x40, 0x80, 0x00, 0x01, 0x02, 0x04, 0x08,
  0x10, 0x20, 0x40, 0x80, 0x00, 0x01, 0x02, 0x04, 0x08, 0x10, 0x20, 0x40,
  0x80, 0x00, 0x01, 0x02, 0x04, 0x08, 0x10, 0x20, 0x40, 0x80, 0x40, 0x4a,
  0xc0, 0x40, 0x9f, 0x92, 0x97, 0x4b, 0x80, 0x00, 0x01, 0x02, 0x04, 0x08,
  0x10, 0x20, 0x40, 0x80, 0x00, 0x01, 0x02, 0x04, 0x08, 0x10, 0x20, 0x40,
  0x80, 0x00, 0x01, 0x02, 0x04, 0x08, 0x10, 0x20, 0x40, 0x80, 0x00, 0x01,
  0x02, 0x55, 0x02, 0x06, 0xfa, 0xaa, 0x73, 0x2b, 0x4b, 0x80, 0x00, 0x01,
  0x02, 0x04, 0x08, 0x10, 0x20, 0x40, 0x80, 0x00, 0x01, 0x02, 0x04, 0x08,
  0x10, 0x20, 0x40, 0x80, 0x00, 0x01, 0x02, 0x04, 0x08, 0x10, 0x20, 0x40,
  0x80, 0x00, 0x01, 0x02, 0x29, 0x01, 0x03, 0x7d, 0x4a, 0x5e, 0x2e, 0x01,
  0x02, 0x04, 0x08, 0x10, 0x20, 0x40, 0x80, 0x00, 0x01, 0x02, 0x04, 0x08,
  0x10, 0x20, 0x40, 0x80, 0x00, 0x01, 0x02, 0x04, 0x08, 0x10, 0x20, 0x40,
  0x80, 0x00, 0x01, 0x02, 0x04, 0x08, 0x54, 0x09, 0x18, 0xe8, 0xab, 0xce,
  0xad, 0x2c, 0x01, 0x02, 0x04, 0x08, 0x10, 0x20, 0x40, 0x80, 0x00, 0x01,
  0x02, 0x04, 0x08, 0x10, 0x20, 0x40, 0x80, 0x00, 0x01, 0x02, 0x04, 0x08,
  0x10, 0x20, 0x40, 0x80, 0x00, 0x01, 0x02, 0x04, 0x08, 0xa4, 0x04, 0x0c,
  0xf4, 0x29, 0x79, 0xb9, 0x04, 0x08, 0x10, 0x20, 0x40, 0x80, 0x00, 0x01,
  0x02, 0x04, 0x08, 0x10, 0x20, 0x40, 0x80, 0x00, 0x01, 0x02, 0x04, 0x08,
  0x10, 0x20, 0x40, 0x80, 0x00, 0x01, 0x02, 0x04, 0x08, 0x10, 0x20, 0x50,
  0x25, 0x60, 0xa0, 0xaf, 0x3a, 0xb7, 0xb2, 0x04, 0x08, 0x10, 0x20, 0x40,
  0x80, 0x00, 0x01, 0x02, 0x04, 0x08, 0x10, 0x20, 0x40, 0x80, 0x00, 0x01,
  0x02, 0x04, 0x08, 0x10, 0x20, 0x40, 0x80, 0x00, 0x01, 0x02, 0x04, 0x08,
  0x10, 0x20, 0x90, 0x12, 0xd8, 0x3a, 0xdd, 0x59, 0xa5, 0xb2, 0x7f, 0x9b,
  0xbb, 0x7d, 0xb2, 0x8e, 0xe5, 0x37, 0x77, 0xdf, 0xa0, 0x27, 0xfb, 0x27,
  0xef, 0x9e, 0xee, 0xee, 0xbd, 0xf7, 0x7b, 0x3e, 0xf5, 0xa1, 0xe7, 0xf7,
  0x7c, 0x4a, 0x3e, 0xfb, 0x67, 0x5d, 0xae, 0xb5, 0x64, 0x02, 0x04, 0x08,
  0x10, 0x20, 0x40, 0x80, 0x00, 0x81, 0x8b, 0x12, 0xb8, 0xf5, 0xe0, 0xad,
  0x8b, 0xfa, 0xa5, 0xfd, 0xba, 0x13, 0x16, 0x38, 0x3f, 0xfb, 0x55, 0xf4,
  0xe9, 0xde, 0x7c, 0xf5, 0x46, 0x34, 0x5f, 0x78, 0x46, 0xe0, 0xf0, 0xbf,
  0xde, 0xcf, 0x04, 0x4b, 0xad, 0x16, 0xf8, 0x9b, 0xbf, 0xfb, 0x5a, 0xb4,
  0x7f, 0xf3, 0x77, 0xd7, 0xf7, 0xef, 0x5c, 0x8f, 0xda, 0x1f, 0xdc, 0xbc,
  0x1b, 0xcd, 0xdf, 0x5f, 0xed, 0xc5, 0xf2, 0x93, 0xdf, 0xdd, 0xda, 0x2c,
  0x72, 0x9b, 0x45, 0x7a, 0xaf, 0x6a, 0xfe, 0xbc, 0x4b, 0xbf, 0xf7, 0x7e,
  0x82, 0x3e, 0xf6, 0x71, 0x2b, 0x98, 0x00, 0x01, 0x02, 0x04, 0x08, 0x10,
  0x20, 0x40, 0x80, 0x00, 0x01, 0x02, 0x04, 0x08, 0x10, 0x20, 0x40, 0x80,
  0x00, 0x01, 0x02, 0x04, 0x08, 0x10, 0x20, 0x40, 0x80, 0x00, 0x01, 0x02,
  0x04, 0x9a, 0x04, 0x0c, 0xf4, 0x4d, 0xd7, 0xd6, 0x95, 0x00, 0x01, 0x02,
  0x04, 0x08, 0x10, 0x20, 0x40, 0x80, 0x00, 0x01, 0x02, 0x04, 0x08, 0x10,
  0x20, 0x40, 0x80, 0x00, 0x01, 0x02, 0x04, 0x08, 0x10, 0x20, 0x40, 0x80,
  0x00, 0x01, 0x02, 0x04, 0x62, 0x02, 0x06, 0xfa, 0x18, 0xbd, 0x60, 0x02,
  0x04, 0x08, 0x10, 0x20, 0x40, 0x80, 0x00, 0x01, 0x02, 0x04, 0x08, 0x10,
  0x20, 0x40, 0x80, 0x00, 0x01, 0x02, 0x04, 0x08, 0x10, 0x20, 0x40, 0x80,
  0x00, 0x01, 0x02, 0x04, 0x08, 0x10, 0x68, 0x12, 0x30, 0xd0, 0x37, 0x5d,
  0x5b, 0x57, 0x02, 0x04, 0x08, 0x10, 0x20, 0x40, 0x80, 0x00, 0x01, 0x02,
  0x04, 0x08, 0x10, 0x20, 0x40, 0x80, 0x00, 0x01, 0x02, 0x04, 0x08, 0x10,
  0x20, 0x40, 0x80, 0x00, 0x01, 0x02, 0x04, 0x08, 0x10, 0x88, 0x09, 0x18,
  0xe8, 0x63, 0xf4, 0x82, 0x09, 0x10, 0x20, 0x40, 0x80, 0x00, 0x01, 0x02,
  0x04, 0x08, 0x10, 0x20, 0x40, 0x80, 0x00, 0x01, 0x02, 0x04, 0x08, 0x10,
  0x20, 0x40, 0x80, 0x00, 0x01, 0x02, 0x04, 0x08, 0x10, 0x20, 0x40, 0xa0,
  0x49, 0xc0, 0x40, 0xdf, 0x74, 0x6d, 0x5d, 0x09, 0x10, 0x20, 0x40, 0x80,
  0x00, 0x01, 0x02, 0x04, 0x08, 0x10, 0x20, 0x40, 0x80, 0x00, 0x01, 0x02,
  0x04, 0x08, 0x10, 0x20, 0x40, 0x80, 0x00, 0x01, 0x02, 0x04, 0x08, 0x10,
  0x20, 0x40, 0x20, 0x26, 0x60, 0xa0, 0x8f, 0xd1, 0x0b, 0x26, 0x40, 0x80,
  0x00, 0x01, 0x02, 0x04, 0x08, 0x10, 0x20, 0x40, 0x80, 0x00, 0x01, 0x02,
  0x04, 0x08, 0x10, 0x20, 0x40, 0x80, 0x00, 0x01, 0x02, 0x04, 0x08, 0x10,
  0x20, 0x40, 0x80, 0x00, 0x81, 0x26, 0x01, 0x03, 0x7d, 0xd3, 0xb5, 0x75,
  0x25, 0x40, 0x80, 0x00, 0x01, 0x02, 0x04, 0x08, 0x10, 0x20, 0x40, 0x80,
  0x00, 0x01, 0x02, 0x04, 0x08, 0x10, 0x20, 0x40, 0x80, 0x00, 0x01, 0x02,
  0x04, 0x08, 0x10, 0x20, 0x40, 0x80, 0x00, 0x81, 0x98, 0x80, 0x81, 0x3e,
  0x46, 0x2f, 0x98, 0x00, 0x01, 0x02, 0x04, 0x08, 0x10, 0x20, 0x40, 0x80,
  0x00, 0x01, 0x02, 0x04, 0x08, 0x10, 0x20, 0x40, 0x80, 0x00, 0x01, 0x02,
  0x04, 0x08, 0x10, 0x20, 0x40, 0x80, 0x00, 0x01, 0x02, 0x04, 0x9a, 0x04,
  0x0c, 0xf4, 0x4d, 0xd7, 0xd6, 0x95, 0x00, 0x01, 0x02, 0x04, 0x08, 0x10,
  0x20, 0x40, 0x80, 0x00, 0x01, 0x02, 0x04, 0x08, 0x10, 0x20, 0x40, 0x80,
  0x00, 0x01, 0x02, 0x04, 0x08, 0x10, 0x20, 0x40, 0x80, 0x00, 0x01, 0x02,
  0x04, 0x62, 0x02, 0x06, 0xfa, 0x18, 0xbd, 0x60, 0x02, 0x04, 0x08, 0x10,
  0x20, 0x40, 0x80, 0x00, 0x01, 0x02, 0x04, 0x08, 0x10, 0x20, 0x40, 0x80,
  0x00, 0x01, 0x02, 0x04, 0x08, 0x10, 0x20, 0x40, 0x80, 0x00, 0x01, 0x02,
  0x04, 0x08, 0x10, 0x68, 0x12, 0x30, 0xd0, 0x37, 0x5d, 0x5b, 0x57, 0x02,
  0x04, 0x08, 0x10, 0x20, 0x40, 0x80, 0x00, 0x01, 0x02, 0x04, 0x08, 0x10,
  0x20, 0x40, 0x80, 0x00, 0x01, 0x02, 0x04, 0x08, 0x10, 0x20, 0x40, 0x80,
  0x00, 0x01, 0x02, 0x04, 0x08, 0x10, 0x88, 0x09, 0x18, 0xe8, 0x63, 0xf4,
  0x82, 0x09, 0x10, 0x20, 0x40, 0x80, 0x00, 0x01, 0x02, 0x04, 0x08, 0x10,
  0x20, 0x40, 0x80, 0x00, 0x01, 0x02, 0x04, 0x08, 0x10, 0x20, 0x40, 0x80,
  0x00, 0x01, 0x02, 0x04, 0x08, 0x10, 0x20, 0x40, 0xa0, 0x49, 0xc0, 0x40,
  0xdf, 0x74, 0x6d, 0x5d, 0x09, 0x10, 0x20, 0x40, 0x80, 0x00, 0x01, 0x02,
  0x04, 0x08, 0x10, 0x20, 0x40, 0x80, 0x00, 0x01, 0x02, 0x04, 0x08, 0x10,
  0x20, 0x40, 0x80, 0x00, 0x01, 0x02, 0x04, 0x08, 0x10, 0x20, 0x40, 0x20,
  0x26, 0x60, 0xa0, 0x8f, 0xd1, 0x0b, 0x26, 0x40, 0x80, 0x00, 0x01, 0x02,
  0x04, 0x08, 0x10, 0x20, 0x40, 0x80, 0x00, 0x01, 0x02, 0x04, 0x08, 0x10,
  0x20, 0x40, 0x80, 0x00, 0x01, 0x02, 0x04, 0x08, 0x10, 0x20, 0x40, 0x80,
  0x00, 0x81, 0x26, 0x01, 0x03, 0x7d, 0xd3, 0xb5, 0x75, 0x25, 0x40, 0x80,
  0x00, 0x01, 0x02, 0x04, 0x08, 0x10, 0x20, 0x40, 0x80, 0x00, 0x01, 0x02,
  0x04, 0x08, 0x10, 0x20, 0x40, 0x80, 0x00, 0x01, 0x02, 0x04, 0x08, 0x10,
  0x20, 0x40, 0x80, 0x00, 0x81, 0x98, 0x80, 0x81, 0x3e, 0x46, 0x2f, 0x98,
  0x00, 0x01, 0x02, 0x04, 0x08, 0x10, 0x20, 0x40, 0x80, 0x00, 0x01, 0x02,
  0x04, 0x08, 0x10, 0x20, 0x40, 0x80, 0x00, 0x01, 0x02, 0x04, 0x08, 0x10,
  0x20, 0x40, 0x80, 0x00, 0x01, 0x02, 0x04, 0x9a, 0x04, 0x0c, 0xf4, 0x4d,
  0xd7, 0xd6, 0x95, 0x00, 0x01, 0x02, 0x04, 0x08, 0x10, 0x20, 0x40, 0x80,
  0x00, 0x01, 0x02, 0x04, 0x08, 0x10, 0x20, 0x40, 0x80, 0x00, 0x01, 0x02,
  0x04, 0x08, 0x10, 0x20, 0x40, 0x80, 0x00, 0x01, 0x02, 0x04, 0x62, 0x02,
  0x06, 0xfa, 0x18, 0xbd, 0x60, 0x02, 0x04, 0x08, 0x10, 0x20, 0x40, 0x80,
  0x00, 0x01, 0x02, 0x04, 0x08, 0x10, 0x20, 0x40, 0x80, 0x00, 0x01, 0x02,
  0x04, 0x08, 0x10, 0x20, 0x40, 0x80, 0x00, 0x01, 0x02, 0x04, 0x08, 0x10,
  0x68, 0x12, 0x30, 0xd0, 0x37, 0x5d, 0x5b, 0x57, 0x02, 0x04, 0x08, 0x10,
  0x20, 0x40, 0x80, 0x00, 0x01, 0x02, 0x04, 0x08, 0x10, 0x20, 0x40, 0x80,
  0x00, 0x01, 0x02, 0x04, 0x08, 0x10, 0x20, 0x40, 0x80, 0x00, 0x01, 0x02,
  0x04, 0x08, 0x10, 0x88, 0x09, 0x18, 0xe8, 0x63, 0xf4, 0x82, 0x09, 0x10,
  0x20, 0x40, 0x80, 0x00, 0x01, 0x02, 0x04, 0x08, 0x10, 0x20, 0x40, 0x80,
  0x00, 0x01, 0x02, 0x04, 0x08, 0x10, 0x20, 0x40, 0x80, 0x00, 0x01, 0x02,
  0x04, 0x08, 0x10, 0x20, 0x40, 0xa0, 0x49, 0xc0, 0x40, 0xdf, 0x74, 0x6d,
  0x5d, 0x09, 0x10, 0x20, 0x40, 0x80, 0x00, 0x01, 0x02, 0x04, 0x08, 0x10,
  0x20, 0x40, 0x80, 0x00, 0x01, 0x02, 0x04, 0x08, 0x10, 0x20, 0x40, 0x80,
  0x00, 0x01, 0x02, 0x04, 0x08, 0x10, 0x20, 0x40, 0x20, 0x26, 0x60, 0xa0,
  0x8f, 0xd1, 0x0b, 0x26, 0x40, 0x80, 0x00, 0x01, 0x02, 0x04, 0x08, 0x10,
  0x20, 0x40, 0x80, 0x00, 0x01, 0x02, 0x04, 0x08, 0x10, 0x20, 0x40, 0x80,
  0x00, 0x01, 0x02, 0x04, 0x08, 0x10, 0x20, 0x40, 0x80, 0x00, 0x81, 0x26,
  0x01, 0x03, 0x7d, 0xd3, 0xb5, 0x75, 0x25, 0x40, 0x80, 0x00, 0x01, 0x02,
  0x04, 0x08, 0x10, 0x20, 0x40, 0x80, 0x00, 0x01, 0x02, 0x04, 0x08, 0x10,
  0x20, 0x40, 0x80, 0x00, 0x01, 0x02, 0x04, 0x08, 0x10, 0x20, 0x40, 0x80,
  0x00, 0x81, 0x98, 0x80, 0x81, 0x3e, 0x46, 0x2f, 0x98, 0x00, 0x01, 0x02,
  0x04, 0x08, 0x10, 0x20, 0x40, 0x80, 0x00, 0x01, 0x02, 0x04, 0x08, 0x10,
  0x20, 0x40, 0x80, 0x00, 0x01, 0x02, 0x04, 0x08, 0x10, 0x20, 0x40, 0x80,
  0x00, 0x01, 0x02, 0x04, 0x9a, 0x04, 0x0c, 0xf4, 0x4d, 0xd7, 0xd6, 0x95,
  0x00, 0x01, 0x02, 0x04, 0x08, 0x10, 0x20, 0x40, 0x80, 0x00, 0x01, 0x02,
  0x04, 0x08, 0x10, 0x20, 0x40, 0x80, 0x00, 0x01, 0x02, 0x04, 0x08, 0x10,
  0x20, 0x40, 0x80, 0x00, 0x01, 0x02, 0x04, 0x62, 0x02, 0x06, 0xfa, 0x18,
  0xbd, 0x60, 0x02, 0x04, 0x08, 0x10, 0x20, 0x40, 0x80, 0x00, 0x01, 0x02,
  0x04, 0x08, 0x10, 0x20, 0x40, 0x80, 0x00, 0x01, 0x02, 0x04, 0x08, 0x10,
  0x20, 0x40, 0x80, 0x00, 0x01, 0x02, 0x04, 0x08, 0x10, 0x68, 0x12, 0x30,
  0xd0, 0x37, 0x5d, 0x5b, 0x57, 0x02, 0x04, 0x08, 0x10, 0x20, 0x40, 0x80,
  0x00, 0x01, 0x02, 0x04, 0x08, 0x10, 0x20, 0x40, 0x80, 0x00, 0x01, 0x02,
  0x04, 0x08, 0x10, 0x20, 0x40, 0x80, 0x00, 0x01, 0x02, 0x04, 0x08, 0x10,
  0x88, 0x09, 0x18, 0xe8, 0x63, 0xf4, 0x82, 0x09, 0x10, 0x20, 0x40, 0x80,
  0x00, 0x01, 0x02, 0x04, 0x08, 0x10, 0x20, 0x40, 0x80, 0x00, 0x01, 0x02,
  0x04, 0x08, 0x10, 0x20, 0x40, 0x80, 0x00, 0x01, 0x02, 0x04, 0x08, 0x10,
  0x20, 0x40, 0xa0, 0x49, 0xc0, 0x40, 0xdf, 0x74, 0x6d, 0x5d, 0x09, 0x10,
  0x20, 0x40, 0x80, 0x00, 0x01, 0x02, 0x04, 0x08, 0x10, 0x20, 0x40, 0x80,
  0x00, 0x01, 0x02, 0x04, 0x08, 0x10, 0x20, 0x40, 0x80, 0x00, 0x01, 0x02,
  0x04, 0x08, 0x10, 0x20, 0x40, 0x20, 0x26, 0x70, 0x79, 0x77, 0xf7, 0xb9,
  0xf3, 0x58, 0xba, 0x60, 0x02, 0x04, 0x08, 0x10, 0x20, 0x40, 0x60, 0xd1,
  0x02, 0x07, 0x37, 0xef, 0x2e, 0xba, 0xdf, 0xff, 0x57, 0x6e, 0x7f, 0xb5,
  0x57, 0xdb, 0xfd, 0x68, 0x7d, 0x1c, 0xed, 0x9e, 0xb6, 0x4f, 0xf7, 0x4f,
  0xe2, 0x1f, 0x3e, 0xba, 0x97, 0x8c, 0x97, 0x1d, 0x12, 0x68, 0xfe, 0xac,
  0x0f, 0x91, 0x8b, 0x9d, 0x80, 0xc0, 0xb7, 0xbe, 0xf1, 0xe5, 0xe8, 0x53,
  0xdc, 0x78, 0xe9, 0xc5, 0x68, 0x7e, 0x73, 0xf8, 0x9b, 0xaf, 0xde, 0x68,
  0xae, 0x5f, 0xdb, 0xfd, 0xfc, 0xda, 0xed, 0xda, 0xee, 0x8a, 0xf7, 0x0a,
  0xf8, 0xb3, 0xa6, 0xf3, 0xf6, 0x9f, 0xf9, 0xec, 0xb3, 0xd1, 0xe2, 0x9f,
  0xf8, 0xdc, 0x3f, 0x46, 0xf3, 0x93, 0xdf, 0x27, 0xdc, 0xbf, 0x73, 0x3d,
  0xda, 0x5d, 0x38, 0x01, 0x02, 0x63, 0x05, 0xfc, 0x04, 0xfd, 0x58, 0x6f,
  0x69, 0x04, 0x08, 0x10, 0x20, 0x40, 0x80, 0x00, 0x01, 0x02, 0x04, 0x08,
  0x10, 0x20, 0x40, 0x80, 0x00, 0x01, 0x02, 0x04, 0x08, 0x10, 0x20, 0x40,
  0x80, 0x00, 0x01, 0x02, 0x04, 0x08, 0x10, 0x20, 0x50, 0x2a, 0x60, 0xa0,
  0x2f, 0x3d, 0xbc, 0xda, 0x04, 0x08, 0x10, 0x20, 0x40, 0x80, 0x00, 0x01,
  0x02, 0x04, 0x08, 0x10, 0x20, 0x40, 0x80, 0x00, 0x01, 0x02, 0x04, 0x08,
  0x10, 0x20, 0x40, 0x80, 0x00, 0x01, 0x02, 0x04, 0x08, 0x10, 0x20, 0x30,
  0x56, 0xc0, 0x40, 0x3f, 0xd6, 0x5b, 0x1a, 0x01, 0x02, 0x04, 0x08, 0x10,
  0x20, 0x40, 0x80, 0x00, 0x01, 0x02, 0x04, 0x08, 0x10, 0x20, 0x40, 0x80,
  0x00, 0x01, 0x02, 0x04, 0x08, 0x10, 0x20, 0x40, 0x80, 0x00, 0x01, 0x02,
  0x04, 0x08, 0x94, 0x0a, 0x18, 0xe8, 0x4b, 0x0f, 0xaf, 0x36, 0x01, 0x02,
  0x04, 0x08, 0x10, 0x20, 0x40, 0x80, 0x00, 0x01, 0x02, 0x04, 0x08, 0x10,
  0x20, 0x40, 0x80, 0x00, 0x01, 0x02, 0x04, 0x08, 0x10, 0x20, 0x40, 0x80,
  0x00, 0x01, 0x02, 0x04, 0x08, 0x8c, 0x15, 0x30, 0xd0, 0x8f, 0xf5, 0x96,
  0x46, 0x80, 0x00, 0x01, 0x02, 0x04, 0x08, 0x10, 0x20, 0x40, 0x80, 0x00,
  0x01, 0x02, 0x04, 0x08, 0x10, 0x20, 0x40, 0x80, 0x00, 0x01, 0x02, 0x04,
  0x08, 0x10, 0x20, 0x40, 0x80, 0x00, 0x01, 0x02, 0xa5, 0x02, 0x06, 0xfa,
  0xd2, 0xc3, 0xab, 0x4d, 0x80, 0x00, 0x01, 0x02, 0x04, 0x08, 0x10, 0x20,
  0x40, 0x80, 0x00, 0x01, 0x02, 0x04, 0x08, 0x10, 0x20, 0x40, 0x80, 0x00,
  0x01, 0x02, 0x04, 0x08, 0x10, 0x20, 0x40, 0x80, 0x00, 0x01, 0x02, 0x63,
  0x05, 0x0c, 0xf4, 0x63, 0xbd, 0xa5, 0x11, 0x20, 0x40, 0x80, 0x00, 0x01,
  0x02, 0x04, 0x08, 0x10, 0x20, 0x40, 0x80, 0x00, 0x01, 0x02, 0x04, 0x08,
  0x10, 0x20, 0x40, 0x80, 0x00, 0x01, 0x02, 0x04, 0x08, 0x10, 0x20, 0x40,
  0x80, 0x40, 0xa9, 0x80, 0x81, 0xbe, 0xf4, 0xf0, 0x6a, 0x13, 0x20, 0x40,
  0x80, 0x00, 0x01, 0x02, 0x04, 0x08, 0x10, 0x20, 0x40, 0x80, 0x00, 0x01,
  0x02, 0x04, 0x08, 0x10, 0x20, 0x40, 0x80, 0x00, 0x01, 0x02, 0x04, 0x08,
  0x10, 0x20, 0x40, 0x80, 0xc0, 0x58, 0x01, 0x03, 0xfd, 0x58, 0x6f, 0x69,
  0x04, 0x08, 0x10, 0x20, 0x40, 0x80, 0x00, 0x01, 0x02, 0x04, 0x08, 0x10,
  0x20, 0x40, 0x80, 0x00, 0x01, 0x02, 0x04, 0x08, 0x10, 0x20, 0x40, 0x80,
  0x00, 0x01, 0x02, 0x04, 0x08, 0x10, 0x20, 0x50, 0x2a, 0x60, 0xa0, 0x2f,
  0x3d, 0xbc, 0xda, 0x04, 0x08, 0x10, 0x20, 0x40, 0x80, 0x00, 0x01, 0x02,
  0x04, 0x08, 0x10, 0x20, 0x40, 0x80, 0x00, 0x01, 0x02, 0x04, 0x08, 0x10,
  0x20, 0x40, 0x80, 0x00, 0x01, 0x02, 0x04, 0x08, 0x10, 0x20, 0x30, 0x56,
  0xc0, 0x40, 0x3f, 0xd6, 0x5b, 0x1a, 0x01, 0x02, 0x04, 0x08, 0x10, 0x20,
  0x40, 0x80, 0x00, 0x01, 0x02, 0x04, 0x08, 0x10, 0x20, 0x40, 0x80, 0x00,
  0x01, 0x02, 0x04, 0x08, 0x10, 0x20, 0x40, 0x80, 0x00, 0x01, 0x02, 0x04,
  0x08, 0x94, 0x0a, 0x18, 0xe8, 0x4b, 0x0f, 0xaf, 0x36, 0x01, 0x02, 0x04,
  0x08, 0x10, 0x20, 0x40, 0x80, 0x00, 0x01, 0x02, 0x04, 0x08, 0x10, 0x20,
  0x40, 0x80, 0x00, 0x01, 0x02, 0x04, 0x08, 0x10, 0x20, 0x40, 0x80, 0x00,
  0x01, 0x02, 0x04, 0x08, 0x8c, 0x15, 0x30, 0xd0, 0x8f, 0xf5, 0x96, 0x46,
  0x80, 0x00, 0x01, 0x02, 0x04, 0x08, 0x10, 0x20, 0x40, 0x80, 0x00, 0x01,
  0x02, 0x04, 0x08, 0x10, 0x20, 0x40, 0x80, 0x00, 0x01, 0x02, 0x04, 0x08,
  0x10, 0x20, 0x40, 0x80, 0x00, 0x01, 0x02, 0xa5, 0x02, 0x06, 0xfa, 0xd2,
  0xc3, 0xab, 0x4d, 0x80, 0x00, 0x01, 0x02, 0x04, 0x08, 0x10, 0x20, 0x40,
  0x80, 0x00, 0x01, 0x02, 0x04, 0x08, 0x10, 0x20, 0x40, 0x80, 0x00, 0x01,
  0x02, 0x04, 0x08, 0x10, 0x20, 0x40, 0x80, 0x00, 0x01, 0x02, 0x63, 0x05,
  0x0c, 0xf4, 0x63, 0xbd, 0xa5, 0x11, 0x20, 0x40, 0x80, 0x00, 0x01, 0x02,
  0x04, 0x08, 0x10, 0x20, 0x40, 0x80, 0x00, 0x01, 0x02, 0x04, 0x08, 0x10,
  0x20, 0x40, 0x80, 0x00, 0x01, 0x02, 0x04, 0x08, 0x10, 0x20, 0x40, 0x80,
  0x40, 0xa9, 0x80, 0x81, 0xbe, 0xf4, 0xf0, 0x6a, 0x13, 0x20, 0x40, 0x80,
  0x00, 0x01, 0x02, 0x04, 0x08, 0x10, 0x20, 0x40, 0x80, 0x00, 0x01, 0x02,
  0x04, 0x08, 0x10, 0x20, 0x40, 0x80, 0x00, 0x01, 0x02, 0x04, 0x08, 0x10,
  0x20, 0x40, 0x80, 0xc0, 0x58, 0x01, 0x03, 0xfd, 0x58, 0x6f, 0x69, 0x04,
  0x08, 0x10, 0x20, 0x40, 0x80, 0x00, 0x01, 0x02, 0x04, 0x08, 0x10, 0x20,
  0x40, 0x80, 0x00, 0x01, 0x02, 0x04, 0x08, 0x10, 0x20, 0x40, 0x80, 0x00,
  0x01, 0x02, 0x04, 0x08, 0x10, 0x20, 0x50, 0x2a, 0x60, 0xa0, 0x2f, 0x3d,
  0xbc, 0xda, 0x04, 0x08, 0x10, 0x20, 0x40, 0x80, 0x00, 0x01, 0x02, 0x04,
  0x08, 0x10, 0x20, 0x40, 0x80, 0x00, 0x01, 0x02, 0x04, 0x08, 0x10, 0x20,
  0x40, 0x80, 0x00, 0x01, 0x02, 0x04, 0x08, 0x10, 0x20, 0x30, 0x56, 0xc0,
  0x40, 0x3f, 0xd6, 0x5b, 0x1a, 0x01, 0x02, 0x04, 0x08, 0x10, 0x20, 0x40,
  0x80, 0x00, 0x01, 0x02, 0x04, 0x08, 0x10, 0x20, 0x40, 0x80, 0x00, 0x01,
  0x02, 0x04, 0x08, 0x10, 0x20, 0x40, 0x80, 0x00, 0x01, 0x02, 0x04, 0x08,
  0x94, 0x0a, 0x18, 0xe8, 0x4b, 0x0f, 0xaf, 0x36, 0x01, 0x02, 0x04, 0x08,
  0x10, 0x20, 0x40, 0x80, 0x00, 0x01, 0x02, 0x04, 0x08, 0x10, 0x20, 0x40,
  0x80, 0x00, 0x01, 0x02, 0x04, 0x08, 0x10, 0x20, 0x40, 0x80, 0x00, 0x01,
  0x02, 0x04, 0x08, 0x8c, 0x15, 0x30, 0xd0, 0x8f, 0xf5, 0x96, 0x46, 0x80,
  0x00, 0x01, 0x02, 0x04, 0x08, 0x10, 0x20, 0x40, 0x80, 0x00, 0x01, 0x02,
  0x04, 0x08, 0x10, 0x20, 0x40, 0x80, 0x00, 0x01, 0x02, 0x04, 0x08, 0x10,
  0x20, 0x40, 0x80, 0x00, 0x01, 0x02, 0xa5, 0x02, 0x06, 0xfa, 0xd2, 0xc3,
  0xab, 0x4d, 0x80, 0x00, 0x01, 0x02, 0x04, 0x08, 0x10, 0x20, 0x40, 0x80,
  0x00, 0x01, 0x02, 0x04, 0x08, 0x10, 0x20, 0x40, 0x80, 0x00, 0x01, 0x02,
  0x04, 0x08, 0x10, 0x20, 0x40, 0x80, 0x00, 0x01, 0x02, 0x63, 0x05, 0x0c,
  0xf4, 0x63, 0xbd, 0xa5, 0x11, 0x20, 0x40, 0x80, 0x00, 0x01, 0x02, 0x04,
  0x08, 0x10, 0x20, 0x40, 0x80, 0x00, 0x01, 0x02, 0x04, 0x08, 0x10, 0x20,
  0x40, 0x80, 0x00, 0x01, 0x02, 0x04, 0x08, 0x10, 0x20, 0x40, 0x80, 0x40,
  0xa9, 0x80, 0x81, 0xbe, 0xf4, 0xf0, 0x6a, 0x13, 0x20, 0x40, 0x80, 0x00,
  0x01, 0x02, 0x04, 0x08, 0x10, 0x20, 0x40, 0x80, 0x00, 0x01, 0x02, 0x04,
  0x08, 0x10, 0x20, 0x40, 0x80, 0x00, 0x01, 0x02, 0x04, 0x08, 0x10, 0x20,
  0x40, 0x80, 0xc0, 0x58, 0x01, 0x03, 0xfd, 0x58, 0x6f, 0x69, 0x04, 0x08,
  0x10, 0x20, 0x40, 0x80, 0x00, 0x01, 0x02, 0x04, 0x08, 0x10, 0x20, 0x40,
  0x80, 0x00, 0x01, 0x02, 0x04, 0x08, 0x10, 0x20, 0x40, 0x80, 0x00, 0x01,
  0x02, 0x04, 0x08, 0x10, 0x20, 0x50, 0x2a, 0x60, 0xa0, 0x2f, 0x3d, 0xbc,
  0xda, 0x04, 0x08, 0x10, 0x20, 0x40, 0x80, 0x00, 0x01, 0x02, 0x04, 0x08,
  0x10, 0x20, 0x40, 0x80, 0x00, 0x01, 0x02, 0x04, 0x08, 0x10, 0x20, 0x40,
  0x80, 0x00, 0x01, 0x02, 0x04, 0x08, 0x10, 0x20, 0x30, 0x56, 0xc0, 0x40,
  0x3f, 0xd6, 0x5b, 0x1a, 0x01, 0x02, 0x04, 0x08, 0x10, 0x20, 0x40, 0x80,
  0x00, 0x01, 0x02, 0x04, 0x08, 0x10, 0x20, 0x40, 0x80, 0x00, 0x01, 0x02,
  0x04, 0x08, 0x10, 0x20, 0x40, 0x80, 0x00, 0x01, 0x02, 0x04, 0x08, 0x94,
  0x0a, 0x18, 0xe8, 0x4b, 0x0f, 0xaf, 0x36, 0x01, 0x02, 0x04, 0x08, 0x10,
  0x20, 0x40, 0x80, 0x00, 0x01, 0x02, 0x04, 0x08, 0x10, 0x20, 0x40, 0x80,
  0x00, 0x01, 0x02, 0x04, 0x08, 0x10, 0x20, 0x40, 0x80, 0x00, 0x01, 0x02,
  0x04, 0x08, 0x8c, 0x15, 0x30, 0xd0, 0x8f, 0xf5, 0x96, 0x46, 0x80, 0x00,
  0x01, 0x02, 0x04, 0x08, 0x10, 0x20, 0x40, 0x80, 0x00, 0x01, 0x02, 0x04,
  0x08, 0x10, 0x20, 0x40, 0x80, 0x00, 0x01, 0x02, 0x04, 0x08, 0x10, 0x20,
  0x40, 0x80, 0x00, 0x01, 0x02, 0xa5, 0x02, 0x06, 0xfa, 0xd2, 0xc3, 0xab,
  0x4d, 0x80, 0x00, 0x01, 0x02, 0x04, 0x08, 0x10, 0x20, 0x40, 0x80, 0x00,
  0x01, 0x02, 0x04, 0x08, 0x10, 0x20, 0x40, 0x80, 0x00, 0x01, 0x02, 0x04,
  0x08, 0x10, 0x20, 0x40, 0x80, 0x00, 0x01, 0x02, 0x63, 0x05, 0x0c, 0xf4,
  0x63, 0xbd, 0xa5, 0x11, 0x20, 0x40, 0x80, 0x00, 0x01, 0x02, 0x04, 0x08,
  0x10, 0x20, 0x40, 0x80, 0x00, 0x01, 0x02, 0x04, 0x08, 0x10, 0x20, 0x40,
  0x80, 0x00, 0x01, 0x02, 0x04, 0x08, 0x10, 0x20, 0x40, 0x80, 0x40, 0xa9,
  0xc0, 0xd6, 0xe9, 0xce, 0x2a, 0x5a, 0x7d, 0xfb, 0x64, 0x1d, 0xcb, 0x6f,
  0xee, 0xbe, 0x41, 0x4f, 0xf6, 0x4f, 0xde, 0x3d, 0xdd, 0x7d, 0x93, 0x9f,
  0xec, 0x9f, 0xbc, 0xbb, 0xee, 0xb9, 0xcf, 0xbb, 0xf4, 0x7b, 0x9f, 0x7c,
  0xe7, 0xd3, 0xdd, 0xdb, 0xdf, 0xfb, 0xd8, 0x1f, 0xf2, 0x82, 0x09, 0x94,
  0x0a, 0xbc, 0xfb, 0xce, 0x7b, 0xd1, 0xe6, 0xdb, 0xc1, 0xf4, 0xe6, 0xff,
  0x8f, 0x93, 0xfe, 0xb3, 0xee, 0xf0, 0xd1, 0xbd, 0xe0, 0xe5, 0xb3, 0x7f,
  0xaf, 0xd9, 0x14, 0xff, 0xe2, 0x97, 0xae, 0xc6, 0xfa, 0x7f, 0xeb, 0x1b,
  0x5f, 0x8e, 0x65, 0x0b, 0xce, 0x0a, 0xbc, 0xf9, 0xea, 0x8d, 0xec, 0x03,
  0x48, 0xaf, 0x14, 0x38, 0xbf, 0x76, 0xbb, 0xb2, 0xb7, 0xd2, 0xdd, 0x02,
  0x37, 0x5e, 0x7a, 0xb1, 0x1b, 0x40, 0xfb, 0x3a, 0x81, 0xff, 0xfb, 0xdf,
  0x9f, 0x44, 0x3b, 0x7f, 0xe6, 0xd2, 0xbf, 0xc7, 0xf2, 0x3f, 0xec, 0xfe,
  0x4a, 0x2c, 0xbf, 0xf9, 0xef, 0xb4, 0xcd, 0xdd, 0xd3, 0x7f, 0x9f, 0xf7,
  0xbd, 0x7d, 0x6e, 0xb3, 0xf1, 0x13, 0xf4, 0xb1, 0x8f, 0x5b, 0xc1, 0x04,
  0x08, 0x10, 0x20, 0x40, 0x80, 0x00, 0x01, 0x02, 0x04, 0x08, 0x10, 0x20,
  0x40, 0x80, 0x00, 0x01, 0x02, 0x04, 0x08, 0x10, 0x20, 0x40, 0x80, 0x00,
  0x01, 0x02, 0x04, 0x08, 0x10, 0x20, 0xd0, 0x24, 0x60, 0xa0, 0x6f, 0xba,
  0xb6, 0xae, 0x04, 0x08, 0x10, 0x20, 0x40, 0x80, 0x00, 0x01, 0x02, 0x04,
  0x08, 0x10, 0x20, 0x40, 0x80, 0x00, 0x01, 0x02, 0x04, 0x08, 0x10, 0x20,
  0x40, 0x80, 0x00, 0x01, 0x02, 0x04, 0x08, 0x10, 0x20, 0x10, 0x13, 0x30,
  0xd0, 0xc7, 0xe8, 0x05, 0x13, 0x20, 0x40, 0x80, 0x00, 0x01, 0x02, 0x04,
  0x08, 0x10, 0x20, 0x40, 0x80, 0x00, 0x01, 0x02, 0x04, 0x08, 0x10, 0x20,
  0x40, 0x80, 0x00, 0x01, 0x02, 0x04, 0x08, 0x10, 0x20, 0x40, 0x80, 0x40,
  0x93, 0x80, 0x81, 0xbe, 0xe9, 0xda, 0xba, 0x12, 0x20, 0x40, 0x80, 0x00,
  0x01, 0x02, 0x04, 0x08, 0x10, 0x20, 0x40, 0x80, 0x00, 0x01, 0x02, 0x04,
  0x08, 0x10, 0x20, 0x40, 0x80, 0x00, 0x01, 0x02, 0x04, 0x08, 0x10, 0x20,
  0x40, 0x80, 0x40, 0x4c, 0xc0, 0x40, 0x1f, 0xa3, 0x17, 0x4c, 0x80, 0x00,
  0x01, 0x02, 0x04, 0x08, 0x10, 0x20, 0x40, 0x80, 0x00, 0x01, 0x02, 0x04,
  0x08, 0x10, 0x20, 0x40, 0x80, 0x00, 0x01, 0x02, 0x04, 0x08, 0x10, 0x20,
  0x40, 0x80, 0x00, 0x01, 0x02, 0x4d, 0x02, 0x06, 0xfa, 0xa6, 0x6b, 0xeb,
  0x4a, 0x80, 0x00, 0x01, 0x02, 0x04, 0x08, 0x10, 0x20, 0x40, 0x80, 0x00,
  0x01, 0x02, 0x04, 0x08, 0x10, 0x20, 0x40, 0x80, 0x00, 0x01, 0x02, 0x04,
  0x08, 0x10, 0x20, 0x40, 0x80, 0x00, 0x01, 0x02, 0x31, 0x01, 0x03, 0x7d,
  0x8c, 0x5e, 0x30, 0x01, 0x02, 0x04, 0x08, 0x10, 0x20, 0x40, 0x80, 0x00,
  0x01, 0x02, 0x04, 0x08, 0x10, 0x20, 0x40, 0x80, 0x00, 0x01, 0x02, 0x04,
  0x08, 0x10, 0x20, 0x40, 0x80, 0x00, 0x01, 0x02, 0x04, 0x08, 0x34, 0x09,
  0x18, 0xe8, 0x9b, 0xae, 0xad, 0x2b, 0x01, 0x02, 0x04, 0x08, 0x10, 0x20,
  0x40, 0x80, 0x00, 0x01, 0x02, 0x04, 0x08, 0x10, 0x20, 0x40, 0x80, 0x00,
  0x01, 0x02, 0x04, 0x08, 0x10, 0x20, 0x40, 0x80, 0x00, 0x01, 0x02, 0x04,
  0x08, 0xc4, 0x04, 0x0c, 0xf4, 0x31, 0x7a, 0xc1, 0x04, 0x08, 0x10, 0x20,
  0x40, 0x80, 0x00, 0x01, 0x02, 0x04, 0x08, 0x10, 0x20, 0x40, 0x80, 0x00,
  0x01, 0x02, 0x04, 0x08, 0x10, 0x20, 0x40, 0x80, 0x00, 0x01, 0x02, 0x04,
  0x08, 0x10, 0x20, 0xd0, 0x24, 0x60, 0xa0, 0x6f, 0xba, 0xb6, 0xae, 0x04,
  0x08, 0x10, 0x20, 0x40, 0x80, 0x00, 0x01, 0x02, 0x04, 0x08, 0x10, 0x20,
  0x40, 0x80, 0x00, 0x01, 0x02, 0x04, 0x08, 0x10, 0x20, 0x40, 0x80, 0x00,
  0x01, 0x02, 0x04, 0x08, 0x10, 0x20, 0x10, 0x13, 0x30, 0xd0, 0xc7, 0xe8,
  0x05, 0x13, 0x20, 0x40, 0x80, 0x00, 0x01, 0x02, 0x04, 0x08, 0x10, 0x20,
  0x40, 0x80, 0x00, 0x01, 0x02, 0x04, 0x08, 0x10, 0x20, 0x40, 0x80, 0x00,
  0x01, 0x02, 0x04, 0x08, 0x10, 0x20, 0x40, 0x80, 0x40, 0x93, 0x80, 0x81,
  0xbe, 0xe9, 0xda, 0xba, 0x12, 0x20, 0x40, 0x80, 0x00, 0x01, 0x02, 0x04,
  0x08, 0x10, 0x20, 0x40, 0x80, 0x00, 0x01, 0x02, 0x04, 0x08, 0x10, 0x20,
  0x40, 0x80, 0x00, 0x01, 0x02, 0x04, 0x08, 0x10, 0x20, 0x40, 0x80, 0x40,
  0x4c, 0xc0, 0x40, 0x1f, 0xa3, 0x17, 0x4c, 0x80, 0x00, 0x01, 0x02, 0x04,
  0x08, 0x10, 0x20, 0x40, 0x80, 0x00, 0x01, 0x02, 0x04, 0x08, 0x10, 0x20,
  0x40, 0x80, 0x00, 0x01, 0x02, 0x04, 0x08, 0x10, 0x20, 0x40, 0x80, 0x00,
  0x01, 0x02, 0x4d, 0x02, 0x06, 0xfa, 0xa6, 0x6b, 0xeb, 0x4a, 0x80, 0x00,
  0x01, 0x02, 0x04, 0x08, 0x10, 0x20, 0x40, 0x80, 0x00, 0x01, 0x02, 0x04,
  0x08, 0x10, 0x20, 0x40, 0x80, 0x00, 0x01, 0x02, 0x04, 0x08, 0x10, 0x20,
  0x40, 0x80, 0x00, 0x01, 0x02, 0x31, 0x01, 0x03, 0x7d, 0x8c, 0x5e, 0x30,
  0x01, 0x02, 0x04, 0x08, 0x10, 0x20, 0x40, 0x80, 0x00, 0x01, 0x02, 0x04,
  0x08, 0x10, 0x20, 0x40, 0x80, 0x00, 0x01, 0x02, 0x04, 0x08, 0x10, 0x20,
  0x40, 0x80, 0x00, 0x01, 0x02, 0x04, 0x08, 0x34, 0x09, 0x18, 0xe8, 0x9b,
  0xae, 0xad, 0x2b, 0x01, 0x02, 0x04, 0x08, 0x10, 0x20, 0x40, 0x80, 0x00,
  0x01, 0x02, 0x04, 0x08, 0x10, 0x20, 0x40, 0x80, 0x00, 0x01, 0x02, 0x04,
  0x08, 0x10, 0x20, 0x40, 0x80, 0x00, 0x01, 0x02, 0x04, 0x08, 0xc4, 0x04,
  0x0c, 0xf4, 0x31, 0x7a, 0xc1, 0x04, 0x08, 0x10, 0x20, 0x40, 0x80, 0x00,
  0x01, 0x02, 0x04, 0x08, 0x10, 0x20, 0x40, 0x80, 0x00, 0x01, 0x02, 0x04,
  0x08, 0x10, 0x20, 0x40, 0x80, 0x00, 0x01, 0x02, 0x04, 0x08, 0x10, 0x20,
  0xd0, 0x24, 0x60, 0xa0, 0x6f, 0xba, 0xb6, 0xae, 0x04, 0x08, 0x10, 0x20,
  0x40, 0x80, 0x00, 0x01, 0x02, 0x04, 0x08, 0x10, 0x20, 0x40, 0x80, 0x00,
  0x01, 0x02, 0x04, 0x08, 0x10, 0x20, 0x40, 0x80, 0x00, 0x01, 0x02, 0x04,
  0x08, 0x10, 0x20, 0x10, 0x13, 0x30, 0xd0, 0xc7, 0xe8, 0x05, 0x13, 0x20,
  0x40, 0x80, 0x00, 0x01, 0x02, 0x04, 0x08, 0x10, 0x20, 0x40, 0x80, 0x00,
  0x01, 0x02, 0x04, 0x08, 0x10, 0x20, 0x40, 0x80, 0x00, 0x01, 0x02, 0x04,
  0x08, 0x10, 0x20, 0x40, 0x80, 0x40, 0x93, 0x80, 0x81, 0xbe, 0xe9, 0xda,
  0xba, 0x12, 0x20, 0x40, 0x80, 0x00, 0x01, 0x02, 0x04, 0x08, 0x10, 0x20,
  0x40, 0x80, 0x00, 0x01, 0x02, 0x04, 0x08, 0x10, 0x20, 0x40, 0x80, 0x00,
  0x01, 0x02, 0x04, 0x08, 0x10, 0x20, 0x40, 0x80, 0x40, 0x4c, 0xc0, 0x40,
  0x1f, 0xa3, 0x17, 0x4c, 0x80, 0x00, 0x01, 0x02, 0x04, 0x08, 0x10, 0x20,
  0x40, 0x80, 0x00, 0x01, 0x02, 0x04, 0x08, 0x10, 0x20, 0x40, 0x80, 0x00,
  0x01, 0x02, 0x04, 0x08, 0x10, 0x20, 0x40, 0x80, 0x00, 0x01, 0x02, 0x4d,
  0x02, 0x06, 0xfa, 0xa6, 0x6b, 0xeb, 0x4a, 0x80, 0x00, 0x01, 0x02, 0x04,
  0x08, 0x10, 0x20, 0x40, 0x80, 0x00, 0x01, 0x02, 0x04, 0x08, 0x10, 0x20,
  0x40, 0x80, 0x00, 0x01, 0x02, 0x04, 0x08, 0x10, 0x20, 0x40, 0x80, 0x00,
  0x01, 0x02, 0x31, 0x01, 0x03, 0x7d, 0x8c, 0x5e, 0x30, 0x01, 0x02, 0x04,
  0x08, 0x10, 0x20, 0x40, 0x80, 0x00, 0x01, 0x02, 0x04, 0x08, 0x10, 0x20,
  0x40, 0x80, 0x00, 0x01, 0x02, 0x04, 0x08, 0x10, 0x20, 0x40, 0x80, 0x00,
  0x01, 0x02, 0x04, 0x08, 0x34, 0x09, 0x18, 0xe8, 0x9b, 0xae, 0xad, 0x2b,
  0x01, 0x02, 0x04, 0x08, 0x10, 0x20, 0x40, 0x80, 0x00, 0x01, 0x02, 0x04,
  0x08, 0x10, 0x20, 0x40, 0x80, 0x00, 0x01, 0x02, 0x04, 0x08, 0x10, 0x20,
  0x40, 0x80, 0x00, 0x01, 0x02, 0x04, 0x08, 0xc4, 0x04, 0x0c, 0xf4, 0x31,
  0x7a, 0xc1, 0x04, 0x08, 0x10, 0x20, 0x40, 0x80, 0x00, 0x01, 0x02, 0x04,
  0x08, 0x10, 0x20, 0x40, 0x80, 0x00, 0x01, 0x02, 0x04, 0x08, 0x10, 0x20,
  0x40, 0x80, 0x00, 0x01, 0x02, 0x04, 0x08, 0x10, 0x20, 0xd0, 0x24, 0x60,
  0xa0, 0x6f, 0xba, 0xb6, 0xae, 0x04, 0x08, 0x10, 0x20, 0x40, 0x80, 0x00,
  0x01, 0x02, 0x04, 0x08, 0x10, 0x20, 0x40, 0x80, 0x00, 0x01, 0x02, 0x04,
  0x08, 0x10, 0x20, 0x40, 0x80, 0x00, 0x01, 0x02, 0x04, 0x08, 0x10, 0x20,
  0x10, 0x13, 0x30, 0xd0, 0xc7, 0xe8, 0x05, 0x13, 0x20, 0x40, 0x80, 0x00,
  0x01, 0x02, 0x04, 0x08, 0x10, 0x20, 0x40, 0x80, 0x00, 0x01, 0x02, 0x04,
  0x08, 0x10, 0x20, 0x40, 0x80, 0x00, 0x01, 0x02, 0x04, 0x08, 0x10, 0x20,
  0x40, 0x80, 0x40, 0x93, 0x80, 0x81, 0xbe, 0xe9, 0xda, 0xba, 0x07, 0xdb,
  0x37, 0x8c, 0x00, 0x00, 0x20, 0x00, 0x49, 0x44, 0x41, 0x54, 0x12, 0x20,
  0x40, 0x80, 0x00, 0x01, 0x02, 0x04, 0x08, 0x10, 0x20, 0x40, 0x80, 0x00,
  0x01, 0x02, 0x04, 0x08, 0x10, 0x20, 0x40, 0x80, 0x00, 0x01, 0x02, 0x04,
  0x08, 0x10, 0x20, 0x40, 0x80, 0x40, 0x4c, 0xc0, 0x40, 0x1f, 0xa3, 0x17,
  0x4c, 0x80, 0x00, 0x01, 0x02, 0x04, 0x08, 0x10, 0x20, 0x40, 0x80, 0x00,
  0x01, 0x02, 0x04, 0x08, 0x10, 0x20, 0x40, 0x80, 0x00, 0x01, 0x02, 0x04,
  0x08, 0x10, 0x20, 0x40, 0x80, 0x00, 0x01, 0x02, 0x4d, 0x02, 0x06, 0xfa,
  0xa6, 0x6b, 0xeb, 0x4a, 0x80, 0x00, 0x01, 0x02, 0x04, 0x08, 0x10, 0x20,
  0x40, 0x80, 0x00, 0x01, 0x02, 0x04, 0x08, 0x10, 0x20, 0x40, 0x80, 0x00,
  0x01, 0x02, 0x04, 0x08, 0x10, 0x20, 0x40, 0x80, 0x00, 0x01, 0x02, 0x31,
  0x01, 0x03, 0x7d, 0x8c, 0x5e, 0x30, 0x01, 0x02, 0x04, 0x08, 0x10, 0x20,
  0x40, 0x80, 0x00, 0x01, 0x02, 0x04, 0x08, 0x10, 0x20, 0x40, 0x80, 0x00,
  0x01, 0x02, 0x04, 0x08, 0x10, 0x20, 0x40, 0x80, 0x00, 0x01, 0x02, 0x04,
  0x08, 0x34, 0x09, 0x5c, 0xde, 0xdd, 0x7d, 0xee, 0xbc, 0xa9, 0xb0, 0xae,
  0x04, 0x08, 0x10, 0x20, 0x40, 0x80, 0x00, 0x81, 0x06, 0x81, 0x83, 0x9b,
  0x77, 0x1b, 0x6a, 0xfe, 0xd1, 0x8e, 0xfb, 0xab, 0xbd, 0x68, 0xf7, 0xfb,
  0x77, 0xae, 0x47, 0xf3, 0x85, 0x77, 0x0a, 0x3c, 0xfb, 0xcc, 0xa7, 0x3b,
  0x8b, 0x4f, 0xa0, 0xf5, 0x1b, 0xdf, 0xfd, 0xde, 0x04, 0x9e, 0xc2, 0x23,
  0xb4, 0x09, 0x5c, 0xfe, 0x8f, 0x7f, 0x6b, 0xab, 0x3c, 0x99, 0xbe, 0xe7,
  0xd7, 0x6e, 0x4f, 0xe6, 0x59, 0x3c, 0x08, 0x01, 0x02, 0x17, 0x2f, 0x70,
  0xe3, 0xa5, 0x17, 0x2f, 0x3e, 0x44, 0x02, 0x01, 0x02, 0x93, 0x11, 0xb8,
  0xf2, 0xf7, 0xaf, 0xc4, 0x9e, 0xc5, 0x77, 0x19, 0x31, 0x7a, 0xc1, 0x04,
  0x22, 0x02, 0x7e, 0x82, 0x3e, 0xc2, 0x2e, 0x94, 0x00, 0x01, 0x02, 0x04,
  0x08, 0x10, 0x20, 0x40, 0x80, 0x00, 0x01, 0x02, 0x04, 0x08, 0x10, 0x20,
  0x40, 0x80, 0x00, 0x01, 0x02, 0x04, 0x08, 0x10, 0x20, 0x40, 0x80, 0x00,
  0x01, 0x02, 0x04, 0xda, 0x04, 0x0c, 0xf4, 0x6d, 0x17, 0xd7, 0x97, 0x00,
  0x01, 0x02, 0x04, 0x08, 0x10, 0x20, 0x40, 0x80, 0x00, 0x01, 0x02, 0x04,
  0x08, 0x10, 0x20, 0x40, 0x80, 0x00, 0x01, 0x02, 0x04, 0x08, 0x10, 0x20,
  0x40, 0x80, 0x00, 0x01, 0x02, 0x04, 0x22, 0x02, 0x06, 0xfa, 0x08, 0xbb,
  0x50, 0x02, 0x04, 0x08, 0x10, 0x20, 0x40, 0x80, 0x00, 0x01, 0x02, 0x04,
  0x08, 0x10, 0x20, 0x40, 0x80, 0x00, 0x01, 0x02, 0x04, 0x08, 0x10, 0x20,
  0x40, 0x80, 0x00, 0x01, 0x02, 0x04, 0x08, 0x10, 0x68, 0x13, 0x30, 0xd0,
  0xb7, 0x5d, 0x5c, 0x5f, 0x02, 0x04, 0x08, 0x10, 0x20, 0x40, 0x80, 0x00,
  0x01, 0x02, 0x04, 0x08, 0x10, 0x20, 0x40, 0x80, 0x00, 0x01, 0x02, 0x04,
  0x08, 0x10, 0x20, 0x40, 0x80, 0x00, 0x01, 0x02, 0x04, 0x08, 0x10, 0x88,
  0x08, 0x18, 0xe8, 0x23, 0xec, 0x42, 0x09, 0x10, 0x20, 0x40, 0x80, 0x00,
  0x01, 0x02, 0x04, 0x08, 0x10, 0x20, 0x40, 0x80, 0x00, 0x01, 0x02, 0x04,
  0x08, 0x10, 0x20, 0x40, 0x80, 0x00, 0x01, 0x02, 0x04, 0x08, 0x10, 0x20,
  0x40, 0xa0, 0x4d, 0xc0, 0x40, 0xdf, 0x76, 0x71, 0x7d, 0x09, 0x10, 0x20,
  0x40, 0x80, 0x00, 0x01, 0x02, 0x04, 0x08, 0x10, 0x20, 0x40, 0x80, 0x00,
  0x01, 0x02, 0x04, 0x08, 0x10, 0x20, 0x40, 0x80, 0x00, 0x01, 0x02, 0x04,
  0x08, 0x10, 0x20, 0x40, 0x20, 0x22, 0x60, 0xa0, 0x8f, 0xb0, 0x0b, 0x25,
  0x40, 0x80, 0x00, 0x01, 0x02, 0x04, 0x08, 0x10, 0x20, 0x40, 0x80, 0x00,
  0x01, 0x02, 0x04, 0x08, 0x10, 0x20, 0x40, 0x80, 0x00, 0x01, 0x02, 0x04,
  0x08, 0x10, 0x20, 0x40, 0x80, 0x00, 0x81, 0x36, 0x01, 0x03, 0x7d, 0xdb,
  0xc5, 0xf5, 0x25, 0x40, 0x80, 0x00, 0x01, 0x02, 0x04, 0x08, 0x10, 0x20,
  0x40, 0x80, 0x00, 0x01, 0x02, 0x04, 0x08, 0x10, 0x20, 0x40, 0x80, 0x00,
  0x01, 0x02, 0x04, 0x08, 0x10, 0x20, 0x40, 0x80, 0x00, 0x81, 0x88, 0x80,
  0x81, 0x3e, 0xc2, 0x2e, 0x94, 0x00, 0x01, 0x02, 0x04, 0x08, 0x10, 0x20,
  0x40, 0x80, 0x00, 0x01, 0x02, 0x04, 0x08, 0x10, 0x20, 0x40, 0x80, 0x00,
  0x01, 0x02, 0x04, 0x08, 0x10, 0x20, 0x40, 0x80, 0x00, 0x01, 0x02, 0x04,
  0xda, 0x04, 0x0c, 0xf4, 0x6d, 0x17, 0xd7, 0x97, 0x00, 0x01, 0x02, 0x04,
  0x08, 0x10, 0x20, 0x40, 0x80, 0x00, 0x01, 0x02, 0x04, 0x08, 0x10, 0x20,
  0x40, 0x80, 0x00, 0x01, 0x02, 0x04, 0x08, 0x10, 0x20, 0x40, 0x80, 0x00,
  0x01, 0x02, 0x04, 0x22, 0x02, 0x06, 0xfa, 0x08, 0xbb, 0x50, 0x02, 0x04,
  0x08, 0x10, 0x20, 0x40, 0x80, 0x00, 0x01, 0x02, 0x04, 0x08, 0x10, 0x20,
  0x40, 0x80, 0x00, 0x01, 0x02, 0x04, 0x08, 0x10, 0x20, 0x40, 0x80, 0x00,
  0x01, 0x02, 0x04, 0x08, 0x10, 0x68, 0x13, 0x30, 0xd0, 0xb7, 0x5d, 0x5c,
  0x5f, 0x02, 0x04, 0x08, 0x10, 0x20, 0x40, 0x80, 0x00, 0x01, 0x02, 0x04,
  0x08, 0x10, 0x20, 0x40, 0x80, 0x00, 0x01, 0x02, 0x04, 0x08, 0x10, 0x20,
  0x40, 0x80, 0x00, 0x01, 0x02, 0x04, 0x08, 0x10, 0x88, 0x08, 0x18, 0xe8,
  0x23, 0xec, 0x42, 0x09, 0x10, 0x20, 0x40, 0x80, 0x00, 0x01, 0x02, 0x04,
  0x08, 0x10, 0x20, 0x40, 0x80, 0x00, 0x01, 0x02, 0x04, 0x08, 0x10, 0x20,
  0x40, 0x80, 0x00, 0x01, 0x02, 0x04, 0x08, 0x10, 0x20, 0x40, 0xa0, 0x4d,
  0xc0, 0x40, 0xdf, 0x76, 0x71, 0x7d, 0x09, 0x10, 0x20, 0x40, 0x80, 0x00,
  0x01, 0x02, 0x04, 0x08, 0x10, 0x20, 0x40, 0x80, 0x00, 0x01, 0x02, 0x04,
  0x08, 0x10, 0x20, 0x40, 0x80, 0x00, 0x01, 0x02, 0x04, 0x08, 0x10, 0x20,
  0x40, 0x20, 0x22, 0x60, 0xa0, 0x8f, 0xb0, 0x0b, 0x25, 0x40, 0x80, 0x00,
  0x01, 0x02, 0x04, 0x08, 0x10, 0x20, 0x40, 0x80, 0x00, 0x01, 0x02, 0x04,
  0x08, 0x10, 0x20, 0x40, 0x80, 0x00, 0x01, 0x02, 0x04, 0x08, 0x10, 0x20,
  0x40, 0x80, 0x00, 0x81, 0x36, 0x01, 0x03, 0x7d, 0xdb, 0xc5, 0xf5, 0x25,
  0x40, 0x80, 0x00, 0x01, 0x02, 0x04, 0x08, 0x10, 0x20, 0x40, 0x80, 0x00,
  0x01, 0x02, 0x04, 0x08, 0x10, 0x20, 0x40, 0x80, 0x00, 0x01, 0x02, 0x04,
  0x08, 0x10, 0x20, 0x40, 0x80, 0x00, 0x81, 0x88, 0x80, 0x81, 0x3e, 0xc2,
  0x2e, 0x94, 0x00, 0x01, 0x02, 0x04, 0x08, 0x10, 0x20, 0x40, 0x80, 0x00,
  0x01, 0x02, 0x04, 0x08, 0x10, 0x20, 0x40, 0x80, 0x00, 0x01, 0x02, 0x04,
  0x08, 0x10, 0x20, 0x40, 0x80, 0x00, 0x01, 0x02, 0x04, 0xda, 0x04, 0x0c,
  0xf4, 0x6d, 0x17, 0xd7, 0x97, 0x00, 0x01, 0x02, 0x04, 0x08, 0x10, 0x20,
  0x40, 0x80, 0x00, 0x01, 0x02, 0x04, 0x08, 0x10, 0x20, 0x40, 0x80, 0x00,
  0x01, 0x02, 0x04, 0x08, 0x10, 0x20, 0x40, 0x80, 0x00, 0x01, 0x02, 0x04,
  0x22, 0x02, 0x06, 0xfa, 0x08, 0xbb, 0x50, 0x02, 0x04, 0x08, 0x10, 0x20,
  0x40, 0x80, 0x00, 0x01, 0x02, 0x04, 0x08, 0x10, 0x20, 0x40, 0x80, 0x00,
  0x01, 0x02, 0x04, 0x08, 0x10, 0x20, 0x40, 0x80, 0x00, 0x01, 0x02, 0x04,
  0x08, 0x10, 0x68, 0x13, 0x30, 0xd0, 0xb7, 0x5d, 0x5c, 0x5f, 0x02, 0x04,
  0x08, 0x10, 0x20, 0x40, 0x80, 0x00, 0x01, 0x02, 0x04, 0x08, 0x10, 0x20,
  0x40, 0x80, 0x00, 0x01, 0x02, 0x04, 0x08, 0x10, 0x20, 0x40, 0x80, 0x00,
  0x01, 0x02, 0x04, 0x08, 0x10, 0x88, 0x08, 0x18, 0xe8, 0x23, 0xec, 0x42,
  0x09, 0x10, 0x20, 0x40, 0x80, 0x00, 0x01, 0x02, 0x04, 0x08, 0x10, 0x20,
  0x40, 0x80, 0x00, 0x01, 0x02, 0x04, 0x08, 0x10, 0x20, 0x40, 0x80, 0x00,
  0x01, 0x02, 0x04, 0x08, 0x10, 0x20, 0x40, 0xa0, 0x4d, 0xc0, 0x40, 0xdf,
  0x76, 0x71, 0x7d, 0x09, 0x10, 0x20, 0x40, 0x80, 0x00, 0x01, 0x02, 0x04,
  0x08, 0x10, 0x20, 0x40, 0x80, 0x00, 0x01, 0x02, 0x04, 0x08, 0x10, 0x20,
  0x40, 0x80, 0x00, 0x01, 0x02, 0x04, 0x08, 0x10, 0x20, 0x40, 0x20, 0x22,
  0x60, 0xa0, 0x8f, 0xb0, 0x0b, 0x25, 0x40, 0x80, 0x00, 0x01, 0x02, 0x04,
  0x08, 0x10, 0x20, 0x40, 0x80, 0x00, 0x01, 0x02, 0x04, 0x08, 0x10, 0x20,
  0x40, 0x80, 0x00, 0x01, 0x02, 0x04, 0x08, 0x10, 0x20, 0x40, 0x80, 0x00,
  0x81, 0x36, 0x01, 0x03, 0x7d, 0xdb, 0xc5, 0xf5, 0x25, 0x40, 0x80, 0x00,
  0x01, 0x02, 0x04, 0x08, 0x10, 0x20, 0x40, 0x80, 0x00, 0x01, 0x02, 0x04,
  0x08, 0x10, 0x20, 0x40, 0x80, 0x00, 0x01, 0x02, 0x04, 0x08, 0x10, 0x20,
  0x40, 0x80, 0x00, 0x81, 0x88, 0x80, 0x81, 0x3e, 0xc2, 0x2e, 0x94, 0x00,
  0x01, 0x02, 0x04, 0x08, 0x10, 0x20, 0x40, 0x80, 0x00, 0x01, 0x02, 0x04,
  0x08, 0x10, 0x20, 0x40, 0x80, 0x00, 0x01, 0x02, 0x04, 0x08, 0x10, 0x20,
  0x40, 0x80, 0x00, 0x01, 0x02, 0x04, 0xda, 0x04, 0x0c, 0xf4, 0x6d, 0x17,
  0xd7, 0x97, 0x00, 0x01, 0x02, 0x04, 0x08, 0x10, 0x20, 0x40, 0x80, 0x00,
  0x01, 0x02, 0x04, 0x08, 0x10, 0x20, 0x40, 0x80, 0x00, 0x01, 0x02, 0x04,
  0x08, 0x10, 0x20, 0x40, 0x80, 0x00, 0x01, 0x02, 0x04, 0x22, 0x02, 0x06,
  0xfa, 0x08, 0xbb, 0x50, 0x02, 0x04, 0x08, 0x10, 0x20, 0x40, 0x80, 0x00,
  0x01, 0x02, 0x04, 0x08, 0x10, 0x20, 0x40, 0x80, 0x00, 0x01, 0x02, 0x04,
  0x08, 0x10, 0x20, 0x40, 0x80, 0x00, 0x01, 0x02, 0x04, 0x08, 0x10, 0x68,
  0x13, 0x30, 0xd0, 0xb7, 0x5d, 0x5c, 0x5f, 0x02, 0x04, 0x08, 0x10, 0x20,
  0x40, 0x80, 0x00, 0x01, 0x02, 0x04, 0x08, 0x10, 0x20, 0x40, 0x80, 0x00,
  0x01, 0x02, 0x04, 0x08, 0x10, 0x20, 0x40, 0x80, 0x00, 0x01, 0x02, 0x04,
  0x08, 0x10, 0x88, 0x08, 0x18, 0xe8, 0x23, 0xec, 0x42, 0x09, 0x10, 0x20,
  0x40, 0x80, 0x00, 0x01, 0x02, 0x04, 0x08, 0x10, 0x20, 0x40, 0x80, 0x00,
  0x01, 0x02, 0x04, 0x08, 0x10, 0x20, 0x40, 0x80, 0x00, 0x01, 0x02, 0x04,
  0x08, 0x10, 0x20, 0x40, 0xa0, 0x4d, 0xc0, 0x40, 0xdf, 0x76, 0x71, 0x7d,
  0x09, 0x10, 0x20, 0x40, 0x80, 0x00, 0x01, 0x02, 0x04, 0x08, 0x10, 0x20,
  0x40, 0x80, 0x00, 0x01, 0x02, 0x04, 0x08, 0x10, 0x20, 0x40, 0x80, 0x00,
  0x01, 0x02, 0x04, 0x08, 0x10, 0x20, 0x40, 0x20, 0x22, 0xb0, 0x15, 0x49,
  0x9d, 0x48, 0xe8, 0xe9, 0xce, 0x2a, 0xfa, 0x24, 0xdb, 0x27, 0xeb, 0x68,
  0x7e, 0x73, 0xb8, 0xdb, 0x77, 0x5e, 0xdf, 0xdd, 0x3b, 0xef, 0xbe, 0x69,
  0xed, 0xf6, 0x9d, 0xb7, 0x6f, 0xbf, 0xfb, 0xe1, 0xa3, 0x7b, 0xb1, 0xc3,
  0x1f, 0xdc, 0xbc, 0x1b, 0xcb, 0x16, 0xdc, 0x2b, 0x90, 0xfe, 0x3d, 0xff,
  0x97, 0x9f, 0xfa, 0x71, 0x2f, 0x7e, 0xb8, 0xf9, 0x1b, 0xdf, 0xfd, 0x5e,
  0xf8, 0x09, 0xc4, 0x13, 0xe8, 0x12, 0x38, 0xbf, 0x76, 0xbb, 0xab, 0xb0,
  0xb6, 0x04, 0x08, 0x44, 0x05, 0x6e, 0xbc, 0xf4, 0x62, 0x34, 0x5f, 0x38,
  0x01, 0x02, 0x04, 0x08, 0x5c, 0xbc, 0x40, 0xfa, 0xef, 0xf3, 0xb6, 0xba,
  0x8b, 0xbf, 0xf1, 0x47, 0x25, 0x34, 0xdf, 0xde, 0x4f, 0xd0, 0xe7, 0xde,
  0x3b, 0xc9, 0x04, 0x08, 0x10, 0x20, 0x40, 0x80, 0x00, 0x01, 0x02, 0x04,
  0x08, 0x10, 0x20, 0x40, 0x80, 0x00, 0x01, 0x02, 0x04, 0x08, 0x10, 0x20,
  0x40, 0x80, 0x00, 0x01, 0x02, 0x04, 0x08, 0x10, 0x20, 0x50, 0x24, 0x60,
  0xa0, 0x2f, 0x3a, 0xb6, 0xaa, 0x04, 0x08, 0x10, 0x20, 0x40, 0x80, 0x00,
  0x01, 0x02, 0x04, 0x08, 0x10, 0x20, 0x40, 0x80, 0x00, 0x01, 0x02, 0x04,
  0x08, 0x10, 0x20, 0x40, 0x80, 0x00, 0x01, 0x02, 0x04, 0x08, 0x10, 0x20,
  0x90, 0x13, 0x30, 0xd0, 0xe7, 0xec, 0x25, 0x13, 0x20, 0x40, 0x80, 0x00,
  0x01, 0x02, 0x04, 0x08, 0x10, 0x20, 0x40, 0x80, 0x00, 0x01, 0x02, 0x04,
  0x08, 0x10, 0x20, 0x40, 0x80, 0x00, 0x01, 0x02, 0x04, 0x08, 0x10, 0x20,
  0x40, 0x80, 0x40, 0x91, 0x80, 0x81, 0xbe, 0xe8, 0xd8, 0xaa, 0x12, 0x20,
  0x40, 0x80, 0x00, 0x01, 0x02, 0x04, 0x08, 0x10, 0x20, 0x40, 0x80, 0x00,
  0x01, 0x02, 0x04, 0x08, 0x10, 0x20, 0x40, 0x80, 0x00, 0x01, 0x02, 0x04,
  0x08, 0x10, 0x20, 0x40, 0x80, 0x40, 0x4e, 0xc0, 0x40, 0x9f, 0xb3, 0x97,
  0x4c, 0x80, 0x00, 0x01, 0x02, 0x04, 0x08, 0x10, 0x20, 0x40, 0x80, 0x00,
  0x01, 0x02, 0x04, 0x08, 0x10, 0x20, 0x40, 0x80, 0x00, 0x01, 0x02, 0x04,
  0x08, 0x10, 0x20, 0x40, 0x80, 0x00, 0x01, 0x02, 0x45, 0x02, 0x06, 0xfa,
  0xa2, 0x63, 0xab, 0x4a, 0x80, 0x00, 0x01, 0x02, 0x04, 0x08, 0x10, 0x20,
  0x40, 0x80, 0x00, 0x01, 0x02, 0x04, 0x08, 0x10, 0x20, 0x40, 0x80, 0x00,
  0x01, 0x02, 0x04, 0x08, 0x10, 0x20, 0x40, 0x80, 0x00, 0x01, 0x02, 0x39,
  0x01, 0x03, 0x7d, 0xce, 0x5e, 0x32, 0x01, 0x02, 0x04, 0x08, 0x10, 0x20,
  0x40, 0x80, 0x00, 0x01, 0x02, 0x04, 0x08, 0x10, 0x20, 0x40, 0x80, 0x00,
  0x01, 0x02, 0x04, 0x08, 0x10, 0x20, 0x40, 0x80, 0x00, 0x01, 0x02, 0x04,
  0x08, 0x14, 0x09, 0x18, 0xe8, 0x8b, 0x8e, 0xad, 0x2a, 0x01, 0x02, 0x04,
  0x08, 0x10, 0x20, 0x40, 0x80, 0x00, 0x01, 0x02, 0x04, 0x08, 0x10, 0x20,
  0x40, 0x80, 0x00, 0x01, 0x02, 0x04, 0x08, 0x10, 0x20, 0x40, 0x80, 0x00,
  0x01, 0x02, 0x04, 0x08, 0xe4, 0x04, 0x0c, 0xf4, 0x39, 0x7b, 0xc9, 0x04,
  0x08, 0x10, 0x20, 0x40, 0x80, 0x00, 0x01, 0x02, 0x04, 0x08, 0x10, 0x20,
  0x40, 0x80, 0x00, 0x01, 0x02, 0x04, 0x08, 0x10, 0x20, 0x40, 0x80, 0x00,
  0x01, 0x02, 0x04, 0x08, 0x10, 0x20, 0x50, 0x24, 0x60, 0xa0, 0x2f, 0x3a,
  0xb6, 0xaa, 0x04, 0x08, 0x10, 0x20, 0x40, 0x80, 0x00, 0x01, 0x02, 0x04,
  0x08, 0x10, 0x20, 0x40, 0x80, 0x00, 0x01, 0x02, 0x04, 0x08, 0x10, 0x20,
  0x40, 0x80, 0x00, 0x01, 0x02, 0x04, 0x08, 0x10, 0x20, 0x90, 0x13, 0x30,
  0xd0, 0xe7, 0xec, 0x25, 0x13, 0x20, 0x40, 0x80, 0x00, 0x01, 0x02, 0x04,
  0x08, 0x10, 0x20, 0x40, 0x80, 0x00, 0x01, 0x02, 0x04, 0x08, 0x10, 0x20,
  0x40, 0x80, 0x00, 0x01, 0x02, 0x04, 0x08, 0x10, 0x20, 0x40, 0x80, 0x40,
  0x91, 0x80, 0x81, 0xbe, 0xe8, 0xd8, 0xaa, 0x12, 0x20, 0x40, 0x80, 0x00,
  0x01, 0x02, 0x04, 0x08, 0x10, 0x20, 0x40, 0x80, 0x00, 0x01, 0x02, 0x04,
  0x08, 0x10, 0x20, 0x40, 0x80, 0x00, 0x01, 0x02, 0x04, 0x08, 0x10, 0x20,
  0x40, 0x80, 0x40, 0x4e, 0xc0, 0x40, 0x9f, 0xb3, 0x97, 0x4c, 0x80, 0x00,
  0x01, 0x02, 0x04, 0x08, 0x10, 0x20, 0x40, 0x80, 0x00, 0x01, 0x02, 0x04,
  0x08, 0x10, 0x20, 0x40, 0x80, 0x00, 0x01, 0x02, 0x04, 0x08, 0x10, 0x20,
  0x40, 0x80, 0x00, 0x01, 0x02, 0x45, 0x02, 0x06, 0xfa, 0xa2, 0x63, 0xab,
  0x4a, 0x80, 0x00, 0x01, 0x02, 0x04, 0x08, 0x10, 0x20, 0x40, 0x80, 0x00,
  0x01, 0x02, 0x04, 0x08, 0x10, 0x20, 0x40, 0x80, 0x00, 0x01, 0x02, 0x04,
  0x08, 0x10, 0x20, 0x40, 0x80, 0x00, 0x01, 0x02, 0x39, 0x01, 0x03, 0x7d,
  0xce, 0x5e, 0x32, 0x01, 0x02, 0x04, 0x08, 0x10, 0x20, 0x40, 0x80, 0x00,
  0x01, 0x02, 0x04, 0x08, 0x10, 0x20, 0x40, 0x80, 0x00, 0x01, 0x02, 0x04,
  0x08, 0x10, 0x20, 0x40, 0x80, 0x00, 0x01, 0x02, 0x04, 0x08, 0x14, 0x09,
  0x18, 0xe8, 0x8b, 0x8e, 0xad, 0x2a, 0x01, 0x02, 0x04, 0x08, 0x10, 0x20,
  0x40, 0x80, 0x00, 0x01, 0x02, 0x04, 0x08, 0x10, 0x20, 0x40, 0x80, 0x00,
  0x01, 0x02, 0x04, 0x08, 0x10, 0x20, 0x40, 0x80, 0x00, 0x01, 0x02, 0x04,
  0x08, 0xe4, 0x04, 0x0c, 0xf4, 0x39, 0x7b, 0xc9, 0x04, 0x08, 0x10, 0x20,
  0x40, 0x80, 0x00, 0x01, 0x02, 0x04, 0x08, 0x10, 0x20, 0x40, 0x80, 0x00,
  0x01, 0x02, 0x04, 0x08, 0x10, 0x20, 0x40, 0x80, 0x00, 0x01, 0x02, 0x04,
  0x08, 0x10, 0x20, 0x50, 0x24, 0x60, 0xa0, 0x2f, 0x3a, 0xb6, 0xaa, 0x04,
  0x08, 0x10, 0x20, 0x40, 0x80, 0x00, 0x01, 0x02, 0x04, 0x08, 0x10, 0x20,
  0x40, 0x80, 0x00, 0x01, 0x02, 0x04, 0x08, 0x10, 0x20, 0x40, 0x80, 0x00,
  0x01, 0x02, 0x04, 0x08, 0x10, 0x20, 0x90, 0x13, 0x30, 0xd0, 0xe7, 0xec,
  0x25, 0x13, 0x20, 0x40, 0x80, 0x00, 0x01, 0x02, 0x04, 0x08, 0x10, 0x20,
  0x40, 0x80, 0x00, 0x01, 0x02, 0x04, 0x08, 0x10, 0x20, 0x40, 0x80, 0x00,
  0x01, 0x02, 0x04, 0x08, 0x10, 0x20, 0x40, 0x80, 0x40, 0x91, 0x80, 0x81,
  0xbe, 0xe8, 0xd8, 0xaa, 0x12, 0x20, 0x40, 0x80, 0x00, 0x01, 0x02, 0x04,
  0x08, 0x10, 0x20, 0x40, 0x80, 0x00, 0x01, 0x02, 0x04, 0x08, 0x10, 0x20,
  0x40, 0x80, 0x00, 0x01, 0x02, 0x04, 0x08, 0x10, 0x20, 0x40, 0x80, 0x40,
  0x4e, 0xc0, 0x40, 0x9f, 0xb3, 0x97, 0x4c, 0x80, 0x00, 0x01, 0x02, 0x04,
  0x08, 0x10, 0x20, 0x40, 0x80, 0x00, 0x01, 0x02, 0x04, 0x08, 0x10, 0x20,
  0x40, 0x80, 0x00, 0x01, 0x02, 0x04, 0x08, 0x10, 0x20, 0x40, 0x80, 0x00,
  0x01, 0x02, 0x45, 0x02, 0x06, 0xfa, 0xa2, 0x63, 0xab, 0x4a, 0x80, 0x00,
  0x01, 0x02, 0x04, 0x08, 0x10, 0x20, 0x40, 0x80, 0x00, 0x01, 0x02, 0x04,
  0x08, 0x10, 0x20, 0x40, 0x80, 0x00, 0x01, 0x02, 0x04, 0x08, 0x10, 0x20,
  0x40, 0x80, 0x00, 0x01, 0x02, 0x39, 0x01, 0x03, 0x7d, 0xce, 0x5e, 0x32,
  0x01, 0x02, 0x04, 0x08, 0x10, 0x20, 0x40, 0x80, 0x00, 0x01, 0x02, 0x04,
  0x08, 0x10, 0x20, 0x40, 0x80, 0x00, 0x01, 0x02, 0x04, 0x08, 0x10, 0x20,
  0x40, 0x80, 0x00, 0x01, 0x02, 0x04, 0x08, 0x14, 0x09, 0x18, 0xe8, 0x8b,
  0x8e, 0xad, 0x2a, 0x01, 0x02, 0x04, 0x08, 0x10, 0x20, 0x40, 0x80, 0x00,
  0x01, 0x02, 0x04, 0x08, 0x10, 0x20, 0x40, 0x80, 0x00, 0x01, 0x02, 0x04,
  0x08, 0x10, 0x20, 0x40, 0x80, 0x00, 0x01, 0x02, 0x04, 0x08, 0xe4, 0x04,
  0x0c, 0xf4, 0x39, 0x7b, 0xc9, 0x04, 0x08, 0x10, 0x20, 0x40, 0x80, 0x00,
  0x01, 0x02, 0x04, 0x08, 0x10, 0x20, 0x40, 0x80, 0x00, 0x01, 0x02, 0x04,
  0x08, 0x10, 0x20, 0x40, 0x80, 0x00, 0x01, 0x02, 0x04, 0x08, 0x10, 0x20,
  0x50, 0x24, 0x60, 0xa0, 0x2f, 0x3a, 0xb6, 0xaa, 0x04, 0x08, 0x10, 0x20,
  0x40, 0x80, 0x00, 0x01, 0x02, 0x04, 0x08, 0x10, 0x20, 0x40, 0x80, 0x00,
  0x01, 0x02, 0x04, 0x08, 0x10, 0x20, 0x40, 0x80, 0x00, 0x01, 0x02, 0x04,
  0x08, 0x10, 0x20, 0x90, 0x13, 0x30, 0xd0, 0xe7, 0xec, 0x25, 0x13, 0x20,
  0x40, 0x80, 0x00, 0x01, 0x02, 0x04, 0x08, 0x10, 0x20, 0x40, 0x80, 0x00,
  0x01, 0x02, 0x04, 0x08, 0x10, 0x20, 0x40, 0x80, 0x00, 0x01, 0x02, 0x04,
  0x08, 0x10, 0x20, 0x40, 0x80, 0x40, 0x91, 0x80, 0x81, 0xbe, 0xe8, 0xd8,
  0xaa, 0x12, 0x20, 0x40, 0x80, 0x00, 0x01, 0x02, 0x04, 0x08, 0x10, 0x20,
  0x40, 0x80, 0x00, 0x01, 0x02, 0x04, 0x08, 0x10, 0x20, 0x40, 0x80, 0x00,
  0x01, 0x02, 0x04, 0x08, 0x10, 0x20, 0x40, 0x80, 0x40, 0x4e, 0xc0, 0x40,
  0x9f, 0xb3, 0x97, 0x4c, 0x80, 0x00, 0x01, 0x02, 0x04, 0x08, 0x10, 0x20,
  0x40, 0x80, 0x00, 0x01, 0x02, 0x04, 0x08, 0x10, 0x20, 0x40, 0x80, 0x00,
  0x01, 0x02, 0x04, 0x08, 0x10, 0x20, 0x40, 0x80, 0x00, 0x01, 0x02, 0x45,
  0x02, 0x06, 0xfa, 0xa2, 0x63, 0xab, 0x4a, 0x80, 0x00, 0x01, 0x02, 0x04,
  0x08, 0x10, 0x20, 0x40, 0x80, 0x00, 0x01, 0x02, 0x04, 0x08, 0x10, 0x20,
  0x40, 0x80, 0x00, 0x01, 0x02, 0x04, 0x08, 0x10, 0x20, 0x40, 0x80, 0x00,
  0x01, 0x02, 0x39, 0x01, 0x03, 0x7d, 0xce, 0x5e, 0x32, 0x01, 0x02, 0x04,
  0x08, 0x10, 0x20, 0x40, 0x80, 0x00, 0x01, 0x02, 0x04, 0x08, 0x10, 0x20,
  0x40, 0x80, 0x00, 0x01, 0x02, 0x04, 0x08, 0x10, 0x20, 0x40, 0x80, 0x00,
  0x01, 0x02, 0x04, 0x08, 0x14, 0x09, 0x6c, 0x15, 0x75, 0xfd, 0x83, 0xaa,
  0xdb, 0x27, 0xeb, 0xe6, 0xfa, 0xd5, 0xdd, 0xdd, 0xbe, 0xf3, 0xfc, 0xee,
  0xde, 0x79, 0xf7, 0x4d, 0x6b, 0xb7, 0xef, 0xbc, 0xbd, 0xbb, 0x77, 0xde,
  0xbd, 0xbd, 0xf5, 0xb3, 0xcf, 0x7c, 0xba, 0x98, 0xe0, 0xc7, 0xc5, 0xdd,
  0x55, 0x27, 0x40, 0xa0, 0x4d, 0xe0, 0xfc, 0xda, 0xed, 0xb6, 0xca, 0xfa,
  0x12, 0x20, 0x40, 0x80, 0x00, 0x01, 0x02, 0x04, 0x2e, 0x5c, 0xe0, 0xf1,
  0x7f, 0x3e, 0xb8, 0xf0, 0x8c, 0x8f, 0x0e, 0x78, 0x25, 0x98, 0x9d, 0x8d,
  0xf6, 0x1d, 0x5e, 0xd6, 0x3f, 0x99, 0xde, 0x7c, 0x7b, 0x3f, 0x41, 0x9f,
  0x7c, 0xf3, 0x64, 0x13, 0x20, 0x40, 0x80, 0x00, 0x01, 0x02, 0x04, 0x08,
  0x10, 0x20, 0x40, 0x80, 0x00, 0x01, 0x02, 0x04, 0x08, 0x10, 0x20, 0x40,
  0x80, 0x00, 0x01, 0x02, 0x04, 0x08, 0x10, 0x20, 0x40, 0x80, 0x40, 0x8d,
  0x80, 0x81, 0xbe, 0xe6, 0xd4, 0x8a, 0x12, 0x20, 0x40, 0x80, 0x00, 0x01,
  0x02, 0x04, 0x08, 0x10, 0x20, 0x40, 0x80, 0x00, 0x01, 0x02, 0x04, 0x08,
  0x10, 0x20, 0x40, 0x80, 0x00, 0x01, 0x02, 0x04, 0x08, 0x10, 0x20, 0x40,
  0x80, 0x40, 0x52, 0xc0, 0x40, 0x9f, 0xd4, 0x97, 0x4d, 0x80, 0x00, 0x01,
  0x02, 0x04, 0x08, 0x10, 0x20, 0x40, 0x80, 0x00, 0x01, 0x02, 0x04, 0x08,
  0x10, 0x20, 0x40, 0x80, 0x00, 0x01, 0x02, 0x04, 0x08, 0x10, 0x20, 0x40,
  0x80, 0x00, 0x01, 0x02, 0x35, 0x02, 0x06, 0xfa, 0x9a, 0x53, 0x2b, 0x4a,
  0x80, 0x00, 0x01, 0x02, 0x04, 0x08, 0x10, 0x20, 0x40, 0x80, 0x00, 0x01,
  0x02, 0x04, 0x08, 0x10, 0x20, 0x40, 0x80, 0x00, 0x01, 0x02, 0x04, 0x08,
  0x10, 0x20, 0x40, 0x80, 0x00, 0x01, 0x02, 0x49, 0x01, 0x03, 0x7d, 0x52,
  0x5f, 0x36, 0x01, 0x02, 0x04, 0x08, 0x10, 0x20, 0x40, 0x80, 0x00, 0x01,
  0x02, 0x04, 0x08, 0x10, 0x20, 0x40, 0x80, 0x00, 0x01, 0x02, 0x04, 0x08,
  0x10, 0x20, 0x40, 0x80, 0x00, 0x01, 0x02, 0x04, 0x08, 0xd4, 0x08, 0x18,
  0xe8, 0x6b, 0x4e, 0xad, 0x28, 0x01, 0x02, 0x04, 0x08, 0x10, 0x20, 0x40,
  0x80, 0x00, 0x01, 0x02, 0x04, 0x08, 0x10, 0x20, 0x40, 0x80, 0x00, 0x01,
  0x02, 0x04, 0x08, 0x10, 0x20, 0x40, 0x80, 0x00, 0x01, 0x02, 0x04, 0x08,
  0x24, 0x05, 0x0c, 0xf4, 0x49, 0x7d, 0xd9, 0x04, 0x08, 0x10, 0x20, 0x40,
  0x80, 0x00, 0x01, 0x02, 0x04, 0x08, 0x10, 0x20, 0x40, 0x80, 0x00, 0x01,
  0x02, 0x04, 0x08, 0x10, 0x20, 0x40, 0x80, 0x00, 0x01, 0x02, 0x04, 0x08,
  0x10, 0x20, 0x50, 0x23, 0x60, 0xa0, 0xaf, 0x39, 0xb5, 0xa2, 0x04, 0x08,
  0x10, 0x20, 0x40, 0x80, 0x00, 0x01, 0x02, 0x04, 0x08, 0x10, 0x20, 0x40,
  0x80, 0x00, 0x01, 0x02, 0x04, 0x08, 0x10, 0x20, 0x40, 0x80, 0x00, 0x01,
  0x02, 0x04, 0x08, 0x10, 0x20, 0x90, 0x14, 0x30, 0xd0, 0x27, 0xf5, 0x65,
  0x13, 0x20, 0x40, 0x80, 0x00, 0x01, 0x02, 0x04, 0x08, 0x10, 0x20, 0x40,
  0x80, 0x00, 0x01, 0x02, 0x04, 0x08, 0x10, 0x20, 0x40, 0x80, 0x00, 0x01,
  0x02, 0x04, 0x08, 0x10, 0x20, 0x40, 0x80, 0x40, 0x8d, 0x80, 0x81, 0xbe,
  0xe6, 0xd4, 0x8a, 0x12, 0x20, 0x40, 0x80, 0x00, 0x01, 0x02, 0x04, 0x08,
  0x10, 0x20, 0x40, 0x80, 0x00, 0x01, 0x02, 0x04, 0x08, 0x10, 0x20, 0x40,
  0x80, 0x00, 0x01, 0x02, 0x04, 0x08, 0x10, 0x20, 0x40, 0x80, 0x40, 0x52,
  0xc0, 0x40, 0x9f, 0xd4, 0x97, 0x4d, 0x80, 0x00, 0x01, 0x02, 0x04, 0x08,
  0x10, 0x20, 0x40, 0x80, 0x00, 0x01, 0x02, 0x04, 0x08, 0x10, 0x20, 0x40,
  0x80, 0x00, 0x01, 0x02, 0x04, 0x08, 0x10, 0x20, 0x40, 0x80, 0x00, 0x01,
  0x02, 0x35, 0x02, 0x06, 0xfa, 0x9a, 0x53, 0x2b, 0x4a, 0x80, 0x00, 0x01,
  0x02, 0x04, 0x08, 0x10, 0x20, 0x40, 0x80, 0x00, 0x01, 0x02, 0x04, 0x08,
  0x10, 0x20, 0x40, 0x80, 0x00, 0x01, 0x02, 0x04, 0x08, 0x10, 0x20, 0x40,
  0x80, 0x00, 0x01, 0x02, 0x49, 0x01, 0x03, 0x7d, 0x52, 0x5f, 0x36, 0x01,
  0x02, 0x04, 0x08, 0x10, 0x20, 0x40, 0x80, 0x00, 0x01, 0x02, 0x04, 0x08,
  0x10, 0x20, 0x40, 0x80, 0x00, 0x01, 0x02, 0x04, 0x08, 0x10, 0x20, 0x40,
  0x80, 0x00, 0x01, 0x02, 0x04, 0x08, 0xd4, 0x08, 0x18, 0xe8, 0x6b, 0x4e,
  0xad, 0x28, 0x01, 0x02, 0x04, 0x08, 0x10, 0x20, 0x40, 0x80, 0x00, 0x01,
  0x02, 0x04, 0x08, 0x10, 0x20, 0x40, 0x80, 0x00, 0x01, 0x02, 0x04, 0x08,
  0x10, 0x20, 0x40, 0x80, 0x00, 0x01, 0x02, 0x04, 0x08, 0x24, 0x05, 0x0c,
  0xf4, 0x49, 0x7d, 0xd9, 0x04, 0x08, 0x10, 0x20, 0x40, 0x80, 0x00, 0x01,
  0x02, 0x04, 0x08, 0x10, 0x20, 0x40, 0x80, 0x00, 0x01, 0x02, 0x04, 0x08,
  0x10, 0x20, 0x40, 0x80, 0x00, 0x01, 0x02, 0x04, 0x08, 0x10, 0x20, 0x50,
  0x23, 0x60, 0xa0, 0xaf, 0x39, 0xb5, 0xa2, 0x04, 0x08, 0x10, 0x20, 0x40,
  0x80, 0x00, 0x01, 0x02, 0x04, 0x08, 0x10, 0x20, 0x40, 0x80, 0x00, 0x01,
  0x02, 0x04, 0x08, 0x10, 0x20, 0x40, 0x80, 0x00, 0x01, 0x02, 0x04, 0x08,
  0x10, 0x20, 0x90, 0x14, 0x30, 0xd0, 0x27, 0xf5, 0x65, 0x13, 0x20, 0x40,
  0x80, 0x00, 0x01, 0x02, 0x04, 0x08, 0x10, 0x20, 0x40, 0x80, 0x00, 0x01,
  0x02, 0x04, 0x08, 0x10, 0x20, 0x40, 0x80, 0x00, 0x01, 0x02, 0x04, 0x08,
  0x10, 0x20, 0x40, 0x80, 0x40, 0x8d, 0x80, 0x81, 0xbe, 0xe6, 0xd4, 0x8a,
  0x12, 0x20, 0x40, 0x80, 0x00, 0x01, 0x02, 0x04, 0x08, 0x10, 0x20, 0x40,
  0x80, 0x00, 0x01, 0x02, 0x04, 0x08, 0x10, 0x20, 0x40, 0x80, 0x00, 0x01,
  0x02, 0x04, 0x08, 0x10, 0x20, 0x40, 0x80, 0x40, 0x52, 0xc0, 0x40, 0x9f,
  0xd4, 0x97, 0x4d, 0x80, 0x00, 0x01, 0x02, 0x04, 0x08, 0x10, 0x20, 0x40,
  0x80, 0x00, 0x01, 0x02, 0x04, 0x08, 0x10, 0x20, 0x40, 0x80, 0x00, 0x01,
  0x02, 0x04, 0x08, 0x10, 0x20, 0x40, 0x80, 0x00, 0x01, 0x02, 0x35, 0x02,
  0x06, 0xfa, 0x9a, 0x53, 0x2b, 0x4a, 0x80, 0x00, 0x01, 0x02, 0x04, 0x08,
  0x10, 0x20, 0x40, 0x80, 0x00, 0x01, 0x02, 0x04, 0x08, 0x10, 0x20, 0x40,
  0x80, 0x00, 0x01, 0x02, 0x04, 0x08, 0x10, 0x20, 0x40, 0x80, 0x00, 0x01,
  0x02, 0x49, 0x01, 0x03, 0x7d, 0x52, 0x5f, 0x36, 0x01, 0x02, 0x04, 0x08,
  0x10, 0x20, 0x40, 0x80, 0x00, 0x01, 0x02, 0x04, 0x08, 0x10, 0x20, 0x40,
  0x80, 0x00, 0x01, 0x02, 0x04, 0x08, 0x10, 0x20, 0x40, 0x80, 0x00, 0x01,
  0x02, 0x04, 0x08, 0xd4, 0x08, 0x18, 0xe8, 0x6b, 0x4e, 0xad, 0x28, 0x01,
  0x02, 0x04, 0x08, 0x10, 0x20, 0x40, 0x80, 0x00, 0x01, 0x02, 0x04, 0x08,
  0x10, 0x20, 0x40, 0x80, 0xc0, 0xaf, 0xd9, 0xb9, 0x63, 0xd0, 0x4c, 0xaf,
  0xec, 0x0c, 0xc0, 0x19, 0xa3, 0xc2, 0x20, 0x02, 0x96, 0x40, 0x04, 0x0d,
  0x08, 0xd4, 0x64, 0x9c, 0xa4, 0x98, 0x14, 0x31, 0x69, 0x4c, 0xc6, 0x30,
  0xd5, 0x56, 0x6e, 0xb6, 0x8e, 0x61, 0x2b, 0x83, 0x21, 0x6c, 0x97, 0x36,
  0x6c, 0x9b, 0xce, 0xa4, 0xb4, 0x2b, 0xa7, 0x4e, 0xe3, 0x6a, 0x0b, 0x37,
  0x76, 0x70, 0x9b, 0xc2, 0x45, 0x58, 0x43, 0x0a, 0x81, 0x60, 0x5c, 0x08,
  0x24, 0x43, 0x10, 0x18, 0x86, 0x61, 0x76, 0x15, 0x58, 0x48, 0x32, 0xf1,
  0xc6, 0xf7, 0x43, 0x73, 0xce, 0xfd, 0xee, 0xfb, 0xf4, 0xdf, 0xf7, 0x9f,
  0x7b, 0x9e, 0xf7, 0xce, 0xbf, 0x33, 0x7a, 0xad, 0x25, 0x40, 0x80, 0x00,
  0x01, 0x02, 0x04, 0x08, 0x10, 0x20, 0x40, 0x80, 0x00, 0x81, 0x4e, 0x01,
  0x05, 0x7d, 0xa7, 0xbe, 0xd9, 0x04, 0x08, 0x10, 0x20, 0x40, 0x80, 0x00,
  0x01, 0x02, 0x04, 0x08, 0x10, 0x20, 0x40, 0x80, 0x00, 0x01, 0x02, 0x04,
  0x08, 0x10, 0x20, 0x40, 0x80, 0x00, 0x01, 0x02, 0x04, 0x08, 0x10, 0x20,
  0x10, 0x23, 0xa0, 0xa0, 0x8f, 0x89, 0xda, 0xa2, 0x04, 0x08, 0x10, 0x20,
  0x40, 0x80, 0x00, 0x01, 0x02, 0x04, 0x08, 0x10, 0x20, 0x40, 0x80, 0x00,
  0x01, 0x02, 0x04, 0x08, 0x10, 0x20, 0x40, 0x80, 0x00, 0x01, 0x02, 0x04,
  0x08, 0x10, 0x20, 0xd0, 0x29, 0xa0, 0xa0, 0xef, 0xd4, 0x37, 0x9b, 0x00,
  0x01, 0x02, 0x04, 0x08, 0x10, 0x20, 0x40, 0x80, 0x00, 0x01, 0x02, 0x04,
  0x08, 0x10, 0x20, 0x40, 0x80, 0x00, 0x01, 0x02, 0x04, 0x08, 0x10, 0x20,
  0x40, 0x80, 0x00, 0x01, 0x02, 0x04, 0x62, 0x04, 0x14, 0xf4, 0x31, 0x51,
  0x5b, 0x94, 0x00, 0x01, 0x02, 0x04, 0x08, 0x10, 0x20, 0x40, 0x80, 0x00,
  0x01, 0x02, 0x04, 0x08, 0x10, 0x20, 0x40, 0x80, 0x00, 0x01, 0x02, 0x04,
  0x08, 0x10, 0x20, 0x40, 0x80, 0x00, 0x01, 0x02, 0x04, 0x3a, 0x05, 0x14,
  0xf4, 0x9d, 0xfa, 0x66, 0x13, 0x20, 0x40, 0x80, 0x00, 0x01, 0x02, 0x04,
  0x08, 0x10, 0x20, 0x40, 0x80, 0x00, 0x01, 0x02, 0x04, 0x08, 0x10, 0x20,
  0x40, 0x80, 0x00, 0x01, 0x02, 0x04, 0x08, 0x10, 0x20, 0x40, 0x80, 0x40,
  0x8c, 0x80, 0x82, 0x3e, 0x26, 0x6a, 0x8b, 0x12, 0x20, 0x40, 0x80, 0x00,
  0x01, 0x02, 0x04, 0x08, 0x10, 0x20, 0x40, 0x80, 0x00, 0x01, 0x02, 0x04,
  0x08, 0x10, 0x20, 0x40, 0x80, 0x00, 0x01, 0x02, 0x04, 0x08, 0x10, 0x20,
  0x40, 0x80, 0x40, 0xa7, 0x80, 0x82, 0xbe, 0x53, 0xdf, 0x6c, 0x02, 0x04,
  0x08, 0x10, 0x20, 0x40, 0x80, 0x00, 0x01, 0x02, 0x04, 0x08, 0x10, 0x20,
  0x40, 0x80, 0x00, 0x01, 0x02, 0x04, 0x08, 0x10, 0x20, 0x40, 0x80, 0x00,
  0x01, 0x02, 0x04, 0x08, 0x10, 0x88, 0x11, 0x50, 0xd0, 0xc7, 0x44, 0x6d,
  0x51, 0x02, 0x04, 0x08, 0x10, 0x20, 0x40, 0x80, 0x00, 0x01, 0x02, 0x04,
  0x08, 0x10, 0x20, 0x40, 0x80, 0x00, 0x01, 0x02, 0x04, 0x08, 0x10, 0x20,
  0x40, 0x80, 0x00, 0x01, 0x02, 0x04, 0x08, 0x10, 0xe8, 0x14, 0x78, 0x70,
  0x7a, 0xfa, 0xe8, 0x65, 0xe7, 0x01, 0xcc, 0x26, 0x40, 0x80, 0x00, 0x01,
  0x02, 0x04, 0x08, 0x10, 0x20, 0x40, 0xe0, 0x7e, 0x04, 0xce, 0xcf, 0x8e,
  0xee, 0xe7, 0x83, 0x7c, 0x0a, 0x81, 0x1d, 0x09, 0x7c, 0xf6, 0xf9, 0x97,
  0x3b, 0x3a, 0xad, 0xa3, 0x12, 0x20, 0x40, 0x80, 0x00, 0x01, 0x02, 0x23,
  0x02, 0x1f, 0xbc, 0xff, 0xde, 0xc8, 0xe3, 0x9e, 0x25, 0x40, 0x80, 0xc0,
  0x6e, 0x05, 0x2e, 0x2e, 0x6f, 0x76, 0x7b, 0x76, 0x07, 0x27, 0x40, 0x60,
  0x5c, 0xe0, 0xe0, 0x87, 0xb7, 0xde, 0x1d, 0x7f, 0xeb, 0x1e, 0xdf, 0x78,
  0xf3, 0xfb, 0xaf, 0xef, 0xf1, 0xd3, 0xc6, 0x3e, 0x2a, 0x79, 0xf7, 0x3b,
  0xa9, 0xce, 0xfd, 0x3b, 0x73, 0xef, 0xde, 0xfd, 0x6e, 0x7e, 0xe7, 0xfe,
  0x9d, 0xb9, 0xdb, 0xbd, 0xef, 0xfb, 0xae, 0xfb, 0xde, 0x77, 0xde, 0xf9,
  0xee, 0xdd, 0xdd, 0xfb, 0xbe, 0x7b, 0x9f, 0xfc, 0x7d, 0xd7, 0x7d, 0xef,
  0xfd, 0x99, 0xef, 0xbb, 0xf7, 0x63, 0x7f, 0x1b, 0xf6, 0x34, 0x01, 0x02,
  0x04, 0xf6, 0x2b, 0x90, 0x5e, 0xd8, 0xf8, 0x0f, 0x53, 0xf6, 0x7b, 0x77,
  0x9d, 0x9c, 0xc0, 0xde, 0x04, 0xd2, 0xbf, 0x6f, 0xf7, 0x96, 0x97, 0xf3,
  0x12, 0x20, 0xb0, 0x5f, 0x81, 0xee, 0xff, 0xe0, 0xbe, 0xf3, 0x3f, 0x10,
  0xf0, 0x33, 0xbc, 0xbe, 0x9e, 0xd6, 0xcf, 0xf0, 0xfa, 0x7e, 0x86, 0xe7,
  0xff, 0xe2, 0x7e, 0xbf, 0xdf, 0xd7, 0x4e, 0x4e, 0x80, 0x00, 0x01, 0x02,
  0x04, 0x08, 0x10, 0x20, 0x40, 0x80, 0x00, 0x01, 0x02, 0x04, 0x08, 0x10,
  0x20, 0x40, 0x80, 0x00, 0x01, 0x02, 0x04, 0x08, 0x10, 0x20, 0x40, 0x80,
  0x00, 0x01, 0x02, 0x3b, 0x12, 0x50, 0xd0, 0xef, 0x28, 0x2c, 0x47, 0x25,
  0x40, 0x80, 0x00, 0x01, 0x02, 0x04, 0x08, 0x10, 0x20, 0x40, 0x80, 0x00,
  0x01, 0x02, 0x04, 0x08, 0x10, 0x20, 0x40, 0x80, 0x00, 0x01, 0x02, 0x04,
  0x08, 0x10, 0x20, 0x40, 0x80, 0x00, 0x81, 0xfd, 0x0a, 0x28, 0xe8, 0xf7,
  0x9b, 0x9d, 0x93, 0x13, 0x20, 0x40, 0x80, 0x00, 0x01, 0x02, 0x04, 0x08,
  0x10, 0x20, 0x40, 0x80, 0x00, 0x01, 0x02, 0x04, 0x08, 0x10, 0x20, 0x40,
  0x80, 0x00, 0x01, 0x02, 0x04, 0x08, 0x10, 0x20, 0x40, 0x80, 0xc0, 0x8e,
  0x04, 0x14, 0xf4, 0x3b, 0x0a, 0xcb, 0x51, 0x09, 0x10, 0x20, 0x40, 0x80,
  0x00, 0x01, 0x02, 0x04, 0x08, 0x10, 0x20, 0x40, 0x80, 0x00, 0x01, 0x02,
  0x04, 0x08, 0x10, 0x20, 0x40, 0x80, 0x00, 0x01, 0x02, 0x04, 0x08, 0x10,
  0x20, 0x40, 0x60, 0xbf, 0x02, 0x0a, 0xfa, 0xfd, 0x66, 0xe7, 0xe4, 0x04,
  0x08, 0x10, 0x20, 0x40, 0x80, 0x00, 0x01, 0x02, 0x04, 0x08, 0x10, 0x20,
  0x40, 0x80, 0x00, 0x01, 0x02, 0x04, 0x08, 0x10, 0x20, 0x40, 0x80, 0x00,
  0x01, 0x02, 0x04, 0x08, 0x10, 0x20, 0xb0, 0x23, 0x01, 0x05, 0xfd, 0x8e,
  0xc2, 0x72, 0x54, 0x02, 0x04, 0x08, 0x10, 0x20, 0x40, 0x80, 0x00, 0x01,
  0x02, 0x04, 0x08, 0x10, 0x20, 0x40, 0x80, 0x00, 0x01, 0x02, 0x04, 0x08,
  0x10, 0x20, 0x40, 0x80, 0x00, 0x01, 0x02, 0x04, 0x08, 0x10, 0xd8, 0xaf,
  0x80, 0x82, 0x7e, 0xbf, 0xd9, 0x39, 0x39, 0x01, 0x02, 0x04, 0x08, 0x10,
  0x20, 0x40, 0x80, 0x00, 0x01, 0x02, 0x04, 0x08, 0x10, 0x20, 0x40, 0x80,
  0x00, 0x01, 0x02, 0x04, 0x08, 0x10, 0x20, 0x40, 0x80, 0x00, 0x01, 0x02,
  0x04, 0x08, 0xec, 0x48, 0x40, 0x41, 0xbf, 0xa3, 0xb0, 0x1c, 0x95, 0x00,
  0x01, 0x02, 0x04, 0x08, 0x10, 0x20, 0x40, 0x80, 0x00, 0x01, 0x02, 0x04,
  0x08, 0x10, 0x20, 0x40, 0x80, 0x00, 0x01, 0x02, 0x04, 0x08, 0x10, 0x20,
  0x40, 0x80, 0x00, 0x01, 0x02, 0x04, 0xf6, 0x2b, 0xa0, 0xa0, 0xdf, 0x6f,
  0x76, 0x4e, 0x4e, 0x80, 0x00, 0x01, 0x02, 0x04, 0x08, 0x10, 0x20, 0x40,
  0x80, 0x00, 0x01, 0x02, 0x04, 0x08, 0x10, 0x20, 0x40, 0x80, 0x00, 0x01,
  0x02, 0x04, 0x08, 0x10, 0x20, 0x40, 0x80, 0x00, 0x01, 0x02, 0x3b, 0x12,
  0x50, 0xd0, 0xef, 0x28, 0x2c, 0x47, 0x25, 0x40, 0x80, 0x00, 0x01, 0x02,
  0x04, 0x08, 0x10, 0x20, 0x40, 0x80, 0x00, 0x01, 0x02, 0x04, 0x08, 0x10,
  0x20, 0x40, 0x80, 0x00, 0x01, 0x02, 0x04, 0x08, 0x10, 0x20, 0x40, 0x80,
  0x00, 0x81, 0xfd, 0x0a, 0x28, 0xe8, 0xf7, 0x9b, 0x9d, 0x93, 0x13, 0x20,
  0x40, 0x80, 0x00, 0x01, 0x02, 0x04, 0x08, 0x10, 0x20, 0x40, 0x80, 0x00,
  0x01, 0x02, 0x04, 0x08, 0x10, 0x20, 0x40, 0x80, 0x00, 0x01, 0x02, 0x04,
  0x08, 0x10, 0x20, 0x40, 0x80, 0xc0, 0x8e, 0x04, 0x14, 0xf4, 0x3b, 0x0a,
  0xcb, 0x51, 0x09, 0x10, 0x20, 0x40, 0x80, 0x00, 0x01, 0x02, 0x04, 0x08,
  0x10, 0x20, 0x40, 0x80, 0x00, 0x01, 0x02, 0x04, 0x08, 0x10, 0x20, 0x40,
  0x80, 0x00, 0x01, 0x02, 0x04, 0x08, 0x10, 0x20, 0x40, 0x60, 0xbf, 0x02,
  0x0a, 0xfa, 0xfd, 0x66, 0xe7, 0xe4, 0x04, 0x08, 0x10, 0x20, 0x40, 0x80,
  0x00, 0x01, 0x02, 0x04, 0x08, 0x10, 0x20, 0x40, 0x80, 0x00, 0x01, 0x02,
  0x04, 0x08, 0x10, 0x20, 0x40, 0x80, 0x00, 0x01, 0x02, 0x04, 0x08, 0x10,
  0x20, 0xb0, 0x23, 0x01, 0x05, 0xfd, 0x8e, 0xc2, 0x72, 0x54, 0x02, 0x04,
  0x08, 0x10, 0x20, 0x40, 0x80, 0x00, 0x01, 0x02, 0x04, 0x08, 0x10, 0x20,
  0x40, 0x80, 0x00, 0x01, 0x02, 0x04, 0x08, 0x10, 0x20, 0x40, 0x80, 0x00,
  0x01, 0x02, 0x04, 0x08, 0x10, 0xd8, 0xaf, 0x80, 0x82, 0x7e, 0xbf, 0xd9,
  0x39, 0x39, 0x01, 0x02, 0x04, 0x08, 0x10, 0x20, 0x40, 0x80, 0x00, 0x01,
  0x02, 0x04, 0x08, 0x10, 0x20, 0x40, 0x80, 0x00, 0x01, 0x02, 0x04, 0x08,
  0x10, 0x20, 0x40, 0x80, 0x00, 0x01, 0x02, 0x04, 0x08, 0xec, 0x48, 0x40,
  0x41, 0xbf, 0xa3, 0xb0, 0x1c, 0x95, 0x00, 0x01, 0x02, 0x04, 0x08, 0x10,
  0x20, 0x40, 0x80, 0x00, 0x01, 0x02, 0x04, 0x08, 0x10, 0x20, 0x40, 0x80,
  0x00, 0x01, 0x02, 0x04, 0x08, 0x10, 0x20, 0x40, 0x80, 0x00, 0x01, 0x02,
  0x04, 0xf6, 0x2b, 0xa0, 0xa0, 0xdf, 0x6f, 0x76, 0x4e, 0x4e, 0x80, 0x00,
  0x01, 0x02, 0x04, 0x08, 0x10, 0x20, 0x40, 0x80, 0x00, 0x01, 0x02, 0x04,
  0x08, 0x10, 0x20, 0x40, 0x80, 0x00, 0x01, 0x02, 0x04, 0x08, 0x10, 0x20,
  0x40, 0x80, 0x00, 0x01, 0x02, 0x3b, 0x12, 0x50, 0xd0, 0xef, 0x28, 0x2c,
  0x47, 0x25, 0x40, 0x80, 0x00, 0x01, 0x02, 0x04, 0x08, 0x10, 0x20, 0x40,
  0x80, 0x00, 0x01, 0x02, 0x04, 0x08, 0x10, 0x20, 0x40, 0x80, 0x00, 0x01,
  0x02, 0x04, 0x08, 0x10, 0x20, 0x40, 0x80, 0x00, 0x81, 0xfd, 0x0a, 0x28,
  0xe8, 0xf7, 0x9b, 0x9d, 0x93, 0x13, 0x20, 0x40, 0x80, 0x00, 0x01, 0x02,
  0x04, 0x08, 0x10, 0x20, 0x40, 0x80, 0x00, 0x01, 0x02, 0x04, 0x08, 0x10,
  0x20, 0x40, 0x80, 0x00, 0x01, 0x02, 0x04, 0x08, 0x10, 0x20, 0x40, 0x80,
  0xc0, 0x8e, 0x04, 0x14, 0xf4, 0x3b, 0x0a, 0xcb, 0x51, 0x09, 0x10, 0x20,
  0x40, 0x80, 0x00, 0x01, 0x02, 0x04, 0x08, 0x10, 0x20, 0x40, 0x80, 0x00,
  0x01, 0x02, 0x04, 0x08, 0x10, 0x20, 0x40, 0x80, 0x00, 0x01, 0x02, 0x04,
  0x08, 0x10, 0x20, 0x40, 0x60, 0xbf, 0x02, 0x0a, 0xfa, 0xfd, 0x66, 0xe7,
  0xe4, 0x04, 0x08, 0x10, 0x20, 0x40, 0x80, 0x00, 0x01, 0x02, 0x04, 0x08,
  0x10, 0x20, 0x40, 0x80, 0x00, 0x01, 0x02, 0x04, 0x08, 0x10, 0x20, 0x40,
  0x80, 0x00, 0x01, 0x02, 0x04, 0x08, 0x10, 0x20, 0xb0, 0x23, 0x01, 0x05,
  0xfd, 0x8e, 0xc2, 0x72, 0x54, 0x02, 0x04, 0x08, 0x10, 0x20, 0x40, 0x80,
  0x00, 0x01, 0x02, 0x04, 0x08, 0x10, 0x20, 0x40, 0x80, 0x00, 0x01, 0x02,
  0x04, 0x08, 0x10, 0x20, 0x40, 0x80, 0x00, 0x01, 0x02, 0x04, 0x08, 0x10,
  0xd8, 0xaf, 0x80, 0x82, 0x7e, 0xbf, 0xd9, 0x39, 0x39, 0x01, 0x02, 0x04,
  0x08, 0x10, 0x20, 0x40, 0x80, 0x00, 0x01, 0x02, 0x04, 0x08, 0x10, 0x20,
  0x40, 0x80, 0x00, 0x01, 0x02, 0x04, 0x08, 0x10, 0x20, 0x40, 0x80, 0x00,
  0x01, 0x02, 0x04, 0x08, 0xec, 0x48, 0x40, 0x41, 0xbf, 0xa3, 0xb0, 0x1c,
  0x95, 0x00, 0x01, 0x02, 0x04, 0x08, 0x10, 0x20, 0x40, 0x80, 0x00, 0x01,
  0x02, 0x04, 0x08, 0x10, 0x20, 0x40, 0x80, 0x00, 0x01, 0x02, 0x04, 0x08,
  0x10, 0x20, 0x40, 0x80, 0x00, 0x01, 0x02, 0x04, 0xf6, 0x2b, 0xa0, 0xa0,
  0xdf, 0x6f, 0x76, 0x4e, 0x4e, 0x80, 0x00, 0x01, 0x02, 0x04, 0x08, 0x10,
  0x20, 0x40, 0x80, 0x00, 0x01, 0x02, 0x04, 0x08, 0x10, 0x20, 0x40, 0x80,
  0x00, 0x01, 0x02, 0x04, 0x08, 0x10, 0x20, 0x40, 0x80, 0x00, 0x01, 0x02,
  0x3b, 0x12, 0x50, 0xd0, 0xef, 0x28, 0x2c, 0x47, 0x25, 0x40, 0x80, 0x00,
  0x01, 0x02, 0x04, 0x08, 0x10, 0x20, 0x40, 0x80, 0x00, 0x01, 0x02, 0x04,
  0x08, 0x10, 0x20, 0x40, 0x80, 0x00, 0x01, 0x02, 0x04, 0x08, 0x10, 0x20,
  0x40, 0x80, 0x00, 0x81, 0xfd, 0x0a, 0x28, 0xe8, 0xf7, 0x9b, 0x9d, 0x93,
  0x13, 0x20, 0x40, 0x80, 0x00, 0x01, 0x02, 0x04, 0x08, 0x10, 0x20, 0x40,
  0x80, 0x00, 0x01, 0x02, 0x04, 0x08, 0x10, 0x20, 0x40, 0x80, 0x00, 0x01,
  0x02, 0x04, 0x08, 0x10, 0x20, 0x40, 0x80, 0xc0, 0x8e, 0x04, 0x14, 0xf4,
  0x3b, 0x0a, 0xcb, 0x51, 0x09, 0x10, 0x20, 0x40, 0x80, 0x00, 0x01, 0x02,
  0x04, 0x08, 0x10, 0x20, 0x40, 0x80, 0x00, 0x01, 0x02, 0x04, 0x08, 0x10,
  0x20, 0x40, 0x80, 0x00, 0x01, 0x02, 0x04, 0x08, 0x10, 0x20, 0x40, 0x60,
  0xbf, 0x02, 0x0a, 0xfa, 0xfd, 0x66, 0xe7, 0xe4, 0x04, 0x08, 0x10, 0x20,
  0x40, 0x80, 0x00, 0x01, 0x02, 0x04, 0x08, 0x10, 0x20, 0x40, 0x80, 0x00,
  0x01, 0x02, 0x04, 0x08, 0x10, 0x20, 0x40, 0x80, 0x00, 0x01, 0x02, 0x04,
  0x08, 0x10, 0x20, 0xb0, 0x23, 0x01, 0x05, 0xfd, 0x8e, 0xc2, 0x72, 0x54,
  0x02, 0x04, 0x08, 0x10, 0x20, 0x40, 0x80, 0x00, 0x01, 0x02, 0x04, 0x08,
  0x10, 0x20, 0x40, 0x80, 0x00, 0x01, 0x02, 0x04, 0x08, 0x10, 0x20, 0x40,
  0x80, 0x00, 0x01, 0x02, 0x04, 0x08, 0x10, 0xd8, 0xaf, 0xc0, 0x83, 0xd3,
  0xd3, 0x47, 0x2f, 0xf7, 0x7b, 0x7c, 0x27, 0x27, 0x40, 0x80, 0x00, 0x01,
  0x02, 0x04, 0x08, 0x10, 0x20, 0x30, 0x97, 0xc0, 0xf9, 0xd9, 0xd1, 0x5c,
  0x07, 0x0a, 0x39, 0xcd, 0x17, 0x9f, 0x7c, 0x1a, 0xb2, 0xa9, 0x35, 0x67,
  0x13, 0x78, 0xf6, 0x27, 0x7f, 0x3a, 0xdb, 0x91, 0xca, 0xce, 0xf3, 0xc1,
  0xfb, 0xef, 0x95, 0xcd, 0x9a, 0x6d, 0xd0, 0xd5, 0xf5, 0x4d, 0xeb, 0x91,
  0x4e, 0x8e, 0xfb, 0xfe, 0xb7, 0xe6, 0xb3, 0xcf, 0xbf, 0x6c, 0xdd, 0xdd,
  0x70, 0x02, 0x1d, 0x02, 0xc9, 0xdf, 0x77, 0x1d, 0xde, 0x66, 0x12, 0x20,
  0x40, 0x80, 0x40, 0xbd, 0xc0, 0xc5, 0x65, 0xef, 0xdf, 0x6f, 0xeb, 0x37,
  0x36, 0x91, 0x40, 0xaf, 0x80, 0xdf, 0xa0, 0xef, 0xf5, 0x37, 0x9d, 0x00,
  0x01, 0x02, 0x04, 0x08, 0x10, 0x20, 0x40, 0x80, 0x00, 0x01, 0x02, 0x04,
  0x08, 0x10, 0x20, 0x40, 0x80, 0x00, 0x01, 0x02, 0x04, 0x08, 0x10, 0x20,
  0x40, 0x80, 0x00, 0x01, 0x02, 0x04, 0x42, 0x04, 0x14, 0xf4, 0x21, 0x41,
  0x5b, 0x93, 0x00, 0x01, 0x02, 0x04, 0x08, 0x10, 0x20, 0x40, 0x80, 0x00,
  0x01, 0x02, 0x04, 0x08, 0x10, 0x20, 0x40, 0x80, 0x00, 0x01, 0x02, 0x04,
  0x08, 0x10, 0x20, 0x40, 0x80, 0x00, 0x01, 0x02, 0x04, 0x7a, 0x05, 0x14,
  0xf4, 0xbd, 0xfe, 0xa6, 0x13, 0x20, 0x40, 0x80, 0x00, 0x01, 0x02, 0x04,
  0x08, 0x10, 0x20, 0x40, 0x80, 0x00, 0x01, 0x02, 0x04, 0x08, 0x10, 0x20,
  0x40, 0x80, 0x00, 0x01, 0x02, 0x04, 0x08, 0x10, 0x20, 0x40, 0x80, 0x40,
  0x88, 0x80, 0x82, 0x3e, 0x24, 0x68, 0x6b, 0x12, 0x20, 0x40, 0x80, 0x00,
  0x01, 0x02, 0x04, 0x08, 0x10, 0x20, 0x40, 0x80, 0x00, 0x01, 0x02, 0x04,
  0x08, 0x10, 0x20, 0x40, 0x80, 0x00, 0x01, 0x02, 0x04, 0x08, 0x10, 0x20,
  0x40, 0x80, 0x40, 0xaf, 0x80, 0x82, 0xbe, 0xd7, 0xdf, 0x74, 0x02, 0x04,
  0x08, 0x10, 0x20, 0x40, 0x80, 0x00, 0x01, 0x02, 0x04, 0x08, 0x10, 0x20,
  0x40, 0x80, 0x00, 0x01, 0x02, 0x04, 0x08, 0x10, 0x20, 0x40, 0x80, 0x00,
  0x01, 0x02, 0x04, 0x08, 0x10, 0x08, 0x11, 0x50, 0xd0, 0x87, 0x04, 0x6d,
  0x4d, 0x02, 0x04, 0x08, 0x10, 0x20, 0x40, 0x80, 0x00, 0x01, 0x02, 0x04,
  0x08, 0x10, 0x20, 0x40, 0x80, 0x00, 0x01, 0x02, 0x04, 0x08, 0x10, 0x20,
  0x40, 0x80, 0x00, 0x01, 0x02, 0x04, 0x08, 0x10, 0xe8, 0x15, 0x50, 0xd0,
  0xf7, 0xfa, 0x9b, 0x4e, 0x80, 0x00, 0x01, 0x02, 0x04, 0x08, 0x10, 0x20,
  0x40, 0x80, 0x00, 0x01, 0x02, 0x04, 0x08, 0x10, 0x20, 0x40, 0x80, 0x00,
  0x01, 0x02, 0x04, 0x08, 0x10, 0x20, 0x40, 0x80, 0x00, 0x01, 0x02, 0x21,
  0x02, 0x0a, 0xfa, 0x90, 0xa0, 0xad, 0x49, 0x80, 0x00, 0x01, 0x02, 0x04,
  0x08, 0x10, 0x20, 0x40, 0x80, 0x00, 0x01, 0x02, 0x04, 0x08, 0x10, 0x20,
  0x40, 0x80, 0x00, 0x01, 0x02, 0x04, 0x08, 0x10, 0x20, 0x40, 0x80, 0x00,
  0x01, 0x02, 0xbd, 0x02, 0x0a, 0xfa, 0x5e, 0x7f, 0xd3, 0x09, 0x10, 0x20,
  0x40, 0x80, 0x00, 0x01, 0x02, 0x04, 0x08, 0x10, 0x20, 0x40, 0x80, 0x00,
  0x01, 0x02, 0x04, 0x08, 0x10, 0x20, 0x40, 0x80, 0x00, 0x01, 0x02, 0x04,
  0x08, 0x10, 0x20, 0x40, 0x20, 0x44, 0x40, 0x41, 0x1f, 0x12, 0xb4, 0x35,
  0x09, 0x10, 0x20, 0x40, 0x80, 0x00, 0x01, 0x02, 0x04, 0x08, 0x10, 0x20,
  0x40, 0x80, 0x00, 0x01, 0x02, 0x04, 0x08, 0x10, 0x20, 0x40, 0x80, 0x00,
  0x01, 0x02, 0x04, 0x08, 0x10, 0x20, 0x40, 0xa0, 0x57, 0x40, 0x41, 0xdf,
  0xeb, 0x6f, 0x3a, 0x01, 0x02, 0x04, 0x08, 0x10, 0x20, 0x40, 0x80, 0x00,
  0x01, 0x02, 0x04, 0x08, 0x10, 0x20, 0x40, 0x80, 0x00, 0x01, 0x02, 0x04,
  0x08, 0x10, 0x20, 0x40, 0x80, 0x00, 0x01, 0x02, 0x04, 0x08, 0x84, 0x08,
  0x28, 0xe8, 0x43, 0x82, 0xb6, 0x26, 0x01, 0x02, 0x04, 0x08, 0x10, 0x20,
  0x40, 0x80, 0x00, 0x01, 0x02, 0x04, 0x08, 0x10, 0x20, 0x40, 0x80, 0x00,
  0x01, 0x02, 0x04, 0x08, 0x10, 0x20, 0x40, 0x80, 0x00, 0x01, 0x02, 0x04,
  0x08, 0xf4, 0x0a, 0x28, 0xe8, 0x7b, 0xfd, 0x4d, 0x27, 0x40, 0x80, 0x00,
  0x01, 0x02, 0x04, 0x08, 0x10, 0x20, 0x40, 0x80, 0x00, 0x01, 0x02, 0x04,
  0x08, 0x10, 0x20, 0x40, 0x80, 0x00, 0x01, 0x02, 0x04, 0x08, 0x10, 0x20,
  0x40, 0x80, 0x00, 0x81, 0x10, 0x01, 0x05, 0x7d, 0x48, 0xd0, 0xd6, 0x24,
  0x40, 0x80, 0x00, 0x01, 0x02, 0x04, 0x08, 0x10, 0x20, 0x40, 0x80, 0x00,
  0x01, 0x02, 0x04, 0x08, 0x10, 0x20, 0x40, 0x80, 0x00, 0x01, 0x02, 0x04,
  0x08, 0x10, 0x20, 0x40, 0x80, 0x00, 0x81, 0x5e, 0x01, 0x05, 0x7d, 0xaf,
  0xbf, 0xe9, 0x04, 0x08, 0x10, 0x20, 0x40, 0x80, 0x00, 0x01, 0x02, 0x04,
  0x08, 0x10, 0x20, 0x40, 0x80, 0x00, 0x01, 0x02, 0x04, 0x08, 0x10, 0x20,
  0x40, 0x80, 0x00, 0x01, 0x02, 0x04, 0x08, 0x10, 0x20, 0x10, 0x22, 0xa0,
  0xa0, 0x0f, 0x09, 0xda, 0x9a, 0x04, 0x08, 0x10, 0x20, 0x40, 0x80, 0x00,
  0x01, 0x02, 0x04, 0x08, 0x10, 0x20, 0x40, 0x80, 0x00, 0x01, 0x02, 0x04,
  0x08, 0x10, 0x20, 0x40, 0x80, 0x00, 0x01, 0x02, 0x04, 0x08, 0x10, 0x20,
  0xd0, 0x2b, 0xa0, 0xa0, 0xef, 0xf5, 0x37, 0x9d, 0x00, 0x01, 0x02, 0x04,
  0x08, 0x10, 0x20, 0x40, 0x80, 0x00, 0x01, 0x02, 0x04, 0x08, 0x10, 0x20,
  0x40, 0x80, 0x00, 0x01, 0x02, 0x04, 0x08, 0x10, 0x20, 0x40, 0x80, 0x00,
  0x01, 0x02, 0x04, 0x42, 0x04, 0x14, 0xf4, 0x21, 0x41, 0x5b, 0x93, 0x00,
  0x01, 0x02, 0x04, 0x08, 0x10, 0x20, 0x40, 0x80, 0x00, 0x01, 0x02, 0x04,
  0x08, 0x10, 0x20, 0x40, 0x80, 0x00, 0x01, 0x02, 0x04, 0x08, 0x10, 0x20,
  0x40, 0x80, 0x00, 0x01, 0x02, 0x04, 0x7a, 0x05, 0x14, 0xf4, 0xbd, 0xfe,
  0xa6, 0x13, 0x20, 0x40, 0x80, 0x00, 0x01, 0x02, 0x04, 0x08, 0x10, 0x20,
  0x40, 0x80, 0x00, 0x01, 0x02, 0x04, 0x08, 0x10, 0x20, 0x40, 0x80, 0x00,
  0x01, 0x02, 0x04, 0x08, 0x10, 0x20, 0x40, 0x80, 0x40, 0x88, 0x80, 0x82,
  0x3e, 0x24, 0x68, 0x6b, 0x12, 0x20, 0x40, 0x80, 0x00, 0x01, 0x02, 0x04,
  0x08, 0x10, 0x20, 0x40, 0x80, 0x00, 0x01, 0x02, 0x04, 0x08, 0x10, 0x20,
  0x40, 0x80, 0x00, 0x01, 0x02, 0x04, 0x08, 0x10, 0x20, 0x40, 0x80, 0x40,
  0xaf, 0x80, 0x82, 0xbe, 0xd7, 0xdf, 0x74, 0x02, 0x04, 0x08, 0x10, 0x20,
  0x40, 0x80, 0x00, 0x01, 0x02, 0x04, 0x08, 0x10, 0x20, 0x40, 0x80, 0x00,
  0x01, 0x02, 0x04, 0x08, 0x10, 0x20, 0x40, 0x80, 0x00, 0x01, 0x02, 0x04,
  0x08, 0x10, 0x08, 0x11, 0x50, 0xd0, 0x87, 0x04, 0x6d, 0x4d, 0x02, 0x04,
  0x08, 0x10, 0x20, 0x40, 0x80, 0x00, 0x01, 0x02, 0x04, 0x08, 0x10, 0x20,
  0x40, 0x80, 0x00, 0x01, 0x02, 0x04, 0x08, 0x10, 0x20, 0x40, 0x80, 0x00,
  0x01, 0x02, 0x04, 0x08, 0x10, 0xe8, 0x15, 0x50, 0xd0, 0xf7, 0xfa, 0x9b,
  0x4e, 0x80, 0x00, 0x01, 0x02, 0x04, 0x08, 0x10, 0x20, 0x40, 0x80, 0x00,
  0x01, 0x02, 0x04, 0x08, 0x10, 0x20, 0x40, 0x80, 0x00, 0x01, 0x02, 0x04,
  0x08, 0x10, 0x20, 0x40, 0x80, 0x00, 0x01, 0x02, 0x21, 0x02, 0x0a, 0xfa,
  0x90, 0xa0, 0xad, 0x49, 0x80, 0x00, 0x01, 0x02, 0x04, 0x08, 0x10, 0x20,
  0x40, 0x80, 0x00, 0x01, 0x02, 0x04, 0x08, 0x10, 0x20, 0x40, 0x80, 0x00,
  0x01, 0x02, 0x04, 0x08, 0x10, 0x20, 0x40, 0x80, 0x00, 0x01, 0x02, 0xbd,
  0x02, 0x0a, 0xfa, 0x5e, 0x7f, 0xd3, 0x09, 0x10, 0x20, 0x40, 0x80, 0x00,
  0x01, 0x02, 0x04, 0x08, 0x10, 0x20, 0x40, 0x80, 0x00, 0x01, 0x02, 0x04,
  0x08, 0x10, 0x20, 0x40, 0x80, 0x00, 0x01, 0x02, 0x04, 0x08, 0x10, 0x20,
  0x40, 0x20, 0x44, 0x40, 0x41, 0x1f, 0x12, 0xb4, 0x35, 0x09, 0x10, 0x20,
  0x40, 0x80, 0x00, 0x01, 0x02, 0x04, 0x08, 0x10, 0x20, 0x40, 0x80, 0x00,
  0x01, 0x02, 0x04, 0x08, 0x10, 0x20, 0x40, 0x80, 0x00, 0x01, 0x02, 0x04,
  0x08, 0x10, 0x20, 0x40, 0xa0, 0x57, 0x40, 0x41, 0xdf, 0xeb, 0x6f, 0x3a,
  0x01, 0x02, 0x04, 0x08, 0x10, 0x20, 0x40, 0x80, 0x00, 0x01, 0x02, 0x04,
  0x08, 0x10, 0x20, 0x40, 0x80, 0x00, 0x01, 0x02, 0x04, 0x08, 0x10, 0x20,
  0x40, 0x80, 0x00, 0x01, 0x02, 0x04, 0x08, 0x84, 0x08, 0x28, 0xe8, 0x43,
  0x82, 0xb6, 0x26, 0x01, 0x02, 0x04, 0x08, 0x10, 0x20, 0x40, 0x80, 0x00,
  0x01, 0x02, 0x04, 0x08, 0x10, 0x20, 0x40, 0x80, 0x00, 0x01, 0x02, 0x04,
  0x08, 0x10, 0x20, 0x40, 0x80, 0x00, 0x01, 0x02, 0x04, 0x08, 0xf4, 0x0a,
  0x28, 0xe8, 0x7b, 0xfd, 0x4d, 0x27, 0x40, 0x80, 0x00, 0x01, 0x02, 0x04,
  0x08, 0x10, 0x20, 0x40, 0x80, 0x00, 0x01, 0x02, 0x04, 0x08, 0x10, 0x20,
  0x40, 0x80, 0x00, 0x01, 0x02, 0x04, 0x08, 0x10, 0x20, 0x40, 0x80, 0x00,
  0x81, 0x10, 0x01, 0x05, 0x7d, 0x48, 0xd0, 0xd6, 0x24, 0x40, 0x80, 0x00,
  0x01, 0x02, 0x04, 0x08, 0x10, 0x20, 0x40, 0x80, 0x00, 0x01, 0x02, 0x04,
  0x08, 0x10, 0x20, 0x40, 0x80, 0x00, 0x01, 0x02, 0x04, 0x08, 0x10, 0x20,
  0x40, 0x80, 0x00, 0x81, 0x5e, 0x01, 0x05, 0x7d, 0xaf, 0xbf, 0xe9, 0x04,
  0x08, 0x10, 0x20, 0x40, 0x80, 0x00, 0x01, 0x02, 0x04, 0x08, 0x10, 0x20,
  0x40, 0x80, 0x00, 0x01, 0x02, 0x04, 0x08, 0x10, 0x20, 0x40, 0x80, 0x00,
  0x01, 0x02, 0x04, 0x08, 0x10, 0x20, 0x10, 0x22, 0xf0, 0xe0, 0xf4, 0xf4,
  0xd1, 0xcb, 0x90, 0x5d, 0x5f, 0x59, 0xf3, 0x87, 0xb7, 0xde, 0x6d, 0x5d,
  0xfd, 0xcd, 0xef, 0xbf, 0x6e, 0x9d, 0x9f, 0x3c, 0x5c, 0xf6, 0x99, 0xe9,
  0xcb, 0x3d, 0x33, 0xf7, 0xbb, 0xad, 0x65, 0x9f, 0x99, 0xbd, 0xdc, 0x33,
  0x73, 0x9f, 0xe1, 0xcf, 0xfc, 0x9f, 0xfd, 0xf1, 0xbf, 0xb7, 0xe1, 0x7f,
  0xf1, 0xc9, 0xa7, 0x6d, 0xb3, 0x0d, 0x26, 0x40, 0x80, 0x40, 0xa5, 0xc0,
  0x1b, 0x1f, 0x7d, 0x58, 0x39, 0xee, 0x95, 0x59, 0x4f, 0x9f, 0xbf, 0x68,
  0x9d, 0xdf, 0x39, 0xfc, 0xb3, 0xcf, 0xbf, 0xec, 0x1c, 0x6f, 0x76, 0xa3,
  0xc0, 0x07, 0xef, 0xbf, 0xd7, 0x38, 0xdd, 0x68, 0x02, 0x3d, 0x02, 0x57,
  0xd7, 0x37, 0x3d, 0x83, 0x7f, 0x37, 0xf5, 0xe4, 0xf8, 0xa8, 0x6d, 0xb6,
  0xc1, 0x04, 0x08, 0x10, 0xa8, 0x14, 0xf8, 0xcd, 0x7f, 0xfe, 0x45, 0xe5,
  0xb8, 0x57, 0x66, 0xe9, 0xea, 0xfa, 0xf8, 0x93, 0x7f, 0x7e, 0xeb, 0x37,
  0xe8, 0xfb, 0xee, 0x9d, 0xc9, 0x04, 0x08, 0x10, 0x20, 0x40, 0x80, 0x00,
  0x01, 0x02, 0x04, 0x08, 0x10, 0x20, 0x40, 0x80, 0x00, 0x01, 0x02, 0x04,
  0x08, 0x10, 0x20, 0x40, 0x80, 0x00, 0x01, 0x02, 0x04, 0x08, 0x10, 0x20,
  0x10, 0x24, 0xa0, 0xa0, 0x0f, 0x0a, 0xdb, 0xaa, 0x04, 0x08, 0x10, 0x20,
  0x40, 0x80, 0x00, 0x01, 0x02, 0x04, 0x08, 0x10, 0x20, 0x40, 0x80, 0x00,
  0x01, 0x02, 0x04, 0x08, 0x10, 0x20, 0x40, 0x80, 0x00, 0x01, 0x02, 0x04,
  0x08, 0x10, 0x20, 0xd0, 0x27, 0xa0, 0xa0, 0xef, 0xb3, 0x37, 0x99, 0x00,
  0x01, 0x02, 0x04, 0x08, 0x10, 0x20, 0x40, 0x80, 0x00, 0x01, 0x02, 0x04,
  0x08, 0x10, 0x20, 0x40, 0x80, 0x00, 0x01, 0x02, 0x04, 0x08, 0x10, 0x20,
  0x40, 0x80, 0x00, 0x01, 0x02, 0x04, 0x82, 0x04, 0x14, 0xf4, 0x41, 0x61,
  0x5b, 0x95, 0x00, 0x01, 0x02, 0x04, 0x08, 0x10, 0x20, 0x40, 0x80, 0x00,
  0x01, 0x02, 0x04, 0x08, 0x10, 0x20, 0x40, 0x80, 0x00, 0x01, 0x02, 0x04,
  0x08, 0x10, 0x20, 0x40, 0x80, 0x00, 0x01, 0x02, 0x04, 0xfa, 0x04, 0x14,
  0xf4, 0x7d, 0xf6, 0x26, 0x13, 0x20, 0x40, 0x80, 0x00, 0x01, 0x02, 0x04,
  0x08, 0x10, 0x20, 0x40, 0x80, 0x00, 0x01, 0x02, 0x04, 0x08, 0x10, 0x20,
  0x40, 0x80, 0x00, 0x01, 0x02, 0x04, 0x08, 0x10, 0x20, 0x40, 0x80, 0x40,
  0x90, 0x80, 0x82, 0x3e, 0x28, 0x6c, 0xab, 0x12, 0x20, 0x40, 0x80, 0x00,
  0x01, 0x02, 0x04, 0x08, 0x10, 0x20, 0x40, 0x80, 0x00, 0x01, 0x02, 0x04,
  0x08, 0x10, 0x20, 0x40, 0x80, 0x00, 0x01, 0x02, 0x04, 0x08, 0x10, 0x20,
  0x40, 0x80, 0x40, 0x9f, 0x80, 0x82, 0xbe, 0xcf, 0xde, 0x64, 0x02, 0x04,
  0x08, 0x10, 0x20, 0x40, 0x80, 0x00, 0x01, 0x02, 0x04, 0x08, 0x10, 0x20,
  0x40, 0x80, 0x00, 0x01, 0x02, 0x04, 0x08, 0x10, 0x20, 0x40, 0x80, 0x00,
  0x01, 0x02, 0x04, 0x08, 0x10, 0x08, 0x12, 0x50, 0xd0, 0x07, 0x85, 0x6d,
  0x55, 0x02, 0x04, 0x08, 0x10, 0x20, 0x40, 0x80, 0x00, 0x01, 0x02, 0x04,
  0x08, 0x10, 0x20, 0x40, 0x80, 0x00, 0x01, 0x02, 0x04, 0x08, 0x10, 0x20,
  0x40, 0x80, 0x00, 0x01, 0x02, 0x04, 0x08, 0x10, 0xe8, 0x13, 0x50, 0xd0,
  0xf7, 0xd9, 0x9b, 0x4c, 0x80, 0x00, 0x01, 0x02, 0x04, 0x08, 0x10, 0x20,
  0x40, 0x80, 0x00, 0x01, 0x02, 0x04, 0x08, 0x10, 0x20, 0x40, 0x80, 0x00,
  0x01, 0x02, 0x04, 0x08, 0x10, 0x20, 0x40, 0x80, 0x00, 0x01, 0x02, 0x41,
  0x02, 0x0a, 0xfa, 0xa0, 0xb0, 0xad, 0x4a, 0x80, 0x00, 0x01, 0x02, 0x04,
  0x08, 0x10, 0x20, 0x40, 0x80, 0x00, 0x01, 0x02, 0x04, 0x08, 0x10, 0x20,
  0x40, 0x80, 0x00, 0x01, 0x02, 0x04, 0x08, 0x10, 0x20, 0x40, 0x80, 0x00,
  0x01, 0x02, 0x7d, 0x02, 0x0a, 0xfa, 0x3e, 0x7b, 0x93, 0x09, 0x10, 0x20,
  0x40, 0x80, 0x00, 0x01, 0x02, 0x04, 0x08, 0x10, 0x20, 0x40, 0x80, 0x00,
  0x01, 0x02, 0x04, 0x08, 0x10, 0x20, 0x40, 0x80, 0x00, 0x01, 0x02, 0x04,
  0x08, 0x10, 0x20, 0x40, 0x20, 0x48, 0x40, 0x41, 0x1f, 0x14, 0xb6, 0x55,
  0x09, 0x10, 0x20, 0x40, 0x80, 0x00, 0x01, 0x02, 0x04, 0x08, 0x10, 0x20,
  0x40, 0x80, 0x00, 0x01, 0x02, 0x04, 0x08, 0x10, 0x20, 0x40, 0x80, 0x00,
  0x01, 0x02, 0x04, 0x08, 0x10, 0x20, 0x40, 0xa0, 0x4f, 0x40, 0x41, 0xdf,
  0x67, 0x6f, 0x32, 0x01, 0x02, 0x04, 0x08, 0x10, 0x20, 0x40, 0x80, 0x00,
  0x01, 0x02, 0x04, 0x08, 0x10, 0x20, 0x40, 0x80, 0x00, 0x01, 0x02, 0x04,
  0x08, 0x10, 0x20, 0x40, 0x80, 0x00, 0x01, 0x02, 0x04, 0x08, 0x04, 0x09,
  0x28, 0xe8, 0x83, 0xc2, 0xb6, 0x2a, 0x01, 0x02, 0x04, 0x08, 0x10, 0x20,
  0x40, 0x80, 0x00, 0x01, 0x02, 0x04, 0x08, 0x10, 0x20, 0x40, 0x80, 0x00,
  0x01, 0x02, 0x04, 0x08, 0x10, 0x20, 0x40, 0x80, 0x00, 0x01, 0x02, 0x04,
  0x08, 0xf4, 0x09, 0x28, 0xe8, 0xfb, 0xec, 0x4d, 0x26, 0x40, 0x80, 0x00,
  0x01, 0x02, 0x04, 0x08, 0x10, 0x20, 0x40, 0x80, 0x00, 0x01, 0x02, 0x04,
  0x08, 0x10, 0x20, 0x40, 0x80, 0x00, 0x01, 0x02, 0x04, 0x08, 0x10, 0x20,
  0x40, 0x80, 0x00, 0x81, 0x20, 0x01, 0x05, 0x7d, 0x50, 0xd8, 0x56, 0x25,
  0x40, 0x80, 0x00, 0x01, 0x02, 0x04, 0x08, 0x10, 0x20, 0x40, 0x80, 0x00,
  0x01, 0x02, 0x04, 0x08, 0x10, 0x20, 0x40, 0x80, 0x00, 0x01, 0x02, 0x04,
  0x08, 0x10, 0x20, 0x40, 0x80, 0x00, 0x81, 0x3e, 0x01, 0x05, 0x7d, 0x9f,
  0xbd, 0xc9, 0x04, 0x08, 0x10, 0x20, 0x40, 0x80, 0x00, 0x01, 0x02, 0x04,
  0x08, 0x10, 0x20, 0x40, 0x80, 0x00, 0x01, 0x02, 0x04, 0x08, 0x10, 0x20,
  0x40, 0x80, 0x00, 0x01, 0x02, 0x04, 0x08, 0x10, 0x20, 0x10, 0x24, 0xa0,
  0xa0, 0x0f, 0x0a, 0xdb, 0xaa, 0x04, 0x08, 0x10, 0x20, 0x40, 0x80, 0x00,
  0x01, 0x02, 0x04, 0x08, 0x10, 0x20, 0x40, 0x80, 0x00, 0x01, 0x02, 0x04,
  0x08, 0x10, 0x20, 0x40, 0x80, 0x00, 0x01, 0x02, 0x04, 0x08, 0x10, 0x20,
  0xd0, 0x27, 0xa0, 0xa0, 0xef, 0xb3, 0x37, 0x99, 0x00, 0x01, 0x02, 0x04,
  0x08, 0x10, 0x20, 0x40, 0x80, 0x00, 0x01, 0x02, 0x04, 0x08, 0x10, 0x20,
  0x40, 0x80, 0x00, 0x01, 0x02, 0x04, 0x08, 0x10, 0x20, 0x40, 0x80, 0x00,
  0x01, 0x02, 0x04, 0x82, 0x04, 0x14, 0xf4, 0x41, 0x61, 0x5b, 0x95, 0x00,
  0x01, 0x02, 0x04, 0x08, 0x10, 0x20, 0x40, 0x80, 0x00, 0x01, 0x02, 0x04,
  0x08, 0x10, 0x20, 0x40, 0x80, 0x00, 0x01, 0x02, 0x04, 0x08, 0x10, 0x20,
  0x40, 0x80, 0x00, 0x01, 0x02, 0x04, 0xfa, 0x04, 0x14, 0xf4, 0x7d, 0xf6,
  0x26, 0x13, 0x20, 0x40, 0x80, 0x00, 0x01, 0x02, 0x04, 0x08, 0x10, 0x20,
  0x40, 0x80, 0x00, 0x01, 0x02, 0x04, 0x08, 0x10, 0x20, 0x40, 0x80, 0x00,
  0x01, 0x02, 0x04, 0x08, 0x10, 0x20, 0x40, 0x80, 0x40, 0x90, 0x80, 0x82,
  0x3e, 0x28, 0x6c, 0xab, 0x12, 0x20, 0x40, 0x80, 0x00, 0x01, 0x02, 0x04,
  0x08, 0x10, 0x20, 0x40, 0x80, 0x00, 0x01, 0x02, 0x04, 0x08, 0x10, 0x20,
  0x40, 0x80, 0x00, 0x01, 0x02, 0x04, 0x08, 0x10, 0x20, 0x40, 0x80, 0x40,
  0x9f, 0x80, 0x82, 0xbe, 0xcf, 0xde, 0x64, 0x02, 0x04, 0x08, 0x10, 0x20,
  0x40, 0x80, 0x00, 0x01, 0x02, 0x04, 0x08, 0x10, 0x20, 0x40, 0x80, 0x00,
  0x01, 0x02, 0x04, 0x08, 0x10, 0x20, 0x40, 0x80, 0x00, 0x01, 0x02, 0x04,
  0x08, 0x10, 0x08, 0x12, 0x50, 0xd0, 0x07, 0x85, 0x6d, 0x55, 0x02, 0x04,
  0x08, 0x10, 0x20, 0x40, 0x80, 0x00, 0x01, 0x02, 0x04, 0x08, 0x10, 0x20,
  0x40, 0x80, 0x00, 0x01, 0x02, 0x04, 0x08, 0x10, 0x20, 0x40, 0x80, 0x00,
  0x01, 0x02, 0x04, 0x08, 0x10, 0xe8, 0x13, 0x50, 0xd0, 0xf7, 0xd9, 0x9b,
  0x4c, 0x80, 0x00, 0x01, 0x02, 0x04, 0x08, 0x10, 0x20, 0x40, 0x80, 0x00,
  0x01, 0x02, 0x04, 0x08, 0x10, 0x20, 0x40, 0x80, 0x00, 0x01, 0x02, 0x04,
  0x08, 0x10, 0x20, 0x40, 0x80, 0x00, 0x01, 0x02, 0x41, 0x02, 0x0a, 0xfa,
  0xa0, 0xb0, 0xad, 0x4a, 0x80, 0x00, 0x01, 0x02, 0x04, 0x08, 0x10, 0x20,
  0x40, 0x80, 0x00, 0x01, 0x02, 0x04, 0x08, 0x10, 0x20, 0x40, 0x80, 0x00,
  0x01, 0x02, 0x04, 0x08, 0x10, 0x20, 0x40, 0x80, 0x00, 0x01, 0x02, 0x7d,
  0x02, 0x0a, 0xfa, 0x3e, 0x7b, 0x93, 0x09, 0x10, 0x20, 0x40, 0x80, 0x00,
  0x01, 0x02, 0x04, 0x08, 0x10, 0x20, 0x40, 0x80, 0x00, 0x01, 0x02, 0x04,
  0x08, 0x10, 0x20, 0x40, 0x80, 0x00, 0x01, 0x02, 0x04, 0x08, 0x10, 0x20,
  0x40, 0x20, 0x48, 0x40, 0x41, 0x1f, 0x14, 0xb6, 0x55, 0x09, 0x10, 0x20,
  0x40, 0x80, 0x00, 0x01, 0x02, 0x04, 0x08, 0x10, 0x20, 0x40, 0x80, 0x00,
  0x01, 0x02, 0x04, 0x08, 0x10, 0x20, 0x40, 0x80, 0x00, 0x01, 0x02, 0x04,
  0x08, 0x10, 0x20, 0x40, 0xa0, 0x4f, 0x40, 0x41, 0xdf, 0x67, 0x6f, 0x32,
  0x01, 0x02, 0x04, 0x08, 0x10, 0x20, 0x40, 0x80, 0x00, 0x01, 0x02, 0x04,
  0x08, 0x10, 0x20, 0x40, 0x80, 0x00, 0x01, 0x02, 0x04, 0x08, 0x10, 0x20,
  0x40, 0x80, 0x00, 0x01, 0x02, 0x04, 0x08, 0x04, 0x09, 0x28, 0xe8, 0x83,
  0xc2, 0xb6, 0x2a, 0x01, 0x02, 0x04, 0x08, 0x10, 0x20, 0x40, 0x80, 0x00,
  0x01, 0x02, 0x04, 0x08, 0x10, 0x20, 0x40, 0x80, 0x00, 0x01, 0x02, 0x04,
  0x08, 0x10, 0x20, 0x40, 0x80, 0x00, 0x01, 0x02, 0x04, 0x08, 0xf4, 0x09,
  0x3c, 0x38, 0x3d, 0x7d, 0xf4, 0xb2, 0x6f, 0xbc, 0xc9, 0x04, 0x08, 0x10,
  0x20, 0x40, 0x80, 0x00, 0x01, 0x02, 0x04, 0xee, 0x57, 0xe0, 0xfc, 0xec,
  0xe8, 0x7e, 0x3f, 0x70, 0xf0, 0xd3, 0xbe, 0xf8, 0xe4, 0xd3, 0xc1, 0x37,
  0x3c, 0x4e, 0x80, 0x00, 0x81, 0x6d, 0x02, 0xdf, 0x7d, 0xf3, 0xd5, 0xb6,
  0x17, 0x17, 0x78, 0xeb, 0xf4, 0xf1, 0x93, 0xd6, 0x2d, 0xde, 0xf8, 0xe8,
  0xc3, 0xd6, 0xf9, 0x4f, 0x9f, 0xbf, 0x68, 0x9d, 0xdf, 0x39, 0xfc, 0xb3,
  0xcf, 0xbf, 0xec, 0x1c, 0xdf, 0x3a, 0xfb, 0x83, 0xf7, 0xdf, 0x6b, 0x9d,
  0x6f, 0x38, 0x81, 0x0e, 0x81, 0xab, 0xeb, 0x9b, 0x8e, 0xb1, 0x66, 0xfe,
  0x4e, 0xe0, 0xe4, 0xb8, 0xf7, 0xdf, 0x55, 0x42, 0x20, 0x40, 0x20, 0x47,
  0xe0, 0xe2, 0xd2, 0x77, 0x7d, 0x4e, 0xda, 0x36, 0xfd, 0xbd, 0x80, 0xdf,
  0xa0, 0x77, 0x17, 0x08, 0x10, 0x20, 0x22, 0x0d, 0x55, 0x90, 0x00, 0x00,
  0x20, 0x00, 0x49, 0x44, 0x41, 0x54, 0x40, 0x80, 0x00, 0x01, 0x02, 0x04,
  0x08, 0x10, 0x20, 0x40, 0x80, 0x00, 0x01, 0x02, 0x04, 0x08, 0x10, 0x20,
  0x40, 0x80, 0x00, 0x01, 0x02, 0x04, 0x08, 0x10, 0x20, 0x40, 0x80, 0x40,
  0x81, 0x80, 0x82, 0xbe, 0x00, 0xd9, 0x08, 0x02, 0x04, 0x08, 0x10, 0x20,
  0x40, 0x80, 0x00, 0x01, 0x02, 0x04, 0x08, 0x10, 0x20, 0x40, 0x80, 0x00,
  0x01, 0x02, 0x04, 0x08, 0x10, 0x20, 0x40, 0x80, 0x00, 0x01, 0x02, 0x04,
  0x08, 0x10, 0x20, 0xa0, 0xa0, 0x77, 0x07, 0x08, 0x10, 0x20, 0x40, 0x80,
  0x00, 0x01, 0x02, 0x04, 0x08, 0x10, 0x20, 0x40, 0x80, 0x00, 0x01, 0x02,
  0x04, 0x08, 0x10, 0x20, 0x40, 0x80, 0x00, 0x01, 0x02, 0x04, 0x08, 0x10,
  0x20, 0x40, 0x80, 0x40, 0x81, 0x80, 0x82, 0xbe, 0x00, 0xd9, 0x08, 0x02,
  0x04, 0x08, 0x10, 0x20, 0x40, 0x80, 0x00, 0x01, 0x02, 0x04, 0x08, 0x10,
  0x20, 0x40, 0x80, 0x00, 0x01, 0x02, 0x04, 0x08, 0x10, 0x20, 0x40, 0x80,
  0x00, 0x01, 0x02, 0x04, 0x08, 0x10, 0x20, 0xa0, 0xa0, 0x77, 0x07, 0x08,
  0x10, 0x20, 0x40, 0x80, 0x00, 0x01, 0x02, 0x04, 0x08, 0x10, 0x20, 0x40,
  0x80, 0x00, 0x01, 0x02, 0x04, 0x08, 0x10, 0x20, 0x40, 0x80, 0x00, 0x01,
  0x02, 0x04, 0x08, 0x10, 0x20, 0x40, 0x80, 0x40, 0x81, 0x80, 0x82, 0xbe,
  0x00, 0xd9, 0x08, 0x02, 0x04, 0x08, 0x10, 0x20, 0x40, 0x80, 0x00, 0x01,
  0x02, 0x04, 0x08, 0x10, 0x20, 0x40, 0x80, 0x00, 0x01, 0x02, 0x04, 0x08,
  0x10, 0x20, 0x40, 0x80, 0x00, 0x01, 0x02, 0x04, 0x08, 0x10, 0x20, 0xa0,
  0xa0, 0x77, 0x07, 0x08, 0x10, 0x20, 0x40, 0x80, 0x00, 0x01, 0x02, 0x04,
  0x08, 0x10, 0x20, 0x40, 0x80, 0x00, 0x01, 0x02, 0x04, 0x08, 0x10, 0x20,
  0x40, 0x80, 0x00, 0x01, 0x02, 0x04, 0x08, 0x10, 0x20, 0x40, 0x80, 0x40,
  0x81, 0x80, 0x82, 0xbe, 0x00, 0xd9, 0x08, 0x02, 0x04, 0x08, 0x10, 0x20,
  0x40, 0x80, 0x00, 0x01, 0x02, 0x04, 0x08, 0x10, 0x20, 0x40, 0x80, 0x00,
  0x01, 0x02, 0x04, 0x08, 0x10, 0x20, 0x40, 0x80, 0x00, 0x01, 0x02, 0x04,
  0x08, 0x10, 0x20, 0xa0, 0xa0, 0x77, 0x07, 0x08, 0x10, 0x20, 0x40, 0x80,
  0x00, 0x01, 0x02, 0x04, 0x08, 0x10, 0x20, 0x40, 0x80, 0x00, 0x01, 0x02,
  0x04, 0x08, 0x10, 0x20, 0x40, 0x80, 0x00, 0x01, 0x02, 0x04, 0x08, 0x10,
  0x20, 0x40, 0x80, 0x40, 0x81, 0x80, 0x82, 0xbe, 0x00, 0xd9, 0x08, 0x02,
  0x04, 0x08, 0x10, 0x20, 0x40, 0x80, 0x00, 0x01, 0x02, 0x04, 0x08, 0x10,
  0x20, 0x40, 0x80, 0x00, 0x01, 0x02, 0x04, 0x08, 0x10, 0x20, 0x40, 0x80,
  0x00, 0x01, 0x02, 0x04, 0x08, 0x10, 0x20, 0xa0, 0xa0, 0x77, 0x07, 0x08,
  0x10, 0x20, 0x40, 0x80, 0x00, 0x01, 0x02, 0x04, 0x08, 0x10, 0x20, 0x40,
  0x80, 0x00, 0x01, 0x02, 0x04, 0x08, 0x10, 0x20, 0x40, 0x80, 0x00, 0x01,
  0x02, 0x04, 0x08, 0x10, 0x20, 0x40, 0x80, 0x40, 0x81, 0x80, 0x82, 0xbe,
  0x00, 0xd9, 0x08, 0x02, 0x04, 0x08, 0x10, 0x20, 0x40, 0x80, 0x00, 0x01,
  0x02, 0x04, 0x08, 0x10, 0x20, 0x40, 0x80, 0x00, 0x01, 0x02, 0x04, 0x08,
  0x10, 0x20, 0x40, 0x80, 0x00, 0x01, 0x02, 0x04, 0x08, 0x10, 0x20, 0xa0,
  0xa0, 0x77, 0x07, 0x08, 0x10, 0x20, 0x40, 0x80, 0x00, 0x01, 0x02, 0x04,
  0x08, 0x10, 0x20, 0x40, 0x80, 0x00, 0x01, 0x02, 0x04, 0x08, 0x10, 0x20,
  0x40, 0x80, 0x00, 0x01, 0x02, 0x04, 0x08, 0x10, 0x20, 0x40, 0x80, 0x40,
  0x81, 0x80, 0x82, 0xbe, 0x00, 0xd9, 0x08, 0x02, 0x04, 0x08, 0x10, 0x20,
  0x40, 0x80, 0x00, 0x01, 0x02, 0x04, 0x08, 0x10, 0x20, 0x40, 0x80, 0x00,
  0x01, 0x02, 0x04, 0x08, 0x10, 0x20, 0x40, 0x80, 0x00, 0x01, 0x02, 0x04,
  0x08, 0x10, 0x20, 0xa0, 0xa0, 0x77, 0x07, 0x08, 0x10, 0x20, 0x40, 0x80,
  0x00, 0x01, 0x02, 0x04, 0x08, 0x10, 0x20, 0x40, 0x80, 0x00, 0x01, 0x02,
  0x04, 0x08, 0x10, 0x20, 0x40, 0x80, 0x00, 0x01, 0x02, 0x04, 0x08, 0x10,
  0x20, 0x40, 0x80, 0x40, 0x81, 0x80, 0x82, 0xbe, 0x00, 0xd9, 0x08, 0x02,
  0x04, 0x08, 0x10, 0x20, 0x40, 0x80, 0x00, 0x01, 0x02, 0x04, 0x08, 0x10,
  0x20, 0x40, 0x80, 0x00, 0x01, 0x02, 0x04, 0x08, 0x10, 0x20, 0x40, 0x80,
  0x00, 0x01, 0x02, 0x04, 0x08, 0x10, 0x20, 0xa0, 0xa0, 0x77, 0x07, 0x08,
  0x10, 0x20, 0x40, 0x80, 0x00, 0x01, 0x02, 0x04, 0x08, 0x10, 0x20, 0x40,
  0x80, 0x00, 0x01, 0x02, 0x04, 0x08, 0x10, 0x20, 0x40, 0x80, 0x00, 0x01,
  0x02, 0x04, 0x08, 0x10, 0x20, 0x40, 0x80, 0x40, 0x81, 0x80, 0x82, 0xbe,
  0x00, 0xd9, 0x08, 0x02, 0x04, 0x08, 0x10, 0x20, 0x40, 0x80, 0x00, 0x01,
  0x02, 0x04, 0x08, 0x10, 0x20, 0x40, 0x80, 0x00, 0x01, 0x02, 0x04, 0x08,
  0x10, 0x20, 0x40, 0x80, 0x00, 0x01, 0x02, 0x04, 0x08, 0x10, 0x20, 0xa0,
  0xa0, 0x77, 0x07, 0x08, 0x10, 0x20, 0x40, 0x80, 0x00, 0x01, 0x02, 0x04,
  0x08, 0x10, 0x20, 0x40, 0x80, 0x00, 0x01, 0x02, 0x04, 0x08, 0x10, 0x20,
  0x40, 0x80, 0x00, 0x01, 0x02, 0x04, 0x08, 0x10, 0x20, 0x40, 0x80, 0x40,
  0x81, 0x80, 0x82, 0xbe, 0x00, 0xd9, 0x08, 0x02, 0x04, 0x08, 0x10, 0x20,
  0x40, 0x80, 0x00, 0x01, 0x02, 0x04, 0x08, 0x10, 0x20, 0x40, 0x80, 0x00,
  0x01, 0x02, 0x04, 0x08, 0x10, 0x20, 0x40, 0x80, 0x00, 0x01, 0x02, 0x04,
  0x08, 0x10, 0x20, 0xa0, 0xa0, 0x77, 0x07, 0x08, 0x10, 0x20, 0x40, 0x80,
  0x00, 0x01, 0x02, 0x04, 0x08, 0x10, 0x20, 0x40, 0x80, 0x00, 0x01, 0x02,
  0x04, 0x08, 0x10, 0x20, 0x40, 0x80, 0x00, 0x01, 0x02, 0x04, 0x08, 0x10,
  0x20, 0x40, 0x80, 0x40, 0x81, 0x80, 0x82, 0xbe, 0x00, 0xd9, 0x08, 0x02,
  0x04, 0x08, 0x10, 0x20, 0x40, 0x80, 0x00, 0x01, 0x02, 0x04, 0x08, 0x10,
  0x20, 0x40, 0x80, 0x00, 0x01, 0x02, 0x04, 0x08, 0x10, 0x20, 0x40, 0x80,
  0x00, 0x01, 0x02, 0x04, 0x08, 0x10, 0x20, 0xa0, 0xa0, 0x77, 0x07, 0x08,
  0x10, 0x20, 0x40, 0x80, 0x00, 0x01, 0x02, 0x04, 0x08, 0x10, 0x20, 0x40,
  0x80, 0x00, 0x01, 0x02, 0x04, 0x08, 0x10, 0x20, 0x40, 0x80, 0x00, 0x01,
  0x02, 0x04, 0x08, 0x10, 0x20, 0x40, 0x80, 0x40, 0x81, 0x80, 0x82, 0xbe,
  0x00, 0xd9, 0x08, 0x02, 0x04, 0x08, 0x10, 0x20, 0x40, 0x80, 0x00, 0x01,
  0x02, 0x04, 0x08, 0x10, 0x20, 0x40, 0x80, 0x00, 0x01, 0x02, 0x04, 0x08,
  0x10, 0x20, 0x40, 0x80, 0x00, 0x01, 0x02, 0x04, 0x08, 0x10, 0x20, 0xa0,
  0xa0, 0x77, 0x07, 0x08, 0x10, 0x20, 0x40, 0x80, 0x00, 0x01, 0x02, 0x04,
  0x08, 0x10, 0x20, 0x40, 0x80, 0x00, 0x01, 0x02, 0x04, 0x08, 0x10, 0x20,
  0x40, 0x80, 0x00, 0x01, 0x02, 0x04, 0x08, 0x10, 0x20, 0x40, 0x80, 0x40,
  0x81, 0x80, 0x82, 0xbe, 0x00, 0xd9, 0x08, 0x02, 0x04, 0x08, 0x10, 0x20,
  0x40, 0x80, 0x00, 0x01, 0x02, 0x04, 0x08, 0x10, 0x20, 0x40, 0x80, 0x00,
  0x01, 0x02, 0x04, 0x08, 0x10, 0x20, 0x40, 0x80, 0x00, 0x01, 0x02, 0x04,
  0x08, 0x10, 0x20, 0xa0, 0xa0, 0x77, 0x07, 0x08, 0x10, 0x20, 0x40, 0x80,
  0x00, 0x01, 0x02, 0x04, 0x08, 0x10, 0x20, 0x40, 0x80, 0x00, 0x01, 0x02,
  0x04, 0x08, 0x10, 0x20, 0x40, 0x80, 0x00, 0x01, 0x02, 0x04, 0x08, 0x10,
  0x20, 0x40, 0x80, 0x40, 0x81, 0x80, 0x82, 0xbe, 0x00, 0xd9, 0x08, 0x02,
  0x04, 0x08, 0x10, 0x20, 0x40, 0x80, 0x00, 0x01, 0x02, 0x04, 0x08, 0x10,
  0x20, 0x40, 0x80, 0x00, 0x01, 0x02, 0x04, 0x08, 0x10, 0x20, 0x40, 0x80,
  0x00, 0x01, 0x02, 0x04, 0x08, 0x10, 0x20, 0xa0, 0xa0, 0x77, 0x07, 0x08,
  0x10, 0x20, 0x40, 0x80, 0x00, 0x01, 0x02, 0x04, 0x08, 0x10, 0x20, 0x40,
  0x80, 0x00, 0x01, 0x02, 0x04, 0x08, 0x10, 0x20, 0x40, 0x80, 0x00, 0x01,
  0x02, 0x04, 0x08, 0x10, 0x20, 0x40, 0x80, 0x40, 0x81, 0x80, 0x82, 0xbe,
  0x00, 0xd9, 0x08, 0x02, 0x04, 0x08, 0x10, 0x20, 0x40, 0x80, 0x00, 0x01,
  0x02, 0x04, 0x08, 0x10, 0x20, 0x40, 0x80, 0x00, 0x01, 0x02, 0x04, 0x08,
  0x10, 0x20, 0x40, 0x80, 0x00, 0x01, 0x02, 0x04, 0x08, 0x10, 0x20, 0xa0,
  0xa0, 0x77, 0x07, 0x08, 0x10, 0x20, 0x40, 0x80, 0x00, 0x01, 0x02, 0x04,
  0x08, 0x10, 0x20, 0x40, 0x80, 0x00, 0x01, 0x02, 0x04, 0x08, 0x10, 0x20,
  0x40, 0x80, 0x00, 0x01, 0x02, 0x04, 0x08, 0x10, 0x20, 0x40, 0x80, 0x40,
  0x81, 0xc0, 0x83, 0xa3, 0x3f, 0xff, 0xc5, 0xcb, 0x82, 0x39, 0x3f, 0x3a,
  0xe2, 0xcd, 0xef, 0xbf, 0xee, 0x1c, 0x1f, 0x3d, 0xfb, 0x87, 0xb7, 0xde,
  0x6d, 0xdb, 0x5f, 0xee, 0x6d, 0xf4, 0x7f, 0xd4, 0x99, 0xfb, 0xdd, 0xd6,
  0xb2, 0xcf, 0xcc, 0x5e, 0xee, 0x99, 0xb9, 0xfb, 0x33, 0xdf, 0x97, 0xfb,
  0xdd, 0xe4, 0xce, 0xef, 0xfb, 0xee, 0x3f, 0xf3, 0xff, 0xf1, 0xeb, 0x7f,
  0xe9, 0xc5, 0x37, 0x9d, 0x00, 0x81, 0x52, 0x81, 0xef, 0xbe, 0xf9, 0xaa,
  0x74, 0xde, 0xff, 0x1e, 0x76, 0xfa, 0xf8, 0x49, 0xeb, 0xfc, 0xce, 0xe1,
  0xff, 0xf6, 0xd7, 0x7f, 0xd5, 0x36, 0xfe, 0x9d, 0x77, 0xde, 0x69, 0x9b,
  0x7d, 0x37, 0xf8, 0xe9, 0xf3, 0x17, 0xad, 0xf3, 0x0d, 0x27, 0x40, 0x80,
  0x40, 0x8a, 0xc0, 0xd5, 0xf5, 0x4d, 0xca, 0xaa, 0xf6, 0xfc, 0x6f, 0x02,
  0x27, 0xc7, 0x47, 0x3c, 0x08, 0x10, 0x08, 0x12, 0xb8, 0xb8, 0xcc, 0xfe,
  0xae, 0x4f, 0xfe, 0x19, 0x5e, 0xd0, 0x35, 0x7f, 0x65, 0x55, 0xbf, 0x41,
  0x9f, 0x9c, 0xbe, 0xdd, 0x09, 0x10, 0x20, 0x40, 0x80, 0x00, 0x01, 0x02,
  0x04, 0x08, 0x10, 0x20, 0x40, 0x80, 0x00, 0x01, 0x02, 0x04, 0x08, 0x10,
  0x20, 0x40, 0x80, 0x00, 0x01, 0x02, 0x04, 0x08, 0x10, 0x20, 0x40, 0xa0,
  0x4c, 0x40, 0x41, 0x5f, 0x46, 0x6d, 0x10, 0x01, 0x02, 0x04, 0x08, 0x10,
  0x20, 0x40, 0x80, 0x00, 0x01, 0x02, 0x04, 0x08, 0x10, 0x20, 0x40, 0x80,
  0x00, 0x01, 0x02, 0x04, 0x08, 0x10, 0x20, 0x40, 0x80, 0x00, 0x01, 0x02,
  0x04, 0x08, 0x24, 0x0b, 0x28, 0xe8, 0x93, 0xd3, 0xb7, 0x3b, 0x01, 0x02,
  0x04, 0x08, 0x10, 0x20, 0x40, 0x80, 0x00, 0x01, 0x02, 0x04, 0x08, 0x10,
  0x20, 0x40, 0x80, 0x00, 0x01, 0x02, 0x04, 0x08, 0x10, 0x20, 0x40, 0x80,
  0x00, 0x01, 0x02, 0x04, 0x08, 0x94, 0x09, 0x28, 0xe8, 0xcb, 0xa8, 0x0d,
  0x22, 0x40, 0x80, 0x00, 0x01, 0x02, 0x04, 0x08, 0x10, 0x20, 0x40, 0x80,
  0x00, 0x01, 0x02, 0x04, 0x08, 0x10, 0x20, 0x40, 0x80, 0x00, 0x01, 0x02,
  0x04, 0x08, 0x10, 0x20, 0x40, 0x80, 0x00, 0x81, 0x64, 0x01, 0x05, 0x7d,
  0x72, 0xfa, 0x76, 0x27, 0x40, 0x80, 0x00, 0x01, 0x02, 0x04, 0x08, 0x10,
  0x20, 0x40, 0x80, 0x00, 0x01, 0x02, 0x04, 0x08, 0x10, 0x20, 0x40, 0x80,
  0x00, 0x01, 0x02, 0x04, 0x08, 0x10, 0x20, 0x40, 0x80, 0x00, 0x81, 0x32,
  0x01, 0x05, 0x7d, 0x19, 0xb5, 0x41, 0x04, 0x08, 0x10, 0x20, 0x40, 0x80,
  0x00, 0x01, 0x02, 0x04, 0x08, 0x10, 0x20, 0x40, 0x80, 0x00, 0x01, 0x02,
  0x04, 0x08, 0x10, 0x20, 0x40, 0x80, 0x00, 0x01, 0x02, 0x04, 0x08, 0x10,
  0x20, 0x90, 0x2c, 0xa0, 0xa0, 0x4f, 0x4e, 0xdf, 0xee, 0x04, 0x08, 0x10,
  0x20, 0x40, 0x80, 0x00, 0x01, 0x02, 0x04, 0x08, 0x10, 0x20, 0x40, 0x80,
  0x00, 0x01, 0x02, 0x04, 0x08, 0x10, 0x20, 0x40, 0x80, 0x00, 0x01, 0x02,
  0x04, 0x08, 0x10, 0x20, 0x50, 0x26, 0xa0, 0xa0, 0x2f, 0xa3, 0x36, 0x88,
  0x00, 0x01, 0x02, 0x04, 0x08, 0x10, 0x20, 0x40, 0x80, 0x00, 0x01, 0x02,
  0x04, 0x08, 0x10, 0x20, 0x40, 0x80, 0x00, 0x01, 0x02, 0x04, 0x08, 0x10,
  0x20, 0x40, 0x80, 0x00, 0x01, 0x02, 0x04, 0x92, 0x05, 0x14, 0xf4, 0xc9,
  0xe9, 0xdb, 0x9d, 0x00, 0x01, 0x02, 0x04, 0x08, 0x10, 0x20, 0x40, 0x80,
  0x00, 0x01, 0x02, 0x04, 0x08, 0x10, 0x20, 0x40, 0x80, 0x00, 0x01, 0x02,
  0x04, 0x08, 0x10, 0x20, 0x40, 0x80, 0x00, 0x01, 0x02, 0x04, 0xca, 0x04,
  0x14, 0xf4, 0x65, 0xd4, 0x06, 0x11, 0x20, 0x40, 0x80, 0x00, 0x01, 0x02,
  0x04, 0x08, 0x10, 0x20, 0x40, 0x80, 0x00, 0x01, 0x02, 0x04, 0x08, 0x10,
  0x20, 0x40, 0x80, 0x00, 0x01, 0x02, 0x04, 0x08, 0x10, 0x20, 0x40, 0x80,
  0x40, 0xb2, 0x80, 0x82, 0x3e, 0x39, 0x7d, 0xbb, 0x13, 0x20, 0x40, 0x80,
  0x00, 0x01, 0x02, 0x04, 0x08, 0x10, 0x20, 0x40, 0x80, 0x00, 0x01, 0x02,
  0x04, 0x08, 0x10, 0x20, 0x40, 0x80, 0x00, 0x01, 0x02, 0x04, 0x08, 0x10,
  0x20, 0x40, 0x80, 0x40, 0x99, 0x80, 0x82, 0xbe, 0x8c, 0xda, 0x20, 0x02,
  0x04, 0x08, 0x10, 0x20, 0x40, 0x80, 0x00, 0x01, 0x02, 0x04, 0x08, 0x10,
  0x20, 0x40, 0x80, 0x00, 0x01, 0x02, 0x04, 0x08, 0x10, 0x20, 0x40, 0x80,
  0x00, 0x01, 0x02, 0x04, 0x08, 0x10, 0x48, 0x16, 0x50, 0xd0, 0x27, 0xa7,
  0x6f, 0x77, 0x02, 0x04, 0x08, 0x10, 0x20, 0x40, 0x80, 0x00, 0x01, 0x02,
  0x04, 0x08, 0x10, 0x20, 0x40, 0x80, 0x00, 0x01, 0x02, 0x04, 0x08, 0x10,
  0x20, 0x40, 0x80, 0x00, 0x01, 0x02, 0x04, 0x08, 0x10, 0x28, 0x13, 0x50,
  0xd0, 0x97, 0x51, 0x1b, 0x44, 0x80, 0x00, 0x01, 0x02, 0x04, 0x08, 0x10,
  0x20, 0x40, 0x80, 0x00, 0x01, 0x02, 0x04, 0x08, 0x10, 0x20, 0x40, 0x80,
  0x00, 0x01, 0x02, 0x04, 0x08, 0x10, 0x20, 0x40, 0x80, 0x00, 0x01, 0x02,
  0xc9, 0x02, 0x0a, 0xfa, 0xe4, 0xf4, 0xed, 0x4e, 0x80, 0x00, 0x01, 0x02,
  0x04, 0x08, 0x10, 0x20, 0x40, 0x80, 0x00, 0x01, 0x02, 0x04, 0x08, 0x10,
  0x20, 0x40, 0x80, 0x00, 0x01, 0x02, 0x04, 0x08, 0x10, 0x20, 0x40, 0x80,
  0x00, 0x01, 0x02, 0x65, 0x02, 0x0a, 0xfa, 0x32, 0x6a, 0x83, 0x08, 0x10,
  0x20, 0x40, 0x80, 0x00, 0x01, 0x02, 0x04, 0x08, 0x10, 0x20, 0x40, 0x80,
  0x00, 0x01, 0x02, 0x04, 0x08, 0x10, 0x20, 0x40, 0x80, 0x00, 0x01, 0x02,
  0x04, 0x08, 0x10, 0x20, 0x40, 0x20, 0x59, 0x40, 0x41, 0x9f, 0x9c, 0xbe,
  0xdd, 0x09, 0x10, 0x20, 0x40, 0x80, 0x00, 0x01, 0x02, 0x04, 0x08, 0x10,
  0x20, 0x40, 0x80, 0x00, 0x01, 0x02, 0x04, 0x08, 0x10, 0x20, 0x40, 0x80,
  0x00, 0x01, 0x02, 0x04, 0x08, 0x10, 0x20, 0x40, 0xa0, 0x4c, 0x40, 0x41,
  0x5f, 0x46, 0x6d, 0x10, 0x01, 0x02, 0x04, 0x08, 0x10, 0x20, 0x40, 0x80,
  0x00, 0x01, 0x02, 0x04, 0x08, 0x10, 0x20, 0x40, 0x80, 0x00, 0x01, 0x02,
  0x04, 0x08, 0x10, 0x20, 0x40, 0x80, 0x00, 0x01, 0x02, 0x04, 0x08, 0x24,
  0x0b, 0x28, 0xe8, 0x93, 0xd3, 0xb7, 0x3b, 0x01, 0x02, 0x04, 0x08, 0x10,
  0x20, 0x40, 0x80, 0x00, 0x01, 0x02, 0x04, 0x08, 0x10, 0x20, 0x40, 0x80,
  0x00, 0x01, 0x02, 0x04, 0x08, 0x10, 0x20, 0x40, 0x80, 0x00, 0x01, 0x02,
  0x04, 0x08, 0x94, 0x09, 0x28, 0xe8, 0xcb, 0xa8, 0x0d, 0x22, 0x40, 0x80,
  0x00, 0x01, 0x02, 0x04, 0x08, 0x10, 0x20, 0x40, 0x80, 0x00, 0x01, 0x02,
  0x04, 0x08, 0x10, 0x20, 0x40, 0x80, 0x00, 0x01, 0x02, 0x04, 0x08, 0x10,
  0x20, 0x40, 0x80, 0x00, 0x81, 0x64, 0x01, 0x05, 0x7d, 0x72, 0xfa, 0x76,
  0x27, 0x40, 0x80, 0x00, 0x01, 0x02, 0x04, 0x08, 0x10, 0x20, 0x40, 0x80,
  0x00, 0x01, 0x02, 0x04, 0x08, 0x10, 0x20, 0x40, 0x80, 0x00, 0x01, 0x02,
  0x04, 0x08, 0x10, 0x20, 0x40, 0x80, 0x00, 0x81, 0x32, 0x01, 0x05, 0x7d,
  0x19, 0xb5, 0x41, 0x04, 0x08, 0x10, 0x20, 0x40, 0x80, 0x00, 0x01, 0x02,
  0x04, 0x08, 0x10, 0x20, 0x40, 0x80, 0x00, 0x01, 0x02, 0x04, 0x08, 0x10,
  0x20, 0x40, 0x80, 0x00, 0x01, 0x02, 0x04, 0x08, 0x10, 0x20, 0x90, 0x2c,
  0xa0, 0xa0, 0x4f, 0x4e, 0xdf, 0xee, 0x04, 0x08, 0x10, 0x20, 0x40, 0x80,
  0x00, 0x01, 0x02, 0x04, 0x08, 0x10, 0x20, 0x40, 0x80, 0x00, 0x01, 0x02,
  0x04, 0x08, 0x10, 0x20, 0x40, 0x80, 0x00, 0x01, 0x02, 0x04, 0x08, 0x10,
  0x20, 0x50, 0x26, 0xa0, 0xa0, 0x2f, 0xa3, 0x36, 0x88, 0x00, 0x01, 0x02,
  0x04, 0x08, 0x10, 0x20, 0x40, 0x80, 0x00, 0x01, 0x02, 0x04, 0x08, 0x10,
  0x20, 0x40, 0x80, 0x00, 0x01, 0x02, 0x04, 0x08, 0x10, 0x20, 0x40, 0x80,
  0x00, 0x01, 0x02, 0x04, 0x92, 0x05, 0x14, 0xf4, 0xc9, 0xe9, 0xdb, 0x9d,
  0x00, 0x01, 0x02, 0x04, 0x08, 0x10, 0x20, 0x40, 0x80, 0x00, 0x01, 0x02,
  0x04, 0x08, 0x10, 0x20, 0x40, 0x80, 0x00, 0x01, 0x02, 0x04, 0x08, 0x10,
  0x20, 0x40, 0x80, 0x00, 0x01, 0x02, 0x04, 0xca, 0x04, 0x14, 0xf4, 0x65,
  0xd4, 0x06, 0x11, 0x20, 0x40, 0x80, 0x00, 0x01, 0x02, 0x04, 0x08, 0x10,
  0x20, 0x40, 0x80, 0x00, 0x01, 0x02, 0x04, 0x08, 0x10, 0x20, 0x40, 0x80,
  0x00, 0x01, 0x02, 0x04, 0x08, 0x10, 0x20, 0x40, 0x80, 0x40, 0xb2, 0x80,
  0x82, 0x3e, 0x39, 0x7d, 0xbb, 0x13, 0x20, 0x40, 0x80, 0x00, 0x01, 0x02,
  0x04, 0x08, 0x10, 0x20, 0x40, 0x80, 0x00, 0x01, 0x02, 0x04, 0x08, 0x10,
  0x20, 0x40, 0x80, 0x00, 0x01, 0x02, 0x04, 0x08, 0x10, 0x20, 0x40, 0x80,
  0x40, 0x99, 0x80, 0x82, 0xbe, 0x8c, 0xda, 0x20, 0x02, 0x04, 0x08, 0x10,
  0x20, 0x40, 0x80, 0x00, 0x01, 0x02, 0x04, 0x08, 0x10, 0x20, 0x40, 0x80,
  0x00, 0x01, 0x02, 0x04, 0x08, 0x10, 0x20, 0x40, 0x80, 0x00, 0x01, 0x02,
  0x04, 0x08, 0x10, 0x48, 0x16, 0x50, 0xd0, 0x27, 0xa7, 0x6f, 0x77, 0x02,
  0x04, 0x08, 0x10, 0x20, 0x40, 0x80, 0x00, 0x01, 0x02, 0x04, 0x08, 0x10,
  0x20, 0x40, 0x80, 0x00, 0x01, 0x02, 0x04, 0x08, 0x10, 0x20, 0x40, 0x80,
  0x00, 0x01, 0x02, 0x04, 0x08, 0x10, 0x28, 0x13, 0x50, 0xd0, 0x97, 0x51,
  0x1b, 0x44, 0x80, 0x00, 0x01, 0x02, 0x04, 0x08, 0x10, 0x20, 0x40, 0x80,
  0x00, 0x01, 0x02, 0x04, 0x08, 0x10, 0x20, 0x40, 0x80, 0x00, 0x01, 0x02,
  0x04, 0x08, 0x10, 0x20, 0x40, 0x80, 0x00, 0x01, 0x02, 0xc9, 0x02, 0x0a,
  0xfa, 0xe4, 0xf4, 0xed, 0x4e, 0x80, 0x00, 0x01, 0x02, 0x04, 0x08, 0x10,
  0x20, 0x40, 0x80, 0x00, 0x01, 0x02, 0x04, 0x08, 0x10, 0x20, 0x40, 0x80,
  0x00, 0x01, 0x02, 0x04, 0x08, 0x10, 0x20, 0x40, 0x80, 0x00, 0x01, 0x02,
  0x65, 0x02, 0x0f, 0x4e, 0x4f, 0x1f, 0xbd, 0x2c, 0x9b, 0x66, 0x10, 0x01,
  0x02, 0x04, 0x08, 0x10, 0x20, 0x40, 0x80, 0xc0, 0xf2, 0x02, 0xff, 0xfa,
  0x8f, 0xbf, 0x6c, 0xdd, 0xf1, 0xf4, 0xf1, 0x93, 0xd6, 0xf9, 0x86, 0x13,
  0x20, 0x90, 0x25, 0xf0, 0xdd, 0x37, 0x5f, 0xb5, 0x2d, 0x9c, 0xfc, 0x7d,
  0xf7, 0xc6, 0x47, 0x1f, 0xb6, 0xb9, 0xdf, 0x0d, 0x7e, 0xfa, 0xfc, 0x45,
  0xeb, 0x7c, 0xc3, 0x09, 0x10, 0x20, 0x90, 0x22, 0x70, 0x75, 0x7d, 0x93,
  0xb2, 0xaa, 0x3d, 0x27, 0x12, 0x38, 0x39, 0x3e, 0x9a, 0xe8, 0x34, 0x8e,
  0x42, 0x80, 0xc0, 0xeb, 0x16, 0xb8, 0xb8, 0xf4, 0xbf, 0x35, 0xaf, 0xdb,
  0xd8, 0xe7, 0xbf, 0x2a, 0xe0, 0x37, 0xe8, 0xdd, 0x0a, 0x02, 0x04, 0x08,
  0x10, 0x20, 0x40, 0x80, 0x00, 0x01, 0x02, 0x04, 0x08, 0x10, 0x20, 0x40,
  0x80, 0x00, 0x01, 0x02, 0x04, 0x08, 0x10, 0x20, 0x40, 0x80, 0x00, 0x01,
  0x02, 0x04, 0x08, 0x10, 0x20, 0x50, 0x20, 0xa0, 0xa0, 0x2f, 0x40, 0x36,
  0x82, 0x00, 0x01, 0x02, 0x04, 0x08, 0x10, 0x20, 0x40, 0x80, 0x00, 0x01,
  0x02, 0x04, 0x08, 0x10, 0x20, 0x40, 0x80, 0x00, 0x01, 0x02, 0x04, 0x08,
  0x10, 0x20, 0x40, 0x80, 0x00, 0x01, 0x02, 0x04, 0x08, 0x28, 0xe8, 0xdd,
  0x01, 0x02, 0x04, 0x08, 0x10, 0x20, 0x40, 0x80, 0x00, 0x01, 0x02, 0x04,
  0x08, 0x10, 0x20, 0x40, 0x80, 0x00, 0x01, 0x02, 0x04, 0x08, 0x10, 0x20,
  0x40, 0x80, 0x00, 0x01, 0x02, 0x04, 0x08, 0x10, 0x20, 0x50, 0x20, 0xa0,
  0xa0, 0x2f, 0x40, 0x36, 0x82, 0x00, 0x01, 0x02, 0x04, 0x08, 0x10, 0x20,
  0x40, 0x80, 0x00, 0x01, 0x02, 0x04, 0x08, 0x10, 0x20, 0x40, 0x80, 0x00,
  0x01, 0x02, 0x04, 0x08, 0x10, 0x20, 0x40, 0x80, 0x00, 0x01, 0x02, 0x04,
  0x08, 0x28, 0xe8, 0xdd, 0x01, 0x02, 0x04, 0x08, 0x10, 0x20, 0x40, 0x80,
  0x00, 0x01, 0x02, 0x04, 0x08, 0x10, 0x20, 0x40, 0x80, 0x00, 0x01, 0x02,
  0x04, 0x08, 0x10, 0x20, 0x40, 0x80, 0x00, 0x01, 0x02, 0x04, 0x08, 0x10,
  0x20, 0x50, 0x20, 0xa0, 0xa0, 0x2f, 0x40, 0x36, 0x82, 0x00, 0x01, 0x02,
  0x04, 0x08, 0x10, 0x20, 0x40, 0x80, 0x00, 0x01, 0x02, 0x04, 0x08, 0x10,
  0x20, 0x40, 0x80, 0x00, 0x01, 0x02, 0x04, 0x08, 0x10, 0x20, 0x40, 0x80,
  0x00, 0x01, 0x02, 0x04, 0x08, 0x28, 0xe8, 0xdd, 0x01, 0x02, 0x04, 0x08,
  0x10, 0x20, 0x40, 0x80, 0x00, 0x01, 0x02, 0x04, 0x08, 0x10, 0x20, 0x40,
  0x80, 0x00, 0x01, 0x02, 0x04, 0x08, 0x10, 0x20, 0x40, 0x80, 0x00, 0x01,
  0x02, 0x04, 0x08, 0x10, 0x20, 0x50, 0x20, 0xa0, 0xa0, 0x2f, 0x40, 0x36,
  0x82, 0x00, 0x01, 0x02, 0x04, 0x08, 0x10, 0x20, 0x40, 0x80, 0x00, 0x01,
  0x02, 0x04, 0x08, 0x10, 0x20, 0x40, 0x80, 0x00, 0x01, 0x02, 0x04, 0x08,
  0x10, 0x20, 0x40, 0x80, 0x00, 0x01, 0x02, 0x04, 0x08, 0x28, 0xe8, 0xdd,
  0x01, 0x02, 0x04, 0x08, 0x10, 0x20, 0x40, 0x80, 0x00, 0x01, 0x02, 0x04,
  0x08, 0x10, 0x20, 0x40, 0x80, 0x00, 0x01, 0x02, 0x04, 0x08, 0x10, 0x20,
  0x40, 0x80, 0x00, 0x01, 0x02, 0x04, 0x08, 0x10, 0x20, 0x50, 0x20, 0xa0,
  0xa0, 0x2f, 0x40, 0x36, 0x82, 0x00, 0x01, 0x02, 0x04, 0x08, 0x10, 0x20,
  0x40, 0x80, 0x00, 0x01, 0x02, 0x04, 0x08, 0x10, 0x20, 0x40, 0x80, 0x00,
  0x01, 0x02, 0x04, 0x08, 0x10, 0x20, 0x40, 0x80, 0x00, 0x01, 0x02, 0x04,
  0x08, 0x28, 0xe8, 0xdd, 0x01, 0x02, 0x04, 0x08, 0x10, 0x20, 0x40, 0x80,
  0x00, 0x01, 0x02, 0x04, 0x08, 0x10, 0x20, 0x40, 0x80, 0x00, 0x01, 0x02,
  0x04, 0x08, 0x10, 0x20, 0x40, 0x80, 0x00, 0x01, 0x02, 0x04, 0x08, 0x10,
  0x20, 0x50, 0x20, 0xa0, 0xa0, 0x2f, 0x40, 0x36, 0x82, 0x00, 0x01, 0x02,
  0x04, 0x08, 0x10, 0x20, 0x40, 0x80, 0x00, 0x01, 0x02, 0x04, 0x08, 0x10,
  0x20, 0x40, 0x80, 0x00, 0x01, 0x02, 0x04, 0x08, 0x10, 0x20, 0x40, 0x80,
  0x00, 0x01, 0x02, 0x04, 0x08, 0x28, 0xe8, 0xdd, 0x01, 0x02, 0x04, 0x08,
  0x10, 0x20, 0x40, 0x80, 0x00, 0x01, 0x02, 0x04, 0x08, 0x10, 0x20, 0x40,
  0x80, 0x00, 0x01, 0x02, 0x04, 0x08, 0x10, 0x20, 0x40, 0x80, 0x00, 0x01,
  0x02, 0x04, 0x08, 0x10, 0x20, 0x50, 0x20, 0xa0, 0xa0, 0x2f, 0x40, 0x36,
  0x82, 0x00, 0x01, 0x02, 0x04, 0x08, 0x10, 0x20, 0x40, 0x80, 0x00, 0x01,
  0x02, 0x04, 0x08, 0x10, 0x20, 0x40, 0x80, 0x00, 0x01, 0x02, 0x04, 0x08,
  0x10, 0x20, 0x40, 0x80, 0x00, 0x01, 0x02, 0x04, 0x08, 0x28, 0xe8, 0xdd,
  0x01, 0x02, 0x04, 0x08, 0x10, 0x20, 0x40, 0x80, 0x00, 0x01, 0x02, 0x04,
  0x08, 0x10, 0x20, 0x40, 0x80, 0x00, 0x01, 0x02, 0x04, 0x08, 0x10, 0x20,
  0x40, 0x80, 0x00, 0x01, 0x02, 0x04, 0x08, 0x10, 0x20, 0x50, 0x20, 0xa0,
  0xa0, 0x2f, 0x40, 0x36, 0x82, 0x00, 0x01, 0x02, 0x04, 0x08, 0x10, 0x20,
  0x40, 0x80, 0x00, 0x01, 0x02, 0x04, 0x08, 0x10, 0x20, 0x40, 0x80, 0x00,
  0x01, 0x02, 0x04, 0x08, 0x10, 0x20, 0x40, 0x80, 0x00, 0x01, 0x02, 0x04,
  0x08, 0x28, 0xe8, 0xdd, 0x01, 0x02, 0x04, 0x08, 0x10, 0x20, 0x40, 0x80,
  0x00, 0x01, 0x02, 0x04, 0x08, 0x10, 0x20, 0x40, 0x80, 0x00, 0x01, 0x02,
  0x04, 0x08, 0x10, 0x20, 0x40, 0x80, 0x00, 0x01, 0x02, 0x04, 0x08, 0x10,
  0x20, 0x50, 0x20, 0xa0, 0xa0, 0x2f, 0x40, 0x36, 0x82, 0x00, 0x01, 0x02,
  0x04, 0x08, 0x10, 0x20, 0x40, 0x80, 0x00, 0x01, 0x02, 0x04, 0x08, 0x10,
  0x20, 0x40, 0x80, 0x00, 0x01, 0x02, 0x04, 0x08, 0x10, 0x20, 0x40, 0x80,
  0x00, 0x01, 0x02, 0x04, 0x08, 0x28, 0xe8, 0xdd, 0x01, 0x02, 0x04, 0x08,
  0x10, 0x20, 0x40, 0x80, 0x00, 0x01, 0x02, 0x04, 0x08, 0x10, 0x20, 0x40,
  0x80, 0x00, 0x01, 0x02, 0x04, 0x08, 0x10, 0x20, 0x40, 0x80, 0x00, 0x01,
  0x02, 0x04, 0x08, 0x10, 0x20, 0x50, 0x20, 0xa0, 0xa0, 0x2f, 0x40, 0x36,
  0x82, 0x00, 0x01, 0x02, 0x04, 0x08, 0x10, 0x20, 0x40, 0x80, 0x00, 0x01,
  0x02, 0x04, 0x08, 0x10, 0x20, 0x40, 0x80, 0x00, 0x01, 0x02, 0x04, 0x08,
  0x10, 0x20, 0x40, 0x80, 0x00, 0x01, 0x02, 0x04, 0x08, 0x28, 0xe8, 0xdd,
  0x01, 0x02, 0x04, 0x08, 0x10, 0x20, 0x40, 0x80, 0x00, 0x01, 0x02, 0x04,
  0x08, 0x10, 0x20, 0x40, 0x80, 0x00, 0x01, 0x02, 0x04, 0x08, 0x10, 0x20,
  0x40, 0x80, 0x00, 0x01, 0x02, 0x04, 0x08, 0x10, 0x20, 0x50, 0x20, 0xa0,
  0xa0, 0x2f, 0x40, 0x36, 0x82, 0x00, 0x01, 0x02, 0x04, 0x08, 0x10, 0x20,
  0x40, 0x80, 0x00, 0x01, 0x02, 0x04, 0x08, 0x10, 0x20, 0x40, 0x80, 0x00,
  0x01, 0x02, 0x04, 0x08, 0x10, 0x20, 0x40, 0x80, 0x00, 0x01, 0x02, 0x04,
  0x08, 0x28, 0xe8, 0xdd, 0x01, 0x02, 0x04, 0x08, 0x10, 0x20, 0x40, 0x80,
  0x00, 0x01, 0x02, 0x04, 0x08, 0x10, 0x20, 0x40, 0x80, 0x00, 0x01, 0x02,
  0x04, 0x08, 0x10, 0x20, 0x40, 0x80, 0x00, 0x01, 0x02, 0x04, 0x08, 0x10,
  0x20, 0x50, 0x20, 0xa0, 0xa0, 0x2f, 0x40, 0x36, 0x82, 0x00, 0x01, 0x02,
  0x04, 0x08, 0x10, 0x20, 0x40, 0x80, 0x00, 0x01, 0x02, 0x04, 0x08, 0x10,
  0x20, 0x40, 0x80, 0x00, 0x01, 0x02, 0x04, 0x08, 0x10, 0x20, 0x40, 0x80,
  0x00, 0x01, 0x02, 0x04, 0x08, 0x28, 0xe8, 0xdd, 0x01, 0x02, 0x04, 0x08,
  0x10, 0x20, 0x40, 0x80, 0x00, 0x01, 0x02, 0x04, 0x08, 0x10, 0x20, 0x40,
  0x80, 0x00, 0x01, 0x02, 0x04, 0x08, 0x10, 0x20, 0x40, 0x80, 0x00, 0x01,
  0x02, 0x04, 0x08, 0x10, 0x20, 0x50, 0x20, 0xa0, 0xa0, 0x2f, 0x40, 0x36,
  0x82, 0x00, 0x01, 0x02, 0x04, 0x08, 0x10, 0x20, 0x40, 0x80, 0x00, 0x01,
  0x02, 0x04, 0x08, 0x10, 0x20, 0x40, 0x80, 0x00, 0x01, 0x02, 0x04, 0x08,
  0x10, 0x20, 0x40, 0x80, 0x00, 0x01, 0x02, 0x04, 0x08, 0x28, 0xe8, 0xdd,
  0x01, 0x02, 0x04, 0x08, 0x10, 0x20, 0x40, 0x80, 0x00, 0x01, 0x02, 0x04,
  0x08, 0x10, 0x20, 0x40, 0x80, 0x00, 0x01, 0x02, 0x04, 0x08, 0x10, 0x20,
  0x40, 0x80, 0x00, 0x01, 0x02, 0x04, 0x08, 0x10, 0x20, 0x50, 0x20, 0xa0,
  0xa0, 0x2f, 0x40, 0x36, 0x82, 0x00, 0x01, 0x02, 0x04, 0x08, 0x10, 0x20,
  0x40, 0x80, 0x00, 0x01, 0x02, 0x04, 0x08, 0x10, 0x20, 0x40, 0x80, 0x00,
  0x01, 0x02, 0x04, 0x08, 0x10, 0x20, 0x40, 0x80, 0x00, 0x01, 0x02, 0x04,
  0x08, 0x28, 0xe8, 0xdd, 0x01, 0x02, 0x04, 0x08, 0x10, 0x20, 0x40, 0x80,
  0x00, 0x01, 0x02, 0x04, 0x08, 0x10, 0x20, 0x40, 0x80, 0x00, 0x01, 0x02,
  0x04, 0x08, 0x10, 0x20, 0x40, 0x80, 0x00, 0x01, 0x02, 0x04, 0x08, 0x10,
  0x20, 0x50, 0x20, 0xa0, 0xa0, 0x2f, 0x40, 0x36, 0x82, 0x00, 0x01, 0x02,
  0x04, 0x08, 0x10, 0x20, 0x40, 0x80, 0x00, 0x01, 0x02, 0x04, 0x08, 0x10,
  0x20, 0x40, 0x80, 0x00, 0x01, 0x02, 0x04, 0x08, 0x10, 0x20, 0x40, 0x80,
  0x00, 0x01, 0x02, 0x04, 0x08, 0x1c, 0x20, 0x20, 0x40, 0x80, 0x00, 0x01,
  0x02, 0x04, 0x08, 0x10, 0x58, 0x4f, 0xe0, 0xf0, 0x70, 0xbd, 0x9d, 0x6c,
  0x44, 0x80, 0x00, 0x81, 0x19, 0x05, 0x4e, 0x1f, 0x3f, 0x99, 0xf1, 0x58,
  0xcb, 0x9f, 0xe9, 0xe9, 0xf3, 0x17, 0xcb, 0xef, 0x68, 0x41, 0x02, 0x04,
  0x08, 0x10, 0xc8, 0x16, 0xb8, 0xbd, 0xcd, 0xde, 0xbf, 0x73, 0xfb, 0x93,
  0xe3, 0xce, 0xe9, 0x66, 0x13, 0x20, 0x40, 0x80, 0x40, 0x82, 0x80, 0xdf,
  0xa0, 0x4f, 0x48, 0xd9, 0x8e, 0x04, 0x08, 0x10, 0x20, 0x40, 0x80, 0x00,
  0x01, 0x02, 0x04, 0x08, 0x10, 0x20, 0x40, 0x80, 0x00, 0x01, 0x02, 0x04,
  0x08, 0x10, 0x20, 0x40, 0x80, 0x00, 0x01, 0x02, 0x04, 0x08, 0x10, 0x20,
  0xd0, 0x2e, 0xa0, 0xa0, 0x6f, 0x8f, 0xc0, 0x01, 0x08, 0x10, 0x20, 0x40,
  0x80, 0x00, 0x01, 0x02, 0x04, 0x08, 0x10, 0x20, 0x40, 0x80, 0x00, 0x01,
  0x02, 0x04, 0x08, 0x10, 0x20, 0x40, 0x80, 0x00, 0x01, 0x02, 0x04, 0x08,
  0x10, 0x20, 0x40, 0x20, 0x41, 0x40, 0x41, 0x9f, 0x90, 0xb2, 0x1d, 0x09,
  0x10, 0x20, 0x40, 0x80, 0x00, 0x01, 0x02, 0x04, 0x08, 0x10, 0x20, 0x40,
  0x80, 0x00, 0x01, 0x02, 0x04, 0x08, 0x10, 0x20, 0x40, 0x80, 0x00, 0x01,
  0x02, 0x04, 0x08, 0x10, 0x20, 0x40, 0xa0, 0x5d, 0x40, 0x41, 0xdf, 0x1e,
  0x81, 0x03, 0x10, 0x20, 0x40, 0x80, 0x00, 0x01, 0x02, 0x04, 0x08, 0x10,
  0x20, 0x40, 0x80, 0x00, 0x01, 0x02, 0x04, 0x08, 0x10, 0x20, 0x40, 0x80,
  0x00, 0x01, 0x02, 0x04, 0x08, 0x10, 0x20, 0x40, 0x80, 0x40, 0x82, 0x80,
  0x82, 0x3e, 0x21, 0x65, 0x3b, 0x12, 0x20, 0x40, 0x80, 0x00, 0x01, 0x02,
  0x04, 0x08, 0x10, 0x20, 0x40, 0x80, 0x00, 0x01, 0x02, 0x04, 0x08, 0x10,
  0x20, 0x40, 0x80, 0x00, 0x01, 0x02, 0x04, 0x08, 0x10, 0x20, 0x40, 0x80,
  0x40, 0xbb, 0x80, 0x82, 0xbe, 0x3d, 0x02, 0x07, 0x20, 0x40, 0x80, 0x00,
  0x01, 0x02, 0x04, 0x08, 0x10, 0x20, 0x40, 0x80, 0x00, 0x01, 0x02, 0x04,
  0x08, 0x10, 0x20, 0x40, 0x80, 0x00, 0x01, 0x02, 0x04, 0x08, 0x10, 0x20,
  0x40, 0x80, 0x00, 0x81, 0x04, 0x01, 0x05, 0x7d, 0x42, 0xca, 0x76, 0x24,
  0x40, 0x80, 0x00, 0x01, 0x02, 0x04, 0x08, 0x10, 0x20, 0x40, 0x80, 0x00,
  0x01, 0x02, 0x04, 0x08, 0x10, 0x20, 0x40, 0x80, 0x00, 0x01, 0x02, 0x04,
  0x08, 0x10, 0x20, 0x40, 0x80, 0x00, 0x81, 0x76, 0x01, 0x05, 0x7d, 0x7b,
  0x04, 0x0e, 0x40, 0x80, 0x00, 0x01, 0x02, 0x04, 0x08, 0x10, 0x20, 0x40,
  0x80, 0x00, 0x01, 0x02, 0x04, 0x08, 0x10, 0x20, 0x40, 0x80, 0x00, 0x01,
  0x02, 0x04, 0x08, 0x10, 0x20, 0x40, 0x80, 0x00, 0x01, 0x02, 0x09, 0x02,
  0x0a, 0xfa, 0x84, 0x94, 0xed, 0x48, 0x80, 0x00, 0x01, 0x02, 0x04, 0x08,
  0x10, 0x20, 0x40, 0x80, 0x00, 0x01, 0x02, 0x04, 0x08, 0x10, 0x20, 0x40,
  0x80, 0x00, 0x01, 0x02, 0x04, 0x08, 0x10, 0x20, 0x40, 0x80, 0x00, 0x01,
  0x02, 0xed, 0x02, 0x0a, 0xfa, 0xf6, 0x08, 0x1c, 0x80, 0x00, 0x01, 0x02,
  0x04, 0x08, 0x10, 0x20, 0x40, 0x80, 0x00, 0x01, 0x02, 0x04, 0x08, 0x10,
  0x20, 0x40, 0x80, 0x00, 0x01, 0x02, 0x04, 0x08, 0x10, 0x20, 0x40, 0x80,
  0x00, 0x01, 0x02, 0x04, 0x12, 0x04, 0x14, 0xf4, 0x09, 0x29, 0xdb, 0x91,
  0x00, 0x01, 0x02, 0x04, 0x08, 0x10, 0x20, 0x40, 0x80, 0x00, 0x01, 0x02,
  0x04, 0x08, 0x10, 0x20, 0x40, 0x80, 0x00, 0x01, 0x02, 0x04, 0x08, 0x10,
  0x20, 0x40, 0x80, 0x00, 0x01, 0x02, 0x04, 0xda, 0x05, 0x14, 0xf4, 0xed,
  0x11, 0x38, 0x00, 0x01, 0x02, 0x04, 0x08, 0x10, 0x20, 0x40, 0x80, 0x00,
  0x01, 0x02, 0x04, 0x08, 0x10, 0x20, 0x40, 0x80, 0x00, 0x01, 0x02, 0x04,
  0x08, 0x10, 0x20, 0x40, 0x80, 0x00, 0x01, 0x02, 0x04, 0x08, 0x24, 0x08,
  0x28, 0xe8, 0x13, 0x52, 0xb6, 0x23, 0x01, 0x02, 0x04, 0x08, 0x10, 0x20,
  0x40, 0x80, 0x00, 0x01, 0x02, 0x04, 0x08, 0x10, 0x20, 0x40, 0x80, 0x00,
  0x01, 0x02, 0x04, 0x08, 0x10, 0x20, 0x40, 0x80, 0x00, 0x01, 0x02, 0x04,
  0x08, 0xb4, 0x0b, 0x28, 0xe8, 0xdb, 0x23, 0x70, 0x00, 0x02, 0x04, 0x08,
  0x10, 0x20, 0x40, 0x80, 0x00, 0x01, 0x02, 0x04, 0x08, 0x10, 0x20, 0x40,
  0x80, 0x00, 0x01, 0x02, 0x04, 0x08, 0x10, 0x20, 0x40, 0x80, 0x00, 0x01,
  0x02, 0x04, 0x08, 0x10, 0x48, 0x10, 0x50, 0xd0, 0x27, 0xa4, 0x6c, 0x47,
  0x02, 0x04, 0x08, 0x10, 0x20, 0x40, 0x80, 0x00, 0x01, 0x02, 0x04, 0x08,
  0x10, 0x20, 0x40, 0x80, 0x00, 0x01, 0x02, 0x04, 0x08, 0x10, 0x20, 0x40,
  0x80, 0x00, 0x01, 0x02, 0x04, 0x08, 0x10, 0x68, 0x17, 0x50, 0xd0, 0xb7,
  0x47, 0xe0, 0x00, 0x04, 0x08, 0x10, 0x20, 0x40, 0x80, 0x00, 0x01, 0x02,
  0x04, 0x08, 0x10, 0x20, 0x40, 0x80, 0x00, 0x01, 0x02, 0x04, 0x08, 0x10,
  0x20, 0x40, 0x80, 0x00, 0x01, 0x02, 0x04, 0x08, 0x10, 0x20, 0x90, 0x20,
  0xa0, 0xa0, 0x4f, 0x48, 0xd9, 0x8e, 0x04, 0x08, 0x10, 0x20, 0x40, 0x80,
  0x00, 0x01, 0x02, 0x04, 0x08, 0x10, 0x20, 0x40, 0x80, 0x00, 0x01, 0x02,
  0x04, 0x08, 0x10, 0x20, 0x40, 0x80, 0x00, 0x01, 0x02, 0x04, 0x08, 0x10,
  0x20, 0xd0, 0x2e, 0xa0, 0xa0, 0x6f, 0x8f, 0xc0, 0x01, 0x08, 0x10, 0x20,
  0x40, 0x80, 0x00, 0x01, 0x02, 0x04, 0x08, 0x10, 0x20, 0x40, 0x80, 0x00,
  0x01, 0x02, 0x04, 0x08, 0x10, 0x20, 0x40, 0x80, 0x00, 0x01, 0x02, 0x04,
  0x08, 0x10, 0x20, 0x40, 0x20, 0x41, 0x40, 0x41, 0x9f, 0x90, 0xb2, 0x1d,
  0x09, 0x10, 0x20, 0x40, 0x80, 0x00, 0x01, 0x02, 0x04, 0x08, 0x10, 0x20,
  0x40, 0x80, 0x00, 0x01, 0x02, 0x04, 0x08, 0x10, 0x20, 0x40, 0x80, 0x00,
  0x01, 0x02, 0x04, 0x08, 0x10, 0x20, 0x40, 0xa0, 0x5d, 0x40, 0x41, 0xdf,
  0x1e, 0x81, 0x03, 0x10, 0x20, 0x40, 0x80, 0x00, 0x01, 0x02, 0x04, 0x08,
  0x10, 0x20, 0x40, 0x80, 0x00, 0x01, 0x02, 0x04, 0x08, 0x10, 0x20, 0x40,
  0x80, 0x00, 0x01, 0x02, 0x04, 0x08, 0x10, 0x20, 0x40, 0x80, 0x40, 0x82,
  0x80, 0x82, 0x3e, 0x21, 0x65, 0x3b, 0x12, 0x20, 0x40, 0x80, 0x00, 0x01,
  0x02, 0x04, 0x08, 0x10, 0x20, 0x40, 0x80, 0x00, 0x01, 0x02, 0x04, 0x08,
  0x10, 0x20, 0x40, 0x80, 0x00, 0x01, 0x02, 0x04, 0x08, 0x10, 0x20, 0x40,
  0x80, 0x40, 0xbb, 0x80, 0x82, 0xbe, 0x3d, 0x02, 0x07, 0x20, 0x40, 0x80,
  0x00, 0x01, 0x02, 0x04, 0x08, 0x10, 0x20, 0x40, 0x80, 0x00, 0x01, 0x02,
  0x04, 0x08, 0x10, 0x20, 0x40, 0x80, 0x00, 0x01, 0x02, 0x04, 0x08, 0x10,
  0x20, 0x40, 0x80, 0x00, 0x81, 0x04, 0x01, 0x05, 0x7d, 0x42, 0xca, 0x76,
  0x24, 0x40, 0x80, 0x00, 0x01, 0x02, 0x04, 0x08, 0x10, 0x20, 0x40, 0x80,
  0x00, 0x01, 0x02, 0x04, 0x08, 0x10, 0x20, 0x40, 0x80, 0x00, 0x01, 0x02,
  0x04, 0x08, 0x10, 0x20, 0x40, 0x80, 0x00, 0x81, 0x76, 0x01, 0x05, 0x7d,
  0x7b, 0x04, 0x0e, 0x40, 0x80, 0x00, 0x01, 0x02, 0x04, 0x08, 0x10, 0x20,
  0x40, 0x80, 0x00, 0x01, 0x02, 0x04, 0x08, 0x10, 0x20, 0x40, 0x80, 0x00,
  0x01, 0x02, 0x04, 0x08, 0x10, 0x20, 0x40, 0x80, 0x00, 0x01, 0x02, 0x09,
  0x02, 0x0a, 0xfa, 0x84, 0x94, 0xed, 0x48, 0x80, 0x00, 0x01, 0x02, 0x04,
  0x08, 0x10, 0x20, 0x40, 0x80, 0x00, 0x01, 0x02, 0x04, 0x08, 0x10, 0x20,
  0x40, 0x80, 0x00, 0x01, 0x02, 0x04, 0x08, 0x10, 0x20, 0x40, 0x80, 0x00,
  0x01, 0x02, 0xed, 0x02, 0x0a, 0xfa, 0xf6, 0x08, 0x1c, 0x80, 0x00, 0x01,
  0x02, 0x04, 0x08, 0x10, 0x20, 0x40, 0x80, 0x00, 0x01, 0x02, 0x04, 0x08,
  0x10, 0x20, 0x40, 0x80, 0x00, 0x01, 0x02, 0x04, 0x08, 0x10, 0x20, 0x40,
  0x80, 0x00, 0x01, 0x02, 0x04, 0x12, 0x04, 0x14, 0xf4, 0x09, 0x29, 0xdb,
  0x91, 0x00, 0x01, 0x02, 0x04, 0x08, 0x10, 0x20, 0x40, 0x80, 0x00, 0x01,
  0x02, 0x04, 0x08, 0x10, 0x20, 0x40, 0x80, 0x00, 0x01, 0x02, 0x04, 0x08,
  0x10, 0x20, 0x40, 0x80, 0x00, 0x01, 0x02, 0x04, 0xda, 0x05, 0x14, 0xf4,
  0xed, 0x11, 0x38, 0x00, 0x01, 0x02, 0x04, 0x08, 0x10, 0x20, 0x40, 0x80,
  0x00, 0x01, 0x02, 0x04, 0x08, 0x10, 0x20, 0x40, 0x80, 0x00, 0x01, 0x02,
  0x04, 0x08, 0x10, 0x20, 0x40, 0x80, 0x00, 0x01, 0x02, 0x04, 0x08, 0x24,
  0x08, 0x28, 0xe8, 0x13, 0x52, 0xb6, 0x23, 0x01, 0x02, 0x04, 0x08, 0x10,
  0x20, 0x40, 0x80, 0x00, 0x01, 0x02, 0x04, 0x08, 0x10, 0x20, 0x40, 0x80,
  0x00, 0x01, 0x02, 0x04, 0x08, 0x10, 0x20, 0x40, 0x80, 0x00, 0x01, 0x02,
  0x04, 0x08, 0xb4, 0x0b, 0x28, 0xe8, 0xdb, 0x23, 0x70, 0x00, 0x02, 0x04,
  0x08, 0x10, 0x20, 0x40, 0x80, 0x00, 0x01, 0x02, 0x04, 0x08, 0x10, 0x20,
  0x40, 0x80, 0x00, 0x01, 0x02, 0x04, 0x08, 0x10, 0x20, 0x40, 0x80, 0x00,
  0x01, 0x02, 0x04, 0x08, 0x10, 0x48, 0x10, 0x50, 0xd0, 0x27, 0xa4, 0x6c,
  0x47, 0x02, 0x04, 0x08, 0x10, 0x20, 0x40, 0x80, 0x00, 0x01, 0x02, 0x04,
  0x08, 0x10, 0x20, 0x40, 0x80, 0x00, 0x01, 0x02, 0x04, 0x08, 0x10, 0x20,
  0x40, 0x80, 0x00, 0x01, 0x02, 0x04, 0x08, 0x10, 0x68, 0x17, 0x38, 0x68,
  0x3f, 0x81, 0x03, 0x10, 0x20, 0x40, 0x80, 0x00, 0x01, 0x02, 0x04, 0x16,
  0x14, 0x38, 0x3f, 0x3b, 0x6a, 0xdd, 0xea, 0xea, 0xfa, 0xa6, 0x75, 0x7e,
  0xe7, 0xf0, 0xef, 0xbe, 0xf9, 0xaa, 0x73, 0x7c, 0xf4, 0xec, 0xd3, 0xc7,
  0x4f, 0xa2, 0xf7, 0xef, 0x5c, 0x3e, 0xf9, 0xde, 0x27, 0xdf, 0xbb, 0xee,
  0xdc, 0xff, 0xf6, 0x9f, 0x3e, 0xeb, 0xbc, 0xf6, 0x66, 0x13, 0x20, 0x40,
  0x80, 0x00, 0x01, 0x02, 0x04, 0x5e, 0x8b, 0xc0, 0xc5, 0x65, 0xef, 0xbf,
  0xa7, 0xbb, 0x7f, 0x9e, 0xf0, 0x5a, 0x50, 0x7d, 0x28, 0x81, 0x89, 0x05,
  0xba, 0xff, 0xcc, 0x75, 0x7f, 0xe7, 0x4c, 0x1c, 0xcd, 0xd2, 0x47, 0xf3,
  0x1b, 0xf4, 0x4b, 0xc7, 0x6b, 0x39, 0x02, 0x04, 0x08, 0x10, 0x20, 0x40,
  0x80, 0x00, 0x01, 0x02, 0x04, 0x08, 0x10, 0x20, 0x40, 0x80, 0x00, 0x01,
  0x02, 0x04, 0x08, 0x10, 0x20, 0x40, 0x80, 0x00, 0x01, 0x02, 0x04, 0x08,
  0x10, 0x98, 0x45, 0x40, 0x41, 0x3f, 0x4b, 0x12, 0xce, 0x41, 0x80, 0x00,
  0x01, 0x02, 0x04, 0x08, 0x10, 0x20, 0x40, 0x80, 0x00, 0x01, 0x02, 0x04,
  0x08, 0x10, 0x20, 0x40, 0x80, 0x00, 0x01, 0x02, 0x04, 0x08, 0x10, 0x20,
  0x40, 0x80, 0x00, 0x01, 0x02, 0x4b, 0x0b, 0x28, 0xe8, 0x97, 0x8e, 0xd7,
  0x72, 0x04, 0x08, 0x10, 0x20, 0x40, 0x80, 0x00, 0x01, 0x02, 0x04, 0x08,
  0x10, 0x20, 0x40, 0x80, 0x00, 0x01, 0x02, 0x04, 0x08, 0x10, 0x20, 0x40,
  0x80, 0x00, 0x01, 0x02, 0x04, 0x08, 0x10, 0x20, 0x30, 0x8b, 0x80, 0x82,
  0x7e, 0x96, 0x24, 0x9c, 0x83, 0x00, 0x01, 0x02, 0x04, 0x08, 0x10, 0x20,
  0x40, 0x80, 0x00, 0x01, 0x02, 0x04, 0x08, 0x10, 0x20, 0x40, 0x80, 0x00,
  0x01, 0x02, 0x04, 0x08, 0x10, 0x20, 0x40, 0x80, 0x00, 0x01, 0x02, 0x04,
  0x96, 0x16, 0x50, 0xd0, 0x2f, 0x1d, 0xaf, 0xe5, 0x08, 0x10, 0x20, 0x40,
  0x80, 0x00, 0x01, 0x02, 0x04, 0x08, 0x10, 0x20, 0x40, 0x80, 0x00, 0x01,
  0x02, 0x04, 0x08, 0x10, 0x20, 0x40, 0x80, 0x00, 0x01, 0x02, 0x04, 0x08,
  0x10, 0x20, 0x40, 0x60, 0x16, 0x01, 0x05, 0xfd, 0x2c, 0x49, 0x38, 0x07,
  0x01, 0x02, 0x04, 0x08, 0x10, 0x20, 0x40, 0x80, 0x00, 0x01, 0x02, 0x04,
  0x08, 0x10, 0x20, 0x40, 0x80, 0x00, 0x01, 0x02, 0x04, 0x08, 0x10, 0x20,
  0x40, 0x80, 0x00, 0x01, 0x02, 0x04, 0x08, 0x2c, 0x2d, 0xa0, 0xa0, 0x5f,
  0x3a, 0x5e, 0xcb, 0x11, 0x20, 0x40, 0x80, 0x00, 0x01, 0x02, 0x04, 0x08,
  0x10, 0x20, 0x40, 0x80, 0x00, 0x01, 0x02, 0x04, 0x08, 0x10, 0x20, 0x40,
  0x80, 0x00, 0x01, 0x02, 0x04, 0x08, 0x10, 0x20, 0x40, 0x80, 0xc0, 0x2c,
  0x02, 0x0a, 0xfa, 0x59, 0x92, 0x70, 0x0e, 0x02, 0x04, 0x08, 0x10, 0x20,
  0x40, 0x80, 0x00, 0x01, 0x02, 0x04, 0x08, 0x10, 0x20, 0x40, 0x80, 0x00,
  0x01, 0x02, 0x04, 0x08, 0x10, 0x20, 0x40, 0x80, 0x00, 0x01, 0x02, 0x04,
  0x08, 0x10, 0x58, 0x5a, 0x40, 0x41, 0xbf, 0x74, 0xbc, 0x96, 0x23, 0x40,
  0x80, 0x00, 0x01, 0x02, 0x04, 0x08, 0x10, 0x20, 0x40, 0x80, 0x00, 0x01,
  0x02, 0x04, 0x08, 0x10, 0x20, 0x40, 0x80, 0x00, 0x01, 0x02, 0x04, 0x08,
  0x10, 0x20, 0x40, 0x80, 0x00, 0x81, 0x59, 0x04, 0x14, 0xf4, 0xb3, 0x24,
  0xe1, 0x1c, 0x04, 0x08, 0x10, 0x20, 0x40, 0x80, 0x00, 0x01, 0x02, 0x04,
  0x08, 0x10, 0x20, 0x40, 0x80, 0x00, 0x01, 0x02, 0x04, 0x08, 0x10, 0x20,
  0x40, 0x80, 0x00, 0x01, 0x02, 0x04, 0x08, 0x10, 0x20, 0xb0, 0xb4, 0x80,
  0x82, 0x7e, 0xe9, 0x78, 0x2d, 0x47, 0x80, 0x00, 0x01, 0x02, 0x04, 0x08,
  0x10, 0x20, 0x40, 0x80, 0x00, 0x01, 0x02, 0x04, 0x08, 0x10, 0x20, 0x40,
  0x80, 0x00, 0x01, 0x02, 0x04, 0x08, 0x10, 0x20, 0x40, 0x80, 0x00, 0x01,
  0x02, 0xb3, 0x08, 0x28, 0xe8, 0x67, 0x49, 0xc2, 0x39, 0x08, 0x10, 0x20,
  0x40, 0x80, 0x00, 0x01, 0x02, 0x04, 0x08, 0x10, 0x20, 0x40, 0x80, 0x00,
  0x01, 0x02, 0x04, 0x08, 0x10, 0x20, 0x40, 0x80, 0x00, 0x01, 0x02, 0x04,
  0x08, 0x10, 0x20, 0x40, 0x60, 0x69, 0x01, 0x05, 0xfd, 0xd2, 0xf1, 0x5a,
  0x8e, 0x00, 0x01, 0x02, 0x04, 0x08, 0x10, 0x20, 0x40, 0x80, 0x00, 0x01,
  0x02, 0x04, 0x08, 0x10, 0x20, 0x40, 0x80, 0x00, 0x01, 0x02, 0x04, 0x08,
  0x10, 0x20, 0x40, 0x80, 0x00, 0x01, 0x02, 0x04, 0x66, 0x11, 0x50, 0xd0,
  0xcf, 0x92, 0x84, 0x73, 0x10, 0x20, 0x40, 0x80, 0x00, 0x01, 0x02, 0x04,
  0x08, 0x10, 0x20, 0x40, 0x80, 0x00, 0x01, 0x02, 0x04, 0x08, 0x10, 0x20,
  0x40, 0x80, 0x00, 0x01, 0x02, 0x04, 0x08, 0x10, 0x20, 0x40, 0x80, 0xc0,
  0xd2, 0x02, 0x0a, 0xfa, 0xa5, 0xe3, 0xb5, 0x1c, 0x01, 0x02, 0x04, 0x08,
  0x10, 0x20, 0x40, 0x80, 0x00, 0x01, 0x02, 0x04, 0x08, 0x10, 0x20, 0x40,
  0x80, 0x00, 0x01, 0x02, 0x04, 0x08, 0x10, 0x20, 0x40, 0x80, 0x00, 0x01,
  0x02, 0x04, 0x08, 0xcc, 0x22, 0xa0, 0xa0, 0x9f, 0x25, 0x09, 0xe7, 0x20,
  0x40, 0x80, 0x00, 0x01, 0x02, 0x04, 0x08, 0x10, 0x20, 0x40, 0x80, 0x00,
  0x01, 0x02, 0x04, 0x08, 0x10, 0x20, 0x40, 0x80, 0x00, 0x01, 0x02, 0x04,
  0x08, 0x10, 0x20, 0x40, 0x80, 0x00, 0x81, 0xa5, 0x05, 0x14, 0xf4, 0x4b,
  0xc7, 0x6b, 0x39, 0x02, 0x04, 0x08, 0x10, 0x20, 0x40, 0x80, 0x00, 0x01,
  0x02, 0x04, 0x08, 0x10, 0x20, 0x40, 0x80, 0x00, 0x01, 0x02, 0x04, 0x08,
  0x10, 0x20, 0x40, 0x80, 0x00, 0x01, 0x02, 0x04, 0x08, 0x10, 0x98, 0x45,
  0x40, 0x41, 0x3f, 0x4b, 0x12, 0xce, 0x41, 0x80, 0x00, 0x01, 0x02, 0x04,
  0x08, 0x10, 0x20, 0x40, 0x80, 0x00, 0x01, 0x02, 0x04, 0x08, 0x10, 0x20,
  0x40, 0x80, 0x00, 0x01, 0x02, 0x04, 0x08, 0x10, 0x20, 0x40, 0x80, 0x00,
  0x01, 0x02, 0x4b, 0x0b, 0x28, 0xe8, 0x97, 0x8e, 0xd7, 0x72, 0x04, 0x08,
  0x10, 0x20, 0x40, 0x80, 0x00, 0x01, 0x02, 0x04, 0x08, 0x10, 0x20, 0x40,
  0x80, 0x00, 0x01, 0x02, 0x04, 0x08, 0x10, 0x20, 0x40, 0x80, 0x00, 0x01,
  0x02, 0x04, 0x08, 0x10, 0x20, 0x30, 0x8b, 0x80, 0x82, 0x7e, 0x96, 0x24,
  0x9c, 0x83, 0x00, 0x01, 0x02, 0x04, 0x08, 0x10, 0x20, 0x40, 0x80, 0x00,
  0x01, 0x02, 0x04, 0x08, 0x10, 0x20, 0x40, 0x80, 0x00, 0x01, 0x02, 0x04,
  0x08, 0x10, 0x20, 0x40, 0x80, 0x00, 0x01, 0x02, 0x04, 0x96, 0x16, 0x50,
  0xd0, 0x2f, 0x1d, 0xaf, 0xe5, 0x08, 0x10, 0x20, 0x40, 0x80, 0x00, 0x01,
  0x02, 0x04, 0x08, 0x10, 0x20, 0x40, 0x80, 0x00, 0x01, 0x02, 0x04, 0x08,
  0x10, 0x20, 0x40, 0x80, 0x00, 0x01, 0x02, 0x04, 0x08, 0x10, 0x20, 0x40,
  0x60, 0x16, 0x01, 0x05, 0xfd, 0x2c, 0x49, 0x38, 0x07, 0x01, 0x02, 0x04,
  0x08, 0x10, 0x20, 0x40, 0x80, 0x00, 0x01, 0x02, 0x04, 0x08, 0x10, 0x20,
  0x40, 0x80, 0x00, 0x01, 0x02, 0x04, 0x08, 0x10, 0x20, 0x40, 0x80, 0x00,
  0x01, 0x02, 0x04, 0x08, 0x2c, 0x2d, 0xa0, 0xa0, 0x5f, 0x3a, 0x5e, 0xcb,
  0x11, 0x20, 0x40, 0x80, 0x00, 0x01, 0x02, 0x04, 0x08, 0x10, 0x20, 0x40,
  0x80, 0x00, 0x01, 0x02, 0x04, 0x08, 0x10, 0x20, 0x40, 0x80, 0x00, 0x01,
  0x02, 0x04, 0x08, 0x10, 0x20, 0x40, 0x80, 0xc0, 0x2c, 0x02, 0x0a, 0xfa,
  0x59, 0x92, 0x70, 0x0e, 0x02, 0x04, 0x08, 0x10, 0x20, 0x40, 0x80, 0x00,
  0x01, 0x02, 0x04, 0x08, 0x10, 0x20, 0x40, 0x80, 0x00, 0x01, 0x02, 0x04,
  0x08, 0x10, 0x20, 0x40, 0x80, 0x00, 0x01, 0x02, 0x04, 0x08, 0x10, 0x58,
  0x5a, 0x40, 0x41, 0xbf, 0x74, 0xbc, 0x96, 0x23, 0x40, 0x80, 0x00, 0x01,
  0x02, 0x04, 0x08, 0x10, 0x20, 0x40, 0x80, 0x00, 0x01, 0x02, 0x04, 0x08,
  0x10, 0x20, 0x40, 0x80, 0x00, 0x01, 0x02, 0x04, 0x08, 0x10, 0x20, 0x40,
  0x80, 0x00, 0x81, 0x59, 0x04, 0x14, 0xf4, 0xb3, 0x24, 0xe1, 0x1c, 0x04,
  0x08, 0x10, 0x20, 0x40, 0x80, 0x00, 0x01, 0x02, 0x04, 0x08, 0x10, 0x20,
  0x40, 0x80, 0x00, 0x01, 0x02, 0x04, 0x08, 0x10, 0x20, 0x40, 0x80, 0x00,
  0x01, 0x02, 0x04, 0x08, 0x10, 0x20, 0xb0, 0xb4, 0x80, 0x82, 0x7e, 0xe9,
  0x78, 0x2d, 0x47, 0x80, 0x00, 0x01, 0x02, 0x04, 0x08, 0x10, 0x20, 0x40,
  0x80, 0x00, 0x01, 0x02, 0x04, 0x08, 0x10, 0x20, 0x40, 0x80, 0x00, 0x01,
  0x02, 0x04, 0x08, 0x10, 0x20, 0x40, 0x80, 0x00, 0x01, 0x02, 0xb3, 0x08,
  0x28, 0xe8, 0x67, 0x49, 0xc2, 0x39, 0x08, 0x10, 0x20, 0x40, 0x80, 0x00,
  0x01, 0x02, 0x04, 0x08, 0x10, 0x20, 0x40, 0x80, 0x00, 0x01, 0x02, 0x04,
  0x08, 0x10, 0x20, 0x40, 0x80, 0x00, 0x01, 0x02, 0x04, 0x08, 0x10, 0x20,
  0x40, 0x60, 0x69, 0x01, 0x05, 0xfd, 0xd2, 0xf1, 0x5a, 0x8e, 0x00, 0x01,
  0x02, 0x04, 0x08, 0x10, 0x20, 0x40, 0x80, 0x00, 0x01, 0x02, 0x04, 0x08,
  0x10, 0x20, 0x40, 0x80, 0x00, 0x01, 0x02, 0x04, 0x08, 0x10, 0x20, 0x40,
  0x80, 0x00, 0x01, 0x02, 0x04, 0x66, 0x11, 0x50, 0xd0, 0xcf, 0x92, 0x84,
  0x73, 0x10, 0x20, 0x40, 0x80, 0x00, 0x01, 0x02, 0x04, 0x08, 0x10, 0x20,
  0x40, 0x80, 0x00, 0x01, 0x02, 0x04, 0x08, 0x10, 0x20, 0x40, 0x80, 0x00,
  0x01, 0x02, 0x04, 0x08, 0x10, 0x20, 0x40, 0x80, 0xc0, 0xd2, 0x02, 0x0a,
  0xfa, 0xa5, 0xe3, 0xb5, 0x1c, 0x01, 0x02, 0x04, 0x08, 0x10, 0x20, 0x40,
  0x80, 0x00, 0x01, 0x02, 0x04, 0x08, 0x10, 0x20, 0x40, 0x80, 0x00, 0x01,
  0x02, 0x04, 0x08, 0x10, 0x20, 0x40, 0x80, 0x00, 0x01, 0x02, 0x04, 0x08,
  0xcc, 0x22, 0x70, 0xf0, 0xc3, 0x5b, 0xef, 0xb6, 0x9e, 0xe5, 0xcd, 0xef,
  0xbf, 0x6e, 0x9d, 0x9f, 0x3c, 0xbc, 0x33, 0x7b, 0xb9, 0xf7, 0xdd, 0xbc,
  0xce, 0xdc, 0xef, 0xb6, 0x96, 0x7d, 0x66, 0xf6, 0x72, 0xcf, 0xcc, 0xbd,
  0xfb, 0xcf, 0xfc, 0xe1, 0x61, 0x9f, 0xbb, 0xc9, 0x04, 0x52, 0x05, 0xfe,
  0xf2, 0xe7, 0x3f, 0x6f, 0x5b, 0xfd, 0xf6, 0xb6, 0x6d, 0xf4, 0x7f, 0x0d,
  0x3e, 0x3f, 0x3b, 0xea, 0x3d, 0x40, 0xf0, 0xf4, 0x7f, 0xfe, 0xbb, 0xde,
  0xe5, 0x4f, 0x1f, 0x3f, 0x69, 0x3b, 0xc0, 0xcf, 0x7e, 0xf5, 0x71, 0xdb,
  0xec, 0xbb, 0xc1, 0x27, 0xc7, 0xee, 0x7d, 0x6b, 0x00, 0x86, 0x13, 0x20,
  0x40, 0x80, 0xc0, 0xd2, 0x02, 0x7e, 0x86, 0xb7, 0x74, 0xbc, 0x7f, 0x70,
  0xb9, 0xab, 0xeb, 0x9b, 0xb6, 0xe5, 0xfd, 0xfd, 0xae, 0x8d, 0xde, 0xe0,
  0x60, 0x81, 0xce, 0xef, 0x7b, 0x3f, 0xb7, 0xef, 0xbb, 0x78, 0x7e, 0x83,
  0xbe, 0xcf, 0xde, 0x64, 0x02, 0x04, 0x08, 0x10, 0x20, 0x40, 0x80, 0x00,
  0x01, 0x02, 0x04, 0x08, 0x10, 0x20, 0x40, 0x80, 0x00, 0x01, 0x02, 0x04,
  0x08, 0x10, 0x20, 0x40, 0x80, 0x00, 0x01, 0x02, 0x04, 0x08, 0x10, 0x08,
  0x12, 0x50, 0xd0, 0x07, 0x85, 0x6d, 0x55, 0x02, 0x04, 0x08, 0x10, 0x20,
  0x40, 0x80, 0x00, 0x01, 0x02, 0x04, 0x08, 0x10, 0x20, 0x40, 0x80, 0x00,
  0x01, 0x02, 0x04, 0x08, 0x10, 0x20, 0x40, 0x80, 0x00, 0x01, 0x02, 0x04,
  0x08, 0x10, 0xe8, 0x13, 0x50, 0xd0, 0xf7, 0xd9, 0x9b, 0x4c, 0x80, 0x00,
  0x01, 0x02, 0x04, 0x08, 0x10, 0x20, 0x40, 0x80, 0x00, 0x01, 0x02, 0x04,
  0x08, 0x10, 0x20, 0x40, 0x80, 0x00, 0x01, 0x02, 0x04, 0x08, 0x10, 0x20,
  0x40, 0x80, 0x00, 0x01, 0x02, 0x41, 0x02, 0x0a, 0xfa, 0xa0, 0xb0, 0xad,
  0x4a, 0x80, 0x00, 0x01, 0x02, 0x04, 0x08, 0x10, 0x20, 0x40, 0x80, 0x00,
  0x01, 0x02, 0x04, 0x08, 0x10, 0x20, 0x40, 0x80, 0x00, 0x01, 0x02, 0x04,
  0x08, 0x10, 0x20, 0x40, 0x80, 0x00, 0x01, 0x02, 0x7d, 0x02, 0x0a, 0xfa,
  0x3e, 0x7b, 0x93, 0x09, 0x10, 0x20, 0x40, 0x80, 0x00, 0x01, 0x02, 0x04,
  0x08, 0x10, 0x20, 0x40, 0x80, 0x00, 0x01, 0x02, 0x04, 0x08, 0x10, 0x20,
  0x40, 0x80, 0x00, 0x01, 0x02, 0x04, 0x08, 0x10, 0x20, 0x40, 0x20, 0x48,
  0x40, 0x41, 0x1f, 0x14, 0xb6, 0x55, 0x09, 0x10, 0x20, 0x40, 0x80, 0x00,
  0x01, 0x02, 0x04, 0x08, 0x10, 0x20, 0x40, 0x80, 0x00, 0x01, 0x02, 0x04,
  0x08, 0x10, 0x20, 0x40, 0x80, 0x00, 0x01, 0x02, 0x04, 0x08, 0x10, 0x20,
  0x40, 0xa0, 0x4f, 0x40, 0x41, 0xdf, 0x67, 0x6f, 0x32, 0x01, 0x02, 0x04,
  0x08, 0x10, 0x20, 0x40, 0x80, 0x00, 0x01, 0x02, 0x04, 0x08, 0x10, 0x20,
  0x40, 0x80, 0x00, 0x01, 0x02, 0x04, 0x08, 0x10, 0x20, 0x40, 0x80, 0x00,
  0x01, 0x02, 0x04, 0x08, 0x04, 0x09, 0x28, 0xe8, 0x83, 0xc2, 0xb6, 0x2a,
  0x01, 0x02, 0x04, 0x08, 0x10, 0x20, 0x40, 0x80, 0x00, 0x01, 0x02, 0x04,
  0x08, 0x10, 0x20, 0x40, 0x80, 0x00, 0x01, 0x02, 0x04, 0x08, 0x10, 0x20,
  0x40, 0x80, 0x00, 0x01, 0x02, 0x04, 0x08, 0xf4, 0x09, 0x28, 0xe8, 0xfb,
  0xec, 0x4d, 0x26, 0x40, 0x80, 0x00, 0x01, 0x02, 0x04, 0x08, 0x10, 0x20,
  0x40, 0x80, 0x00, 0x01, 0x02, 0x04, 0x08, 0x10, 0x20, 0x40, 0x80, 0x00,
  0x01, 0x02, 0x04, 0x08, 0x10, 0x20, 0x40, 0x80, 0x00, 0x81, 0x20, 0x01,
  0x05, 0x7d, 0x50, 0xd8, 0x56, 0x25, 0x40, 0x80, 0x00, 0x01, 0x02, 0x04,
  0x08, 0x10, 0x20, 0x40, 0x80, 0x00, 0x01, 0x02, 0x04, 0x08, 0x10, 0x20,
  0x40, 0x80, 0x00, 0x01, 0x02, 0x04, 0x08, 0x10, 0x20, 0x40, 0x80, 0x00,
  0x81, 0x3e, 0x01, 0x05, 0x7d, 0x9f, 0xbd, 0xc9, 0x04, 0x08, 0x10, 0x20,
  0x40, 0x80, 0x00, 0x01, 0x02, 0x04, 0x08, 0x10, 0x20, 0x40, 0x80, 0x00,
  0x01, 0x02, 0x04, 0x08, 0x10, 0x20, 0x40, 0x80, 0x00, 0x01, 0x02, 0x04,
  0x08, 0x10, 0x20, 0x10, 0x24, 0xa0, 0xa0, 0x0f, 0x0a, 0xdb, 0xaa, 0x04,
  0x08, 0x10, 0x20, 0x40, 0x80, 0x00, 0x01, 0x02, 0x04, 0x08, 0x10, 0x20,
  0x40, 0x80, 0x00, 0x01, 0x02, 0x04, 0x08, 0x10, 0x20, 0x40, 0x80, 0x00,
  0x01, 0x02, 0x04, 0x08, 0x10, 0x20, 0xd0, 0x27, 0xa0, 0xa0, 0xef, 0xb3,
  0x37, 0x99, 0x00, 0x01, 0x02, 0x04, 0x08, 0x10, 0x20, 0x40, 0x80, 0x00,
  0x01, 0x02, 0x04, 0x08, 0x10, 0x20, 0x40, 0x80, 0x00, 0x01, 0x02, 0x04,
  0x08, 0x10, 0x20, 0x40, 0x80, 0x00, 0x01, 0x02, 0x04, 0x82, 0x04, 0x14,
  0xf4, 0x41, 0x61, 0x5b, 0x95, 0x00, 0x01, 0x02, 0x04, 0x08, 0x10, 0x20,
  0x40, 0x80, 0x00, 0x01, 0x02, 0x04, 0x08, 0x10, 0x20, 0x40, 0x80, 0x00,
  0x01, 0x02, 0x04, 0x08, 0x10, 0x20, 0x40, 0x80, 0x00, 0x01, 0x02, 0x04,
  0xfa, 0x04, 0x14, 0xf4, 0x7d, 0xf6, 0x26, 0x13, 0x20, 0x40, 0x80, 0x00,
  0x01, 0x02, 0x04, 0x08, 0x10, 0x20, 0x40, 0x80, 0x00, 0x01, 0x02, 0x04,
  0x08, 0x10, 0x20, 0x40, 0x80, 0x00, 0x01, 0x02, 0x04, 0x08, 0x10, 0x20,
  0x40, 0x80, 0x40, 0x90, 0x80, 0x82, 0x3e, 0x28, 0x6c, 0xab, 0x12, 0x20,
  0x40, 0x80, 0x00, 0x01, 0x02, 0x04, 0x08, 0x10, 0x20, 0x40, 0x80, 0x00,
  0x01, 0x02, 0x04, 0x08, 0x10, 0x20, 0x40, 0x80, 0x00, 0x01, 0x02, 0x04,
  0x08, 0x10, 0x20, 0x40, 0x80, 0x40, 0x9f, 0x80, 0x82, 0xbe, 0xcf, 0xde,
  0x64, 0x02, 0x04, 0x08, 0x10, 0x20, 0x40, 0x80, 0x00, 0x01, 0x02, 0x04,
  0x08, 0x10, 0x20, 0x40, 0x80, 0x00, 0x01, 0x02, 0x04, 0x08, 0x10, 0x20,
  0x40, 0x80, 0x00, 0x01, 0x02, 0x04, 0x08, 0x10, 0x08, 0x12, 0x50, 0xd0,
  0x07, 0x85, 0x6d, 0x55, 0x02, 0x04, 0x08, 0x10, 0x20, 0x40, 0x80, 0x00,
  0x01, 0x02, 0x04, 0x08, 0x10, 0x20, 0x40, 0x80, 0x00, 0x01, 0x02, 0x04,
  0x08, 0x10, 0x20, 0x40, 0x80, 0x00, 0x01, 0x02, 0x04, 0x08, 0x10, 0xe8,
  0x13, 0x50, 0xd0, 0xf7, 0xd9, 0x9b, 0x4c, 0x80, 0x00, 0x01, 0x02, 0x04,
  0x08, 0x10, 0x20, 0x40, 0x80, 0x00, 0x01, 0x02, 0x04, 0x08, 0x10, 0x20,
  0x40, 0x80, 0x00, 0x01, 0x02, 0x04, 0x08, 0x10, 0x20, 0x40, 0x80, 0x00,
  0x01, 0x02, 0x41, 0x02, 0x0a, 0xfa, 0xa0, 0xb0, 0xad, 0x4a, 0x80, 0x00,
  0x01, 0x02, 0x04, 0x08, 0x10, 0x20, 0x40, 0x80, 0x00, 0x01, 0x02, 0x04,
  0x08, 0x10, 0x20, 0x40, 0x80, 0x00, 0x01, 0x02, 0x04, 0x08, 0x10, 0x20,
  0x40, 0x80, 0x00, 0x01, 0x02, 0x7d, 0x02, 0x0a, 0xfa, 0x3e, 0x7b, 0x93,
  0x09, 0x10, 0x20, 0x40, 0x80, 0x00, 0x01, 0x02, 0x04, 0x08, 0x10, 0x20,
  0x40, 0x80, 0x00, 0x01, 0x02, 0x04, 0x08, 0x10, 0x20, 0x40, 0x80, 0x00,
  0x01, 0x02, 0x04, 0x08, 0x10, 0x20, 0x40, 0x20, 0x48, 0x40, 0x41, 0x1f,
  0x14, 0xb6, 0x55, 0x09, 0x10, 0x20, 0x40, 0x80, 0x00, 0x01, 0x02, 0x04,
  0x08, 0x10, 0x20, 0x40, 0x80, 0x00, 0x01, 0x02, 0x04, 0x08, 0x10, 0x20,
  0x40, 0x80, 0x00, 0x01, 0x02, 0x04, 0x08, 0x10, 0x20, 0x40, 0xa0, 0x4f,
  0x40, 0x41, 0xdf, 0x67, 0x6f, 0x32, 0x01, 0x02, 0x04, 0x08, 0x10, 0x20,
  0x40, 0x80, 0x00, 0x01, 0x02, 0x04, 0x08, 0x10, 0x20, 0x40, 0x80, 0x00,
  0x01, 0x02, 0x04, 0x08, 0x10, 0x20, 0x40, 0x80, 0x00, 0x01, 0x02, 0x04,
  0x08, 0x04, 0x09, 0x28, 0xe8, 0x83, 0xc2, 0xb6, 0x2a, 0x01, 0x02, 0x04,
  0x08, 0x10, 0x20, 0x40, 0x80, 0x00, 0x01, 0x02, 0x04, 0x08, 0x10, 0x20,
  0x40, 0x80, 0x00, 0x01, 0x02, 0x04, 0x08, 0x10, 0x20, 0x40, 0x80, 0x00,
  0x01, 0x02, 0x04, 0x08, 0xf4, 0x09, 0x28, 0xe8, 0xfb, 0xec, 0x4d, 0x26,
  0x40, 0x80, 0x00, 0x01, 0x02, 0x04, 0x08, 0x10, 0x20, 0x40, 0x80, 0x00,
  0x01, 0x02, 0x04, 0x08, 0x10, 0x20, 0x40, 0x80, 0x00, 0x01, 0x02, 0x04,
  0x08, 0x10, 0x20, 0x40, 0x80, 0x00, 0x81, 0x20, 0x01, 0x05, 0x7d, 0x50,
  0xd8, 0x56, 0x25, 0x40, 0x80, 0x00, 0x01, 0x02, 0x04, 0x08, 0x10, 0x20,
  0x40, 0x80, 0x00, 0x01, 0x02, 0x04, 0x08, 0x10, 0x20, 0x40, 0x80, 0x00,
  0x01, 0x02, 0x04, 0x08, 0x10, 0x20, 0x40, 0x80, 0x00, 0x81, 0x3e, 0x01,
  0x05, 0x7d, 0x9f, 0xbd, 0xc9, 0x04, 0x08, 0x10, 0x20, 0x40, 0x80, 0x00,
  0x01, 0x02, 0x04, 0x08, 0x10, 0x20, 0x40, 0x80, 0x00, 0x01, 0x02, 0x04,
  0x08, 0x10, 0x20, 0x40, 0x80, 0x00, 0x01, 0x02, 0x04, 0x08, 0x10, 0x20,
  0x10, 0x24, 0xa0, 0xa0, 0x0f, 0x0a, 0xdb, 0xaa, 0x04, 0x08, 0x10, 0x20,
  0x40, 0x80, 0x00, 0x01, 0x02, 0x04, 0x08, 0x10, 0x20, 0x40, 0x80, 0x00,
  0x01, 0x02, 0x04, 0x08, 0x10, 0x20, 0x40, 0x80, 0x00, 0x01, 0x02, 0x04,
  0x08, 0x10, 0x20, 0xd0, 0x27, 0xa0, 0xa0, 0xef, 0xb3, 0x37, 0x99, 0x00,
  0x01, 0x02, 0x04, 0x08, 0x10, 0x20, 0x40, 0x80, 0x00, 0x01, 0x02, 0x04,
  0x08, 0x10, 0x20, 0x40, 0x80, 0x00, 0x01, 0x02, 0x04, 0x08, 0x10, 0x20,
  0x40, 0x80, 0x00, 0x01, 0x02, 0x04, 0x82, 0x04, 0x14, 0xf4, 0x41, 0x61,
  0x5b, 0x95, 0x00, 0x01, 0x02, 0x04, 0x08, 0x10, 0x20, 0x40, 0x80, 0x00,
  0x01, 0x02, 0x04, 0x08, 0x10, 0x20, 0x40, 0x80, 0x00, 0x01, 0x02, 0x04,
  0x08, 0x10, 0x20, 0x40, 0x80, 0x00, 0x01, 0x02, 0x04, 0xfa, 0x04, 0x1e,
  0x9c, 0x9e, 0x3e, 0x7a, 0xd9, 0x37, 0xde, 0x64, 0x02, 0x04, 0x08, 0x10,
  0x20, 0x40, 0x80, 0xc0, 0xeb, 0x11, 0x38, 0x3c, 0x7c, 0x3d, 0x9f, 0xbb,
  0x97, 0x4f, 0x3d, 0x39, 0x3e, 0x6a, 0x3b, 0xea, 0xd5, 0xf5, 0x4d, 0xdb,
  0xec, 0xbb, 0xc1, 0xbf, 0xfe, 0x87, 0x5f, 0xb6, 0xce, 0x4f, 0x1e, 0xfe,
  0x37, 0x7f, 0xff, 0x71, 0xec, 0xfa, 0xe7, 0x67, 0x7d, 0x7f, 0xe6, 0x62,
  0xd1, 0x27, 0x58, 0xbc, 0xfb, 0xfb, 0xae, 0xf3, 0xbb, 0x7e, 0x02, 0x7e,
  0x47, 0x20, 0x40, 0x80, 0x00, 0x81, 0x00, 0x81, 0xee, 0xff, 0xad, 0xed,
  0x24, 0xbe, 0xbd, 0xed, 0x9c, 0x6e, 0x76, 0xa7, 0x40, 0xf2, 0xcf, 0x33,
  0xfc, 0xfd, 0xb6, 0xf3, 0xe6, 0x99, 0x9d, 0x28, 0x70, 0x71, 0xd9, 0xfb,
  0x33, 0xbc, 0x44, 0xf3, 0xdf, 0xef, 0xec, 0x37, 0xe8, 0x93, 0xd3, 0xb7,
  0x3b, 0x01, 0x02, 0x04, 0x08, 0x10, 0x20, 0x40, 0x80, 0x00, 0x01, 0x02,
  0x04, 0x08, 0x10, 0x20, 0x40, 0x80, 0x00, 0x01, 0x02, 0x04, 0x08, 0x10,
  0x20, 0x40, 0x80, 0x00, 0x01, 0x02, 0x04, 0x08, 0x94, 0x09, 0x28, 0xe8,
  0xcb, 0xa8, 0x0d, 0x22, 0x40, 0x80, 0x00, 0x01, 0x02, 0x04, 0x08, 0x10,
  0x20, 0x40, 0x80, 0x00, 0x01, 0x02, 0x04, 0x08, 0x10, 0x20, 0x40, 0x80,
  0x00, 0x01, 0x02, 0x04, 0x08, 0x10, 0x20, 0x40, 0x80, 0x00, 0x81, 0x64,
  0x01, 0x05, 0x7d, 0x72, 0xfa, 0x76, 0x27, 0x40, 0x80, 0x00, 0x01, 0x02,
  0x04, 0x08, 0x10, 0x20, 0x40, 0x80, 0x00, 0x01, 0x02, 0x04, 0x08, 0x10,
  0x20, 0x40, 0x80, 0x00, 0x01, 0x02, 0x04, 0x08, 0x10, 0x20, 0x40, 0x80,
  0x00, 0x81, 0x32, 0x01, 0x05, 0x7d, 0x19, 0xb5, 0x41, 0x04, 0x08, 0x10,
  0x20, 0x40, 0x80, 0x00, 0x01, 0x02, 0x04, 0x08, 0x10, 0x20, 0x40, 0x80,
  0x00, 0x01, 0x02, 0x04, 0x08, 0x10, 0x20, 0x40, 0x80, 0x00, 0x01, 0x02,
  0x04, 0x08, 0x10, 0x20, 0x90, 0x2c, 0xa0, 0xa0, 0x4f, 0x4e, 0xdf, 0xee,
  0x04, 0x08, 0x10, 0x20, 0x40, 0x80, 0x00, 0x01, 0x02, 0x04, 0x08, 0x10,
  0x20, 0x40, 0x80, 0x00, 0x01, 0x02, 0x04, 0x08, 0x10, 0x20, 0x40, 0x80,
  0x00, 0x01, 0x02, 0x04, 0x08, 0x10, 0x20, 0x50, 0x26, 0xa0, 0xa0, 0x2f,
  0xa3, 0x36, 0x88, 0x00, 0x01, 0x02, 0x04, 0x08, 0x10, 0x20, 0x40, 0x80,
  0x00, 0x01, 0x02, 0x04, 0x08, 0x10, 0x20, 0x40, 0x80, 0x00, 0x01, 0x02,
  0x04, 0x08, 0x10, 0x20, 0x40, 0x80, 0x00, 0x01, 0x02, 0x04, 0x92, 0x05,
  0x14, 0xf4, 0xc9, 0xe9, 0xdb, 0x9d, 0x00, 0x01, 0x02, 0x04, 0x08, 0x10,
  0x20, 0x40, 0x80, 0x00, 0x01, 0x02, 0x04, 0x08, 0x10, 0x20, 0x40, 0x80,
  0x00, 0x01, 0x02, 0x04, 0x08, 0x10, 0x20, 0x40, 0x80, 0x00, 0x01, 0x02,
  0x04, 0xca, 0x04, 0x14, 0xf4, 0x65, 0xd4, 0x06, 0x11, 0x20, 0x40, 0x80,
  0x00, 0x01, 0x02, 0x04, 0x08, 0x10, 0x20, 0x40, 0x80, 0x00, 0x01, 0x02,
  0x04, 0x08, 0x10, 0x20, 0x40, 0x80, 0x00, 0x01, 0x02, 0x04, 0x08, 0x10,
  0x20, 0x40, 0x80, 0x40, 0xb2, 0x80, 0x82, 0x3e, 0x39, 0x7d, 0xbb, 0x13,
  0x20, 0x40, 0x80, 0x00, 0x01, 0x02, 0x04, 0x08, 0x10, 0x20, 0x40, 0x80,
  0x00, 0x01, 0x02, 0x04, 0x08, 0x10, 0x20, 0x40, 0x80, 0x00, 0x01, 0x02,
  0x04, 0x08, 0x10, 0x20, 0x40, 0x80, 0x40, 0x99, 0x80, 0x82, 0xbe, 0x8c,
  0xda, 0x20, 0x02, 0x04, 0x08, 0x10, 0x20, 0x40, 0x80, 0x00, 0x01, 0x02,
  0x04, 0x08, 0x10, 0x20, 0x40, 0x80, 0x00, 0x01, 0x02, 0x04, 0x08, 0x10,
  0x20, 0x40, 0x80, 0x00, 0x01, 0x02, 0x04, 0x08, 0x10, 0x48, 0x16, 0x50,
  0xd0, 0x27, 0xa7, 0x6f, 0x77, 0x02, 0x04, 0x08, 0x10, 0x20, 0x40, 0x80,
  0x00, 0x01, 0x02, 0x04, 0x08, 0x10, 0x20, 0x40, 0x80, 0x00, 0x01, 0x02,
  0x04, 0x08, 0x10, 0x20, 0x40, 0x80, 0x00, 0x01, 0x02, 0x04, 0x08, 0x10,
  0x28, 0x13, 0x9a, 0xb8, 0x12, 0x4f, 0x00, 0x00, 0x20, 0x00, 0x49, 0x44,
  0x41, 0x54, 0x50, 0xd0, 0x97, 0x51, 0x1b, 0x44, 0x80, 0x00, 0x01, 0x02,
  0x04, 0x08, 0x10, 0x20, 0x40, 0x80, 0x00, 0x01, 0x02, 0x04, 0x08, 0x10,
  0x20, 0x40, 0x80, 0x00, 0x01, 0x02, 0x04, 0x08, 0x10, 0x20, 0x40, 0x80,
  0x00, 0x01, 0x02, 0xc9, 0x02, 0x0a, 0xfa, 0xe4, 0xf4, 0xed, 0x4e, 0x80,
  0x00, 0x01, 0x02, 0x04, 0x08, 0x10, 0x20, 0x40, 0x80, 0x00, 0x01, 0x02,
  0x04, 0x08, 0x10, 0x20, 0x40, 0x80, 0x00, 0x01, 0x02, 0x04, 0x08, 0x10,
  0x20, 0x40, 0x80, 0x00, 0x01, 0x02, 0x65, 0x02, 0x0a, 0xfa, 0x32, 0x6a,
  0x83, 0x08, 0x10, 0x20, 0x40, 0x80, 0x00, 0x01, 0x02, 0x04, 0x08, 0x10,
  0x20, 0x40, 0x80, 0x00, 0x01, 0x02, 0x04, 0x08, 0x10, 0x20, 0x40, 0x80,
  0x00, 0x01, 0x02, 0x04, 0x08, 0x10, 0x20, 0x40, 0x20, 0x59, 0x40, 0x41,
  0x9f, 0x9c, 0xbe, 0xdd, 0x09, 0x10, 0x20, 0x40, 0x80, 0x00, 0x01, 0x02,
  0x04, 0x08, 0x10, 0x20, 0x40, 0x80, 0x00, 0x01, 0x02, 0x04, 0x08, 0x10,
  0x20, 0x40, 0x80, 0x00, 0x01, 0x02, 0x04, 0x08, 0x10, 0x20, 0x40, 0xa0,
  0x4c, 0x40, 0x41, 0x5f, 0x46, 0x6d, 0x10, 0x01, 0x02, 0x04, 0x08, 0x10,
  0x20, 0x40, 0x80, 0x00, 0x01, 0x02, 0x04, 0x08, 0x10, 0x20, 0x40, 0x80,
  0x00, 0x01, 0x02, 0x04, 0x08, 0x10, 0x20, 0x40, 0x80, 0x00, 0x01, 0x02,
  0x04, 0x08, 0x24, 0x0b, 0x28, 0xe8, 0x93, 0xd3, 0xb7, 0x3b, 0x01, 0x02,
  0x04, 0x08, 0x10, 0x20, 0x40, 0x80, 0x00, 0x01, 0x02, 0x04, 0x08, 0x10,
  0x20, 0x40, 0x80, 0x00, 0x01, 0x02, 0x04, 0x08, 0x10, 0x20, 0x40, 0x80,
  0x00, 0x01, 0x02, 0x04, 0x08, 0x94, 0x09, 0x28, 0xe8, 0xcb, 0xa8, 0x0d,
  0x22, 0x40, 0x80, 0x00, 0x01, 0x02, 0x04, 0x08, 0x10, 0x20, 0x40, 0x80,
  0x00, 0x01, 0x02, 0x04, 0x08, 0x10, 0x20, 0x40, 0x80, 0x00, 0x01, 0x02,
  0x04, 0x08, 0x10, 0x20, 0x40, 0x80, 0x00, 0x81, 0x64, 0x01, 0x05, 0x7d,
  0x72, 0xfa, 0x76, 0x27, 0x40, 0x80, 0x00, 0x01, 0x02, 0x04, 0x08, 0x10,
  0x20, 0x40, 0x80, 0x00, 0x01, 0x02, 0x04, 0x08, 0x10, 0x20, 0x40, 0x80,
  0x00, 0x01, 0x02, 0x04, 0x08, 0x10, 0x20, 0x40, 0x80, 0x00, 0x81, 0x32,
  0x01, 0x05, 0x7d, 0x19, 0xb5, 0x41, 0x04, 0x08, 0x10, 0x20, 0x40, 0x80,
  0x00, 0x01, 0x02, 0x04, 0x08, 0x10, 0x20, 0x40, 0x80, 0x00, 0x01, 0x02,
  0x04, 0x08, 0x10, 0x20, 0x40, 0x80, 0x00, 0x01, 0x02, 0x04, 0x08, 0x10,
  0x20, 0x90, 0x2c, 0xa0, 0xa0, 0x4f, 0x4e, 0xdf, 0xee, 0x04, 0x08, 0x10,
  0x20, 0x40, 0x80, 0x00, 0x01, 0x02, 0x04, 0x08, 0x10, 0x20, 0x40, 0x80,
  0x00, 0x01, 0x02, 0x04, 0x08, 0x10, 0x20, 0x40, 0x80, 0x00, 0x01, 0x02,
  0x04, 0x08, 0x10, 0x20, 0x50, 0x26, 0xa0, 0xa0, 0x2f, 0xa3, 0x36, 0x88,
  0x00, 0x01, 0x02, 0x04, 0x08, 0x10, 0x20, 0x40, 0x80, 0x00, 0x01, 0x02,
  0x04, 0x08, 0x10, 0x20, 0x40, 0x80, 0x00, 0x01, 0x02, 0x04, 0x08, 0x10,
  0x20, 0x40, 0x80, 0x00, 0x01, 0x02, 0x04, 0x92, 0x05, 0x14, 0xf4, 0xc9,
  0xe9, 0xdb, 0x9d, 0x00, 0x01, 0x02, 0x04, 0x08, 0x10, 0x20, 0x40, 0x80,
  0x00, 0x01, 0x02, 0x04, 0x08, 0x10, 0x20, 0x40, 0x80, 0x00, 0x01, 0x02,
  0x04, 0x08, 0x10, 0x20, 0x40, 0x80, 0x00, 0x01, 0x02, 0x04, 0xca, 0x04,
  0x14, 0xf4, 0x65, 0xd4, 0x06, 0x11, 0x20, 0x40, 0x80, 0x00, 0x01, 0x02,
  0x04, 0x08, 0x10, 0x20, 0x40, 0x80, 0x00, 0x01, 0x02, 0x04, 0x08, 0x10,
  0x20, 0x40, 0x80, 0x00, 0x01, 0x02, 0x04, 0x08, 0x10, 0x20, 0x40, 0x80,
  0x40, 0xb2, 0x80, 0x82, 0x3e, 0x39, 0x7d, 0xbb, 0x13, 0x20, 0x40, 0x80,
  0x00, 0x01, 0x02, 0x04, 0x08, 0x10, 0x20, 0x40, 0x80, 0x00, 0x01, 0x02,
  0x04, 0x08, 0x10, 0x20, 0x40, 0x80, 0x00, 0x01, 0x02, 0x04, 0x08, 0x10,
  0x20, 0x40, 0x80, 0x40, 0x99, 0x80, 0x82, 0xbe, 0x8c, 0xda, 0x20, 0x02,
  0x04, 0x08, 0x10, 0x20, 0x40, 0x80, 0x00, 0x01, 0x02, 0x04, 0x08, 0x10,
  0x20, 0x40, 0x80, 0x00, 0x01, 0x02, 0x04, 0x08, 0x10, 0x20, 0x40, 0x80,
  0x00, 0x01, 0x02, 0x04, 0x08, 0x10, 0x48, 0x16, 0x50, 0xd0, 0x27, 0xa7,
  0x6f, 0x77, 0x02, 0x04, 0x08, 0x10, 0x20, 0x40, 0x80, 0x00, 0x01, 0x02,
  0x04, 0x08, 0x10, 0x20, 0x40, 0x80, 0x00, 0x01, 0x02, 0x04, 0x08, 0x10,
  0x20, 0x40, 0x80, 0x00, 0x01, 0x02, 0x04, 0x08, 0x10, 0x28, 0x13, 0x50,
  0xd0, 0x97, 0x51, 0x1b, 0x44, 0x80, 0x00, 0x01, 0x02, 0x04, 0x08, 0x10,
  0x20, 0x40, 0x80, 0x00, 0x01, 0x02, 0x04, 0x08, 0x10, 0x20, 0x40, 0x80,
  0x00, 0x01, 0x02, 0x04, 0x08, 0x10, 0x20, 0x40, 0x80, 0x00, 0x01, 0x02,
  0xc9, 0x02, 0x0a, 0xfa, 0xe4, 0xf4, 0xed, 0x4e, 0x80, 0x00, 0x01, 0x02,
  0x04, 0x08, 0x10, 0x20, 0x40, 0x80, 0x00, 0x01, 0x02, 0x04, 0x08, 0x10,
  0x20, 0x40, 0x80, 0x00, 0x01, 0x02, 0x04, 0x08, 0x10, 0x20, 0x40, 0x80,
  0x00, 0x01, 0x02, 0x65, 0x02, 0x0a, 0xfa, 0x32, 0x6a, 0x83, 0x08, 0x10,
  0x20, 0x40, 0x80, 0x00, 0x01, 0x02, 0x04, 0x08, 0x10, 0x20, 0x40, 0x80,
  0x00, 0x01, 0x02, 0x04, 0x08, 0x10, 0x20, 0x40, 0x80, 0x00, 0x01, 0x02,
  0x04, 0x08, 0x10, 0x20, 0x40, 0x20, 0x59, 0x40, 0x41, 0x9f, 0x9c, 0xbe,
  0xdd, 0x09, 0x10, 0x20, 0x40, 0x80, 0x00, 0x01, 0x02, 0x04, 0x08, 0x10,
  0x20, 0x40, 0x80, 0x00, 0x01, 0x02, 0x04, 0x08, 0x10, 0x20, 0x40, 0x80,
  0x00, 0x01, 0x02, 0x04, 0x08, 0x10, 0x20, 0x40, 0xa0, 0x4c, 0xe0, 0xa0,
  0x6c, 0xd2, 0x8f, 0x0c, 0x7a, 0xf6, 0xec, 0xdb, 0xb6, 0x23, 0x3c, 0x7c,
  0xf8, 0x76, 0xdb, 0x6c, 0x83, 0x09, 0x10, 0x20, 0x40, 0x80, 0x40, 0x85,
  0xc0, 0xf9, 0xd9, 0x51, 0xc5, 0x18, 0x33, 0xfe, 0x0f, 0x81, 0xab, 0xeb,
  0x1b, 0x2e, 0x4d, 0x02, 0x3f, 0xfb, 0xd5, 0xc7, 0x4d, 0x93, 0xfb, 0xc7,
  0xde, 0xde, 0xf6, 0x9f, 0xc1, 0x09, 0x08, 0x10, 0x20, 0x40, 0x80, 0x00,
  0x01, 0x02, 0x04, 0xd6, 0x11, 0xf0, 0xef, 0x9a, 0x75, 0xb2, 0xb4, 0xc9,
  0x4f, 0x17, 0x38, 0x3c, 0xfc, 0xe9, 0xcf, 0x7a, 0xf2, 0x7e, 0x05, 0xba,
  0xbf, 0x73, 0x4e, 0x8e, 0xfd, 0x1c, 0xed, 0x7e, 0x13, 0xf5, 0x69, 0x04,
  0x08, 0xfc, 0x98, 0x80, 0xdf, 0xa0, 0x77, 0x37, 0x08, 0x10, 0x20, 0x40,
  0x80, 0x00, 0x01, 0x02, 0x04, 0x08, 0x10, 0x20, 0x40, 0x80, 0x00, 0x01,
  0x02, 0x04, 0x08, 0x10, 0x20, 0x40, 0x80, 0x00, 0x01, 0x02, 0x04, 0x08,
  0x10, 0x20, 0x40, 0x80, 0x40, 0x81, 0x80, 0x82, 0xbe, 0x00, 0xd9, 0x08,
  0x02, 0x04, 0x08, 0x10, 0x20, 0x40, 0x80, 0x00, 0x01, 0x02, 0x04, 0x08,
  0x10, 0x20, 0x40, 0x80, 0x00, 0x01, 0x02, 0x04, 0x08, 0x10, 0x20, 0x40,
  0x80, 0x00, 0x01, 0x02, 0x04, 0x08, 0x10, 0x20, 0xa0, 0xa0, 0x77, 0x07,
  0x08, 0x10, 0x20, 0x40, 0x80, 0x00, 0x01, 0x02, 0x04, 0x08, 0x10, 0x20,
  0x40, 0x80, 0x00, 0x01, 0x02, 0x04, 0x08, 0x10, 0x20, 0x40, 0x80, 0x00,
  0x01, 0x02, 0x04, 0x08, 0x10, 0x20, 0x40, 0x80, 0x40, 0x81, 0x80, 0x82,
  0xbe, 0x00, 0xd9, 0x08, 0x02, 0x04, 0x08, 0x10, 0x20, 0x40, 0x80, 0x00,
  0x01, 0x02, 0x04, 0x08, 0x10, 0x20, 0x40, 0x80, 0x00, 0x01, 0x02, 0x04,
  0x08, 0x10, 0x20, 0x40, 0x80, 0x00, 0x01, 0x02, 0x04, 0x08, 0x10, 0x20,
  0xa0, 0xa0, 0x77, 0x07, 0x08, 0x10, 0x20, 0x40, 0x80, 0x00, 0x01, 0x02,
  0x04, 0x08, 0x10, 0x20, 0x40, 0x80, 0x00, 0x01, 0x02, 0x04, 0x08, 0x10,
  0x20, 0x40, 0x80, 0x00, 0x01, 0x02, 0x04, 0x08, 0x10, 0x20, 0x40, 0x80,
  0x40, 0x81, 0x80, 0x82, 0xbe, 0x00, 0xd9, 0x08, 0x02, 0x04, 0x08, 0x10,
  0x20, 0x40, 0x80, 0x00, 0x01, 0x02, 0x04, 0x08, 0x10, 0x20, 0x40, 0x80,
  0x00, 0x01, 0x02, 0x04, 0x08, 0x10, 0x20, 0x40, 0x80, 0x00, 0x01, 0x02,
  0x04, 0x08, 0x10, 0x20, 0xa0, 0xa0, 0x77, 0x07, 0x08, 0x10, 0x20, 0x40,
  0x80, 0x00, 0x01, 0x02, 0x04, 0x08, 0x10, 0x20, 0x40, 0x80, 0x00, 0x01,
  0x02, 0x04, 0x08, 0x10, 0x20, 0x40, 0x80, 0x00, 0x01, 0x02, 0x04, 0x08,
  0x10, 0x20, 0x40, 0x80, 0x40, 0x81, 0x80, 0x82, 0xbe, 0x00, 0xd9, 0x08,
  0x02, 0x04, 0x08, 0x10, 0x20, 0x40, 0x80, 0x00, 0x01, 0x02, 0x04, 0x08,
  0x10, 0x20, 0x40, 0x80, 0x00, 0x01, 0x02, 0x04, 0x08, 0x10, 0x20, 0x40,
  0x80, 0x00, 0x01, 0x02, 0x04, 0x08, 0x10, 0x20, 0xa0, 0xa0, 0x77, 0x07,
  0x08, 0x10, 0x20, 0x40, 0x80, 0x00, 0x01, 0x02, 0x04, 0x08, 0x10, 0x20,
  0x40, 0x80, 0x00, 0x01, 0x02, 0x04, 0x08, 0x10, 0x20, 0x40, 0x80, 0x00,
  0x01, 0x02, 0x04, 0x08, 0x10, 0x20, 0x40, 0x80, 0x40, 0x81, 0x80, 0x82,
  0xbe, 0x00, 0xd9, 0x08, 0x02, 0x04, 0x08, 0x10, 0x20, 0x40, 0x80, 0x00,
  0x01, 0x02, 0x04, 0x08, 0x10, 0x20, 0x40, 0x80, 0x00, 0x01, 0x02, 0x04,
  0x08, 0x10, 0x20, 0x40, 0x80, 0x00, 0x01, 0x02, 0x04, 0x08, 0x10, 0x20,
  0xa0, 0xa0, 0x77, 0x07, 0x08, 0x10, 0x20, 0x40, 0x80, 0x00, 0x01, 0x02,
  0x04, 0x08, 0x10, 0x20, 0x40, 0x80, 0x00, 0x01, 0x02, 0x04, 0x08, 0x10,
  0x20, 0x40, 0x80, 0x00, 0x01, 0x02, 0x04, 0x08, 0x10, 0x20, 0x40, 0x80,
  0x40, 0x81, 0x80, 0x82, 0xbe, 0x00, 0xd9, 0x08, 0x02, 0x04, 0x08, 0x10,
  0x20, 0x40, 0x80, 0x00, 0x01, 0x02, 0x04, 0x08, 0x10, 0x20, 0x40, 0x80,
  0x00, 0x01, 0x02, 0x04, 0x08, 0x10, 0x20, 0x40, 0x80, 0x00, 0x01, 0x02,
  0x04, 0x08, 0x10, 0x20, 0xa0, 0xa0, 0x77, 0x07, 0x08, 0x10, 0x20, 0x40,
  0x80, 0x00, 0x01, 0x02, 0x04, 0x08, 0x10, 0x20, 0x40, 0x80, 0x00, 0x01,
  0x02, 0x04, 0x08, 0x10, 0x20, 0x40, 0x80, 0x00, 0x01, 0x02, 0x04, 0x08,
  0x10, 0x20, 0x40, 0x80, 0x40, 0x81, 0x80, 0x82, 0xbe, 0x00, 0xd9, 0x08,
  0x02, 0x04, 0x08, 0x10, 0x20, 0x40, 0x80, 0x00, 0x01, 0x02, 0x04, 0x08,
  0x10, 0x20, 0x40, 0x80, 0x00, 0x01, 0x02, 0x04, 0x08, 0x10, 0x20, 0x40,
  0x80, 0x00, 0x01, 0x02, 0x04, 0x08, 0x10, 0x20, 0xa0, 0xa0, 0x77, 0x07,
  0x08, 0x10, 0x20, 0x40, 0x80, 0x00, 0x01, 0x02, 0x04, 0x08, 0x10, 0x20,
  0x40, 0x80, 0x00, 0x01, 0x02, 0x04, 0x08, 0x10, 0x20, 0x40, 0x80, 0x00,
  0x01, 0x02, 0x04, 0x08, 0x10, 0x20, 0x40, 0x80, 0x40, 0x81, 0x80, 0x82,
  0xbe, 0x00, 0xd9, 0x08, 0x02, 0x04, 0x08, 0x10, 0x20, 0x40, 0x80, 0x00,
  0x01, 0x02, 0x04, 0x08, 0x10, 0x20, 0x40, 0x80, 0x00, 0x01, 0x02, 0x04,
  0x08, 0x10, 0x20, 0x40, 0x80, 0x00, 0x01, 0x02, 0x04, 0x08, 0x10, 0x20,
  0xa0, 0xa0, 0x77, 0x07, 0x08, 0x10, 0x20, 0x40, 0x80, 0x00, 0x01, 0x02,
  0x04, 0x08, 0x10, 0x20, 0x40, 0x80, 0x00, 0x01, 0x02, 0x04, 0x08, 0x10,
  0x20, 0x40, 0x80, 0x00, 0x01, 0x02, 0x04, 0x08, 0x10, 0x20, 0x40, 0x80,
  0x40, 0x81, 0x80, 0x82, 0xbe, 0x00, 0xd9, 0x08, 0x02, 0x04, 0x08, 0x10,
  0x20, 0x40, 0x80, 0x00, 0x01, 0x02, 0x04, 0x08, 0x10, 0x20, 0x40, 0x80,
  0x00, 0x01, 0x02, 0x04, 0x08, 0x10, 0x20, 0x40, 0x80, 0x00, 0x01, 0x02,
  0x04, 0x08, 0x10, 0x20, 0xa0, 0xa0, 0x77, 0x07, 0x08, 0x10, 0x20, 0x40,
  0x80, 0x00, 0x01, 0x02, 0x04, 0x08, 0x10, 0x20, 0x40, 0x80, 0x00, 0x01,
  0x02, 0x04, 0x08, 0x10, 0x20, 0x40, 0x80, 0x00, 0x01, 0x02, 0x04, 0x08,
  0x10, 0x20, 0x40, 0x80, 0x40, 0x81, 0x80, 0x82, 0xbe, 0x00, 0xd9, 0x08,
  0x02, 0x04, 0x08, 0x10, 0x20, 0x40, 0x80, 0x00, 0x01, 0x02, 0x04, 0x08,
  0x10, 0x20, 0x40, 0x80, 0x00, 0x01, 0x02, 0x04, 0x08, 0x10, 0x20, 0x40,
  0x80, 0x00, 0x01, 0x02, 0x04, 0x08, 0x10, 0x20, 0xa0, 0xa0, 0x77, 0x07,
  0x08, 0x10, 0x20, 0x40, 0x80, 0x00, 0x01, 0x02, 0x04, 0x08, 0x10, 0x20,
  0x40, 0x80, 0x00, 0x01, 0x02, 0x04, 0x08, 0x10, 0x20, 0x40, 0x80, 0x00,
  0x01, 0x02, 0x04, 0x08, 0x10, 0x20, 0x40, 0x80, 0x40, 0x81, 0x80, 0x82,
  0xbe, 0x00, 0xd9, 0x08, 0x02, 0x04, 0x08, 0x10, 0x20, 0x40, 0x80, 0x00,
  0x01, 0x02, 0x04, 0x08, 0x10, 0x20, 0x40, 0x80, 0x00, 0x01, 0x02, 0x04,
  0x08, 0x10, 0x20, 0x40, 0x80, 0x00, 0x01, 0x02, 0x04, 0x08, 0x10, 0x20,
  0xa0, 0xa0, 0x77, 0x07, 0x08, 0x10, 0x20, 0x40, 0x80, 0x00, 0x01, 0x02,
  0x04, 0x08, 0x10, 0x20, 0x40, 0x80, 0x00, 0x01, 0x02, 0x04, 0x08, 0x10,
  0x20, 0x40, 0x80, 0x00, 0x01, 0x02, 0x04, 0x08, 0x10, 0x20, 0x40, 0x80,
  0x40, 0x81, 0x80, 0x82, 0xbe, 0x00, 0xd9, 0x08, 0x02, 0x04, 0x08, 0x10,
  0x20, 0x40, 0x80, 0x00, 0x01, 0x02, 0x04, 0x08, 0x10, 0x20, 0x40, 0x80,
  0x00, 0x01, 0x02, 0x04, 0x08, 0x10, 0x20, 0x40, 0x80, 0x00, 0x01, 0x02,
  0x04, 0x08, 0x10, 0x20, 0xa0, 0xa0, 0x77, 0x07, 0x08, 0x10, 0x20, 0x40,
  0x80, 0x00, 0x01, 0x02, 0x04, 0x08, 0x10, 0x20, 0x40, 0x80, 0x00, 0x01,
  0x02, 0x04, 0x08, 0x10, 0x20, 0x40, 0x80, 0x00, 0x01, 0x02, 0x04, 0x08,
  0x10, 0x20, 0x40, 0x80, 0x40, 0x81, 0x80, 0x82, 0xbe, 0x00, 0xd9, 0x08,
  0x02, 0x04, 0x08, 0x10, 0x20, 0x40, 0x80, 0x00, 0x01, 0x02, 0x04, 0x08,
  0x10, 0x20, 0x40, 0x80, 0x00, 0x01, 0x02, 0x04, 0x08, 0x10, 0x20, 0x40,
  0x80, 0x00, 0x01, 0x02, 0x04, 0x08, 0x10, 0x20, 0xa0, 0xa0, 0x77, 0x07,
  0x08, 0x10, 0x20, 0x40, 0x80, 0x00, 0x01, 0x02, 0x04, 0x08, 0x10, 0x20,
  0x40, 0x80, 0x00, 0x01, 0x02, 0x04, 0x08, 0x10, 0x20, 0x40, 0x80, 0x00,
  0x01, 0x02, 0x04, 0x08, 0x10, 0x20, 0x40, 0x80, 0x40, 0x81, 0x80, 0x82,
  0xbe, 0x00, 0xd9, 0x08, 0x02, 0x04, 0x08, 0x10, 0x20, 0x40, 0x80, 0x00,
  0x01, 0x02, 0x04, 0x08, 0x10, 0x20, 0x40, 0x80, 0x00, 0x01, 0x02, 0x04,
  0x08, 0x10, 0x20, 0x40, 0x80, 0x00, 0x01, 0x02, 0x04, 0x08, 0x10, 0x20,
  0xa0, 0xa0, 0x77, 0x07, 0x08, 0x10, 0x20, 0x40, 0x80, 0x00, 0x01, 0x02,
  0x04, 0x08, 0x10, 0x20, 0x40, 0x80, 0x00, 0x01, 0x02, 0x04, 0x08, 0x10,
  0x20, 0x40, 0x80, 0x00, 0x01, 0x02, 0x04, 0x08, 0x10, 0x20, 0x40, 0x80,
  0x40, 0x81, 0x80, 0x82, 0xbe, 0x00, 0xd9, 0x08, 0x02, 0x04, 0x08, 0x10,
  0x20, 0x40, 0x80, 0x00, 0x01, 0x02, 0x04, 0x08, 0x10, 0x20, 0x40, 0x80,
  0x00, 0x01, 0x02, 0x04, 0x08, 0x10, 0x20, 0x40, 0x80, 0x00, 0x01, 0x02,
  0x04, 0x08, 0x10, 0x20, 0x70, 0xd0, 0x4d, 0xf0, 0xf0, 0xe1, 0xdb, 0xdd,
  0x47, 0x30, 0x9f, 0x00, 0x01, 0x02, 0x04, 0x08, 0x10, 0x20, 0xb0, 0x9c,
  0xc0, 0xd5, 0xf5, 0xcd, 0x72, 0x3b, 0x59, 0x88, 0xc0, 0x1f, 0x12, 0x38,
  0x3f, 0x3b, 0x02, 0x44, 0x80, 0x00, 0x01, 0x02, 0x04, 0x08, 0x10, 0x20,
  0x40, 0xe0, 0x5e, 0x05, 0x6e, 0x6f, 0xef, 0xf5, 0xe3, 0x7c, 0xd8, 0x4e,
  0x04, 0x4e, 0x8e, 0xfd, 0xdb, 0x62, 0x27, 0x51, 0x39, 0x26, 0x81, 0x25,
  0x04, 0x2e, 0x2e, 0xfd, 0x0c, 0x6f, 0x89, 0x20, 0x07, 0x97, 0xf0, 0x1b,
  0xf4, 0x83, 0x60, 0x1e, 0x27, 0x40, 0x80, 0x00, 0x01, 0x02, 0x04, 0x08,
  0x10, 0x20, 0x40, 0x80, 0x00, 0x01, 0x02, 0x04, 0x08, 0x10, 0x20, 0x40,
  0x80, 0x00, 0x01, 0x02, 0x04, 0x08, 0x10, 0x20, 0x40, 0x80, 0x00, 0x01,
  0x02, 0x5b, 0x04, 0x14, 0xf4, 0x5b, 0xd4, 0xbc, 0x43, 0x80, 0x00, 0x01,
  0x02, 0x04, 0x08, 0x10, 0x20, 0x40, 0x80, 0x00, 0x01, 0x02, 0x04, 0x08,
  0x10, 0x20, 0x40, 0x80, 0x00, 0x01, 0x02, 0x04, 0x08, 0x10, 0x20, 0x40,
  0x80, 0x00, 0x01, 0x02, 0x04, 0x06, 0x05, 0x14, 0xf4, 0x83, 0x60, 0x1e,
  0x27, 0x40, 0x80, 0x00, 0x01, 0x02, 0x04, 0x08, 0x10, 0x20, 0x40, 0x80,
  0x00, 0x01, 0x02, 0x04, 0x08, 0x10, 0x20, 0x40, 0x80, 0x00, 0x01, 0x02,
  0x04, 0x08, 0x10, 0x20, 0x40, 0x80, 0x00, 0x01, 0x02, 0x5b, 0x04, 0x14,
  0xf4, 0x5b, 0xd4, 0xbc, 0x43, 0x80, 0x00, 0x01, 0x02, 0x04, 0x08, 0x10,
  0x20, 0x40, 0x80, 0x00, 0x01, 0x02, 0x04, 0x08, 0x10, 0x20, 0x40, 0x80,
  0x00, 0x01, 0x02, 0x04, 0x08, 0x10, 0x20, 0x40, 0x80, 0x00, 0x01, 0x02,
  0x04, 0x06, 0x05, 0x14, 0xf4, 0x83, 0x60, 0x1e, 0x27, 0x40, 0x80, 0x00,
  0x01, 0x02, 0x04, 0x08, 0x10, 0x20, 0x40, 0x80, 0x00, 0x01, 0x02, 0x04,
  0x08, 0x10, 0x20, 0x40, 0x80, 0x00, 0x01, 0x02, 0x04, 0x08, 0x10, 0x20,
  0x40, 0x80, 0x00, 0x01, 0x02, 0x5b, 0x04, 0x14, 0xf4, 0x5b, 0xd4, 0xbc,
  0x43, 0x80, 0x00, 0x01, 0x02, 0x04, 0x08, 0x10, 0x20, 0x40, 0x80, 0x00,
  0x01, 0x02, 0x04, 0x08, 0x10, 0x20, 0x40, 0x80, 0x00, 0x01, 0x02, 0x04,
  0x08, 0x10, 0x20, 0x40, 0x80, 0x00, 0x01, 0x02, 0x04, 0x06, 0x05, 0x14,
  0xf4, 0x83, 0x60, 0x1e, 0x27, 0x40, 0x80, 0x00, 0x01, 0x02, 0x04, 0x08,
  0x10, 0x20, 0x40, 0x80, 0x00, 0x01, 0x02, 0x04, 0x08, 0x10, 0x20, 0x40,
  0x80, 0x00, 0x01, 0x02, 0x04, 0x08, 0x10, 0x20, 0x40, 0x80, 0x00, 0x01,
  0x02, 0x5b, 0x04, 0x14, 0xf4, 0x5b, 0xd4, 0xbc, 0x43, 0x80, 0x00, 0x01,
  0x02, 0x04, 0x08, 0x10, 0x20, 0x40, 0x80, 0x00, 0x01, 0x02, 0x04, 0x08,
  0x10, 0x20, 0x40, 0x80, 0x00, 0x01, 0x02, 0x04, 0x08, 0x10, 0x20, 0x40,
  0x80, 0x00, 0x01, 0x02, 0x04, 0x06, 0x05, 0x14, 0xf4, 0x83, 0x60, 0x1e,
  0x27, 0x40, 0x80, 0x00, 0x01, 0x02, 0x04, 0x08, 0x10, 0x20, 0x40, 0x80,
  0x00, 0x01, 0x02, 0x04, 0x08, 0x10, 0x20, 0x40, 0x80, 0x00, 0x01, 0x02,
  0x04, 0x08, 0x10, 0x20, 0x40, 0x80, 0x00, 0x01, 0x02, 0x5b, 0x04, 0x14,
  0xf4, 0x5b, 0xd4, 0xbc, 0x43, 0x80, 0x00, 0x01, 0x02, 0x04, 0x08, 0x10,
  0x20, 0x40, 0x80, 0x00, 0x01, 0x02, 0x04, 0x08, 0x10, 0x20, 0x40, 0x80,
  0x00, 0x01, 0x02, 0x04, 0x08, 0x10, 0x20, 0x40, 0x80, 0x00, 0x01, 0x02,
  0x04, 0x06, 0x05, 0x14, 0xf4, 0x83, 0x60, 0x1e, 0x27, 0x40, 0x80, 0x00,
  0x01, 0x02, 0x04, 0x08, 0x10, 0x20, 0x40, 0x80, 0x00, 0x01, 0x02, 0x04,
  0x08, 0x10, 0x20, 0x40, 0x80, 0x00, 0x01, 0x02, 0x04, 0x08, 0x10, 0x20,
  0x40, 0x80, 0x00, 0x01, 0x02, 0x5b, 0x04, 0x14, 0xf4, 0x5b, 0xd4, 0xbc,
  0x43, 0x80, 0x00, 0x01, 0x02, 0x04, 0x08, 0x10, 0x20, 0x40, 0x80, 0x00,
  0x01, 0x02, 0x04, 0x08, 0x10, 0x20, 0x40, 0x80, 0x00, 0x01, 0x02, 0x04,
  0x08, 0x10, 0x20, 0x40, 0x80, 0x00, 0x01, 0x02, 0x04, 0x06, 0x05, 0x14,
  0xf4, 0x83, 0x60, 0x1e, 0x27, 0x40, 0x80, 0x00, 0x01, 0x02, 0x04, 0x08,
  0x10, 0x20, 0x40, 0x80, 0x00, 0x01, 0x02, 0x04, 0x08, 0x10, 0x20, 0x40,
  0x80, 0x00, 0x01, 0x02, 0x04, 0x08, 0x10, 0x20, 0x40, 0x80, 0x00, 0x01,
  0x02, 0x5b, 0x04, 0x14, 0xf4, 0x5b, 0xd4, 0xbc, 0x43, 0x80, 0x00, 0x01,
  0x02, 0x04, 0x08, 0x10, 0x20, 0x40, 0x80, 0x00, 0x01, 0x02, 0x04, 0x08,
  0x10, 0x20, 0x40, 0x80, 0x00, 0x01, 0x02, 0x04, 0x08, 0x10, 0x20, 0x40,
  0x80, 0x00, 0x01, 0x02, 0x04, 0x06, 0x05, 0x14, 0xf4, 0x83, 0x60, 0x1e,
  0x27, 0x40, 0x80, 0x00, 0x01, 0x02, 0x04, 0x08, 0x10, 0x20, 0x40, 0x80,
  0x00, 0x01, 0x02, 0x04, 0x08, 0x10, 0x20, 0x40, 0x80, 0x00, 0x01, 0x02,
  0x04, 0x08, 0x10, 0x20, 0x40, 0x80, 0x00, 0x01, 0x02, 0x5b, 0x04, 0x14,
  0xf4, 0x5b, 0xd4, 0xbc, 0x43, 0x80, 0x00, 0x01, 0x02, 0x04, 0x08, 0x10,
  0x20, 0x40, 0x80, 0x00, 0x01, 0x02, 0x04, 0x08, 0x10, 0x20, 0x40, 0x80,
  0x00, 0x01, 0x02, 0x04, 0x08, 0x10, 0x20, 0x40, 0x80, 0x00, 0x01, 0x02,
  0x04, 0x06, 0x05, 0x14, 0xf4, 0x83, 0x60, 0x1e, 0x27, 0x40, 0x80, 0x00,
  0x01, 0x02, 0x04, 0x08, 0x10, 0x20, 0x40, 0x80, 0x00, 0x01, 0x02, 0x04,
  0x08, 0x10, 0x20, 0x40, 0x80, 0x00, 0x01, 0x02, 0x04, 0x08, 0x10, 0x20,
  0x40, 0x80, 0x00, 0x01, 0x02, 0x5b, 0x04, 0x14, 0xf4, 0x5b, 0xd4, 0xbc,
  0x43, 0x80, 0x00, 0x01, 0x02, 0x04, 0x08, 0x10, 0x20, 0x40, 0x80, 0x00,
  0x01, 0x02, 0x04, 0x08, 0x10, 0x20, 0x40, 0x80, 0x00, 0x01, 0x02, 0x04,
  0x08, 0x10, 0x20, 0x40, 0x80, 0x00, 0x01, 0x02, 0x04, 0x06, 0x05, 0x14,
  0xf4, 0x83, 0x60, 0x1e, 0x27, 0x40, 0x80, 0x00, 0x01, 0x02, 0x04, 0x08,
  0x10, 0x20, 0x40, 0x80, 0x00, 0x01, 0x02, 0x04, 0x08, 0x10, 0x20, 0x40,
  0x80, 0x00, 0x01, 0x02, 0x04, 0x08, 0x10, 0x20, 0x40, 0x80, 0x00, 0x01,
  0x02, 0x5b, 0x04, 0x14, 0xf4, 0x5b, 0xd4, 0xbc, 0x43, 0x80, 0x00, 0x01,
  0x02, 0x04, 0x08, 0x10, 0x20, 0x40, 0x80, 0x00, 0x01, 0x02, 0x04, 0x08,
  0x10, 0x20, 0x40, 0x80, 0x00, 0x01, 0x02, 0x04, 0x08, 0x10, 0x20, 0x40,
  0x80, 0x00, 0x01, 0x02, 0x04, 0x06, 0x05, 0x14, 0xf4, 0x83, 0x60, 0x1e,
  0x27, 0x40, 0x80, 0x00, 0x01, 0x02, 0x04, 0x08, 0x10, 0x20, 0x40, 0x80,
  0x00, 0x01, 0x02, 0x04, 0x08, 0x10, 0x20, 0x40, 0x80, 0x00, 0x01, 0x02,
  0x04, 0x08, 0x10, 0x20, 0x40, 0x80, 0x00, 0x01, 0x02, 0x5b, 0x04, 0x14,
  0xf4, 0x5b, 0xd4, 0xbc, 0x43, 0x80, 0x00, 0x01, 0x02, 0x04, 0x08, 0x10,
  0x20, 0x40, 0x80, 0x00, 0x01, 0x02, 0x04, 0x08, 0x10, 0x20, 0x40, 0x80,
  0x00, 0x01, 0x02, 0x04, 0x08, 0x10, 0x20, 0x40, 0x80, 0x00, 0x01, 0x02,
  0x04, 0x06, 0x05, 0x14, 0xf4, 0x83, 0x60, 0x1e, 0x27, 0x40, 0x80, 0x00,
  0x01, 0x02, 0x04, 0x08, 0x10, 0x20, 0x40, 0x80, 0x00, 0x01, 0x02, 0x04,
  0x08, 0x10, 0x20, 0x40, 0x80, 0x00, 0x01, 0x02, 0x04, 0x08, 0x10, 0x20,
  0x40, 0x80, 0x00, 0x01, 0x02, 0x5b, 0x04, 0x14, 0xf4, 0x5b, 0xd4, 0xbc,
  0x43, 0x80, 0x00, 0x01, 0x02, 0x04, 0x08, 0x10, 0x20, 0x40, 0x80, 0x00,
  0x01, 0x02, 0x04, 0x08, 0x10, 0x20, 0x40, 0x80, 0x00, 0x01, 0x02, 0x04,
  0x08, 0x10, 0x20, 0x40, 0x80, 0x00, 0x01, 0x02, 0x04, 0x06, 0x05, 0x14,
  0xf4, 0x83, 0x60, 0x1e, 0x27, 0x40, 0x80, 0x00, 0x01, 0x02, 0x04, 0x08,
  0x10, 0x20, 0x40, 0x80, 0x00, 0x01, 0x02, 0x04, 0x08, 0x10, 0x20, 0x40,
  0x80, 0x00, 0x01, 0x02, 0x04, 0x08, 0x10, 0x20, 0x40, 0x80, 0x00, 0x01,
  0x02, 0x5b, 0x04, 0x14, 0xf4, 0x5b, 0xd4, 0xbc, 0x43, 0x80, 0x00, 0x01,
  0x02, 0x04, 0x08, 0x10, 0x20, 0x40, 0x80, 0x00, 0x01, 0x02, 0x04, 0x08,
  0x10, 0x20, 0x40, 0x80, 0x00, 0x01, 0x02, 0x04, 0x08, 0x10, 0x20, 0x40,
  0x80, 0x00, 0x01, 0x02, 0x04, 0x06, 0x05, 0x14, 0xf4, 0x83, 0x60, 0x1e,
  0x27, 0x40, 0x80, 0x00, 0x01, 0x02, 0x04, 0x08, 0x10, 0x20, 0x40, 0x80,
  0x00, 0x01, 0x02, 0x04, 0x08, 0x10, 0x20, 0x40, 0x80, 0x00, 0x01, 0x02,
  0x04, 0x08, 0x10, 0x20, 0x40, 0x80, 0x00, 0x01, 0x02, 0x5b, 0x04, 0x14,
  0xf4, 0x5b, 0xd4, 0xbc, 0x43, 0x80, 0x00, 0x01, 0x02, 0x04, 0x08, 0x10,
  0x20, 0x40, 0x80, 0x00, 0x01, 0x02, 0x04, 0x08, 0x10, 0x20, 0x40, 0x80,
  0x00, 0x01, 0x02, 0x04, 0x08, 0x10, 0x20, 0x40, 0x80, 0x00, 0x01, 0x02,
  0x04, 0x06, 0x05, 0x14, 0xf4, 0x83, 0x60, 0x1e, 0x27, 0x40, 0x80, 0x00,
  0x01, 0x02, 0x04, 0x08, 0x10, 0x20, 0x40, 0x80, 0x00, 0x01, 0x02, 0x04,
  0x08, 0x10, 0x20, 0x40, 0x80, 0x00, 0x01, 0x02, 0x04, 0x08, 0x10, 0x20,
  0x40, 0x80, 0x00, 0x01, 0x02, 0x5b, 0x04, 0x14, 0xf4, 0x5b, 0xd4, 0xbc,
  0x43, 0x80, 0x00, 0x01, 0x02, 0x04, 0x08, 0x10, 0x20, 0x40, 0x80, 0x00,
  0x01, 0x02, 0x04, 0x08, 0x10, 0x20, 0x40, 0x80, 0x00, 0x01, 0x02, 0x04,
  0x08, 0x10, 0x20, 0x40, 0x80, 0x00, 0x01, 0x02, 0x04, 0x06, 0x05, 0x14,
  0xf4, 0x83, 0x60, 0x1e, 0x27, 0x40, 0x80, 0x00, 0x01, 0x02, 0x04, 0x08,
  0x10, 0x20, 0x40, 0x80, 0x00, 0x01, 0x02, 0x04, 0x08, 0x10, 0x20, 0x40,
  0x80, 0x00, 0x01, 0x02, 0x04, 0x08, 0x10, 0x20, 0x40, 0x80, 0x00, 0x01,
  0x02, 0x5b, 0x04, 0x0e, 0xb6, 0xbc, 0xe4, 0x1d, 0x02, 0x04, 0x08, 0x10,
  0x20, 0x40, 0x60, 0x1f, 0x02, 0x57, 0xd7, 0x37, 0xad, 0x07, 0x3d, 0x39,
  0x3e, 0x6a, 0x9d, 0xdf, 0x39, 0x3c, 0x79, 0xf7, 0xee, 0x7b, 0xd7, 0x99,
  0xfb, 0xdd, 0xec, 0xdb, 0xdb, 0xee, 0x13, 0x98, 0x4f, 0x80, 0x00, 0x01,
  0x02, 0x04, 0x08, 0x10, 0x20, 0x40, 0x80, 0x00, 0x81, 0xfd, 0x0a, 0x9c,
  0x9f, 0xe5, 0xfe, 0x2c, 0x61, 0xbf, 0xa9, 0x39, 0x39, 0x01, 0x02, 0x04,
  0x08, 0x8c, 0x08, 0xf8, 0x0d, 0xfa, 0x11, 0x2d, 0xcf, 0x12, 0x20, 0x40,
  0x80, 0x00, 0x01, 0x02, 0x04, 0x08, 0x10, 0x20, 0x40, 0x80, 0x00, 0x01,
  0x02, 0x04, 0x08, 0x10, 0x20, 0x40, 0x80, 0x00, 0x01, 0x02, 0x04, 0x08,
  0x10, 0x20, 0x40, 0x80, 0x00, 0x81, 0x8d, 0x02, 0x0a, 0xfa, 0x8d, 0x70,
  0x5e, 0x23, 0x40, 0x80, 0x00, 0x01, 0x02, 0x04, 0x08, 0x10, 0x20, 0x40,
  0x80, 0x00, 0x01, 0x02, 0x04, 0x08, 0x10, 0x20, 0x40, 0x80, 0x00, 0x01,
  0x02, 0x04, 0x08, 0x10, 0x20, 0x40, 0x80, 0x00, 0x01, 0x02, 0x23, 0x02,
  0x0a, 0xfa, 0x11, 0x2d, 0xcf, 0x12, 0x20, 0x40, 0x80, 0x00, 0x01, 0x02,
  0x04, 0x08, 0x10, 0x20, 0x40, 0x80, 0x00, 0x01, 0x02, 0x04, 0x08, 0x10,
  0x20, 0x40, 0x80, 0x00, 0x01, 0x02, 0x04, 0x08, 0x10, 0x20, 0x40, 0x80,
  0x00, 0x81, 0x8d, 0x02, 0x0a, 0xfa, 0x8d, 0x70, 0x5e, 0x23, 0x40, 0x80,
  0x00, 0x01, 0x02, 0x04, 0x08, 0x10, 0x20, 0x40, 0x80, 0x00, 0x01, 0x02,
  0x04, 0x08, 0x10, 0x20, 0x40, 0x80, 0x00, 0x01, 0x02, 0x04, 0x08, 0x10,
  0x20, 0x40, 0x80, 0x00, 0x01, 0x02, 0x23, 0x02, 0x0a, 0xfa, 0x11, 0x2d,
  0xcf, 0x12, 0x20, 0x40, 0x80, 0x00, 0x01, 0x02, 0x04, 0x08, 0x10, 0x20,
  0x40, 0x80, 0x00, 0x01, 0x02, 0x04, 0x08, 0x10, 0x20, 0x40, 0x80, 0x00,
  0x01, 0x02, 0x04, 0x08, 0x10, 0x20, 0x40, 0x80, 0x00, 0x81, 0x8d, 0x02,
  0x0a, 0xfa, 0x8d, 0x70, 0x5e, 0x23, 0x40, 0x80, 0x00, 0x01, 0x02, 0x04,
  0x08, 0x10, 0x20, 0x40, 0x80, 0x00, 0x01, 0x02, 0x04, 0x08, 0x10, 0x20,
  0x40, 0x80, 0x00, 0x01, 0x02, 0x04, 0x08, 0x10, 0x20, 0x40, 0x80, 0x00,
  0x01, 0x02, 0x23, 0x02, 0x0a, 0xfa, 0x11, 0x2d, 0xcf, 0x12, 0x20, 0x40,
  0x80, 0x00, 0x01, 0x02, 0x04, 0x08, 0x10, 0x20, 0x40, 0x80, 0x00, 0x01,
  0x02, 0x04, 0x08, 0x10, 0x20, 0x40, 0x80, 0x00, 0x01, 0x02, 0x04, 0x08,
  0x10, 0x20, 0x40, 0x80, 0x00, 0x81, 0x8d, 0x02, 0x0a, 0xfa, 0x8d, 0x70,
  0x5e, 0x23, 0x40, 0x80, 0x00, 0x01, 0x02, 0x04, 0x08, 0x10, 0x20, 0x40,
  0x80, 0x00, 0x01, 0x02, 0x04, 0x08, 0x10, 0x20, 0x40, 0x80, 0x00, 0x01,
  0x02, 0x04, 0x08, 0x10, 0x20, 0x40, 0x80, 0x00, 0x01, 0x02, 0x23, 0x02,
  0x0a, 0xfa, 0x11, 0x2d, 0xcf, 0x12, 0x20, 0x40, 0x80, 0x00, 0x01, 0x02,
  0x04, 0x08, 0x10, 0x20, 0x40, 0x80, 0x00, 0x01, 0x02, 0x04, 0x08, 0x10,
  0x20, 0x40, 0x80, 0x00, 0x01, 0x02, 0x04, 0x08, 0x10, 0x20, 0x40, 0x80,
  0x00, 0x81, 0x8d, 0x02, 0x0a, 0xfa, 0x8d, 0x70, 0x5e, 0x23, 0x40, 0x80,
  0x00, 0x01, 0x02, 0x04, 0x08, 0x10, 0x20, 0x40, 0x80, 0x00, 0x01, 0x02,
  0x04, 0x08, 0x10, 0x20, 0x40, 0x80, 0x00, 0x01, 0x02, 0x04, 0x08, 0x10,
  0x20, 0x40, 0x80, 0x00, 0x01, 0x02, 0x23, 0x02, 0x0a, 0xfa, 0x11, 0x2d,
  0xcf, 0x12, 0x20, 0x40, 0x80, 0x00, 0x01, 0x02, 0x04, 0x08, 0x10, 0x20,
  0x40, 0x80, 0x00, 0x01, 0x02, 0x04, 0x08, 0x10, 0x20, 0x40, 0x80, 0x00,
  0x01, 0x02, 0x04, 0x08, 0x10, 0x20, 0x40, 0x80, 0x00, 0x81, 0x8d, 0x02,
  0x0a, 0xfa, 0x8d, 0x70, 0x5e, 0x23, 0x40, 0x80, 0x00, 0x01, 0x02, 0x04,
  0x08, 0x10, 0x20, 0x40, 0x80, 0x00, 0x01, 0x02, 0x04, 0x08, 0x10, 0x20,
  0x40, 0x80, 0x00, 0x01, 0x02, 0x04, 0x08, 0x10, 0x20, 0x40, 0x80, 0x00,
  0x01, 0x02, 0x23, 0x02, 0x0a, 0xfa, 0x11, 0x2d, 0xcf, 0x12, 0x20, 0x40,
  0x80, 0x00, 0x01, 0x02, 0x04, 0x08, 0x10, 0x20, 0x40, 0x80, 0x00, 0x01,
  0x02, 0x04, 0x08, 0x10, 0x20, 0x40, 0x80, 0x00, 0x01, 0x02, 0x04, 0x08,
  0x10, 0x20, 0x40, 0x80, 0x00, 0x81, 0x8d, 0x02, 0x0a, 0xfa, 0x8d, 0x70,
  0x5e, 0x23, 0x40, 0x80, 0x00, 0x01, 0x02, 0x04, 0x08, 0x10, 0x20, 0x40,
  0x80, 0x00, 0x01, 0x02, 0x04, 0x08, 0x10, 0x20, 0x40, 0x80, 0x00, 0x01,
  0x02, 0x04, 0x08, 0x10, 0x20, 0x40, 0x80, 0x00, 0x01, 0x02, 0x23, 0x02,
  0x0a, 0xfa, 0x11, 0x2d, 0xcf, 0x12, 0x20, 0x40, 0x80, 0x00, 0x01, 0x02,
  0x04, 0x08, 0x10, 0x20, 0x40, 0x80, 0x00, 0x01, 0x02, 0x04, 0x08, 0x10,
  0x20, 0x40, 0x80, 0x00, 0x01, 0x02, 0x04, 0x08, 0x10, 0x20, 0x40, 0x80,
  0x00, 0x81, 0x8d, 0x02, 0x0a, 0xfa, 0x8d, 0x70, 0x5e, 0x23, 0x40, 0x80,
  0x00, 0x01, 0x02, 0x04, 0x08, 0x10, 0x20, 0x40, 0x80, 0x00, 0x01, 0x02,
  0x04, 0x08, 0x10, 0x20, 0x40, 0x80, 0x00, 0x01, 0x02, 0x04, 0x08, 0x10,
  0x20, 0x40, 0x80, 0x00, 0x01, 0x02, 0x23, 0x02, 0x0a, 0xfa, 0x11, 0x2d,
  0xcf, 0x12, 0x20, 0x40, 0x80, 0x00, 0x01, 0x02, 0x04, 0x08, 0x10, 0x20,
  0x40, 0x80, 0x00, 0x01, 0x02, 0x04, 0x08, 0x10, 0x20, 0x40, 0x80, 0x00,
  0x01, 0x02, 0x04, 0x08, 0x10, 0x20, 0x40, 0x80, 0x00, 0x81, 0x8d, 0x02,
  0x0a, 0xfa, 0x8d, 0x70, 0x5e, 0x23, 0x40, 0x80, 0x00, 0x01, 0x02, 0x04,
  0x08, 0x10, 0x20, 0x40, 0x80, 0x00, 0x01, 0x02, 0x04, 0x08, 0x10, 0x20,
  0x40, 0x80, 0x00, 0x01, 0x02, 0x04, 0x08, 0x10, 0x20, 0x40, 0x80, 0x00,
  0x01, 0x02, 0x23, 0x02, 0x0a, 0xfa, 0x11, 0x2d, 0xcf, 0x12, 0x20, 0x40,
  0x80, 0x00, 0x01, 0x02, 0x04, 0x08, 0x10, 0x20, 0x40, 0x80, 0x00, 0x01,
  0x02, 0x04, 0x08, 0x10, 0x20, 0x40, 0x80, 0x00, 0x01, 0x02, 0x04, 0x08,
  0x10, 0x20, 0x40, 0x80, 0x00, 0x81, 0x8d, 0x02, 0x0a, 0xfa, 0x8d, 0x70,
  0x5e, 0x23, 0x40, 0x80, 0x00, 0x01, 0x02, 0x04, 0x08, 0x10, 0x20, 0x40,
  0x80, 0x00, 0x01, 0x02, 0x04, 0x08, 0x10, 0x20, 0x40, 0x80, 0x00, 0x01,
  0x02, 0x04, 0x08, 0x10, 0x20, 0x40, 0x80, 0x00, 0x01, 0x02, 0x23, 0x02,
  0x0a, 0xfa, 0x11, 0x2d, 0xcf, 0x12, 0x20, 0x40, 0x80, 0x00, 0x01, 0x02,
  0x04, 0x08, 0x10, 0x20, 0x40, 0x80, 0x00, 0x01, 0x02, 0x04, 0x08, 0x10,
  0x20, 0x40, 0x80, 0x00, 0x01, 0x02, 0x04, 0x08, 0x10, 0x20, 0x40, 0x80,
  0x00, 0x81, 0x8d, 0x02, 0x0a, 0xfa, 0x8d, 0x70, 0x5e, 0x23, 0x40, 0x80,
  0x00, 0x01, 0x02, 0x04, 0x08, 0x10, 0x20, 0x40, 0x80, 0x00, 0x01, 0x02,
  0x04, 0x08, 0x10, 0x20, 0x40, 0x80, 0x00, 0x01, 0x02, 0x04, 0x08, 0x10,
  0x20, 0x40, 0x80, 0x00, 0x01, 0x02, 0x23, 0x02, 0x0a, 0xfa, 0x11, 0x2d,
  0xcf, 0x12, 0x20, 0x40, 0x80, 0x00, 0x01, 0x02, 0x04, 0x08, 0x10, 0x20,
  0x40, 0x80, 0x00, 0x01, 0x02, 0x04, 0x08, 0x10, 0x20, 0x40, 0x80, 0x00,
  0x01, 0x02, 0x04, 0x08, 0x10, 0x20, 0x40, 0x80, 0x00, 0x81, 0x8d, 0x02,
  0x0a, 0xfa, 0x8d, 0x70, 0x5e, 0x23, 0x40, 0x80, 0x00, 0x01, 0x02, 0x04,
  0x08, 0x10, 0x20, 0x40, 0x80, 0x00, 0x01, 0x02, 0x04, 0x08, 0x10, 0x20,
  0x40, 0x80, 0x00, 0x01, 0x02, 0x04, 0x08, 0x10, 0x20, 0x40, 0x80, 0x00,
  0x01, 0x02, 0x23, 0x02, 0x0a, 0xfa, 0x11, 0x2d, 0xcf, 0x12, 0x20, 0x40,
  0x80, 0x00, 0x01, 0x02, 0x04, 0x08, 0x10, 0x20, 0x40, 0x80, 0x00, 0x01,
  0x02, 0x04, 0x08, 0x10, 0x20, 0x40, 0x80, 0x00, 0x01, 0x02, 0x04, 0x08,
  0x10, 0x20, 0x40, 0x80, 0x00, 0x81, 0x8d, 0x02, 0x0a, 0xfa, 0x8d, 0x70,
  0x5e, 0x23, 0x40, 0x80, 0x00, 0x01, 0x02, 0x04, 0x08, 0x10, 0x20, 0x40,
  0x80, 0x00, 0x01, 0x02, 0x04, 0x08, 0x10, 0x20, 0x40, 0x80, 0x00, 0x01,
  0x02, 0x04, 0x08, 0x10, 0x20, 0x40, 0x80, 0x00, 0x01, 0x02, 0x23, 0x02,
  0x0a, 0xfa, 0x11, 0x2d, 0xcf, 0x12, 0x20, 0x40, 0x80, 0x00, 0x01, 0x02,
  0x04, 0x08, 0x10, 0x20, 0x40, 0x80, 0x00, 0x01, 0x02, 0x04, 0x08, 0x10,
  0x20, 0x40, 0x80, 0x00, 0x01, 0x02, 0x04, 0x08, 0x10, 0x20, 0x40, 0x80,
  0x00, 0x81, 0x8d, 0x02, 0x0a, 0xfa, 0x8d, 0x70, 0x5e, 0x23, 0x40, 0x80,
  0x00, 0x01, 0x02, 0x04, 0x08, 0x10, 0x20, 0x40, 0x80, 0x00, 0x01, 0x02,
  0x04, 0x08, 0x10, 0x20, 0x40, 0x80, 0x00, 0x01, 0x02, 0x04, 0x08, 0x10,
  0x20, 0x40, 0x80, 0x00, 0x01, 0x02, 0x23, 0x02, 0x0a, 0xfa, 0x11, 0x2d,
  0xcf, 0x12, 0x20, 0x40, 0x80, 0x00, 0x01, 0x02, 0x04, 0x08, 0x10, 0x20,
  0x40, 0x80, 0x00, 0x01, 0x02, 0x04, 0x08, 0x10, 0x20, 0x40, 0x80, 0x00,
  0x01, 0x02, 0x04, 0x08, 0x10, 0x20, 0x40, 0x80, 0x00, 0x81, 0x8d, 0x02,
  0x0a, 0xfa, 0x8d, 0x70, 0x5e, 0x23, 0x40, 0x80, 0x00, 0x01, 0x02, 0x04,
  0x08, 0x10, 0x20, 0x40, 0x80, 0x00, 0x01, 0x02, 0x04, 0x08, 0x10, 0x20,
  0x40, 0x80, 0x00, 0x01, 0x02, 0x04, 0x08, 0x10, 0x20, 0x40, 0x80, 0x00,
  0x01, 0x02, 0x23, 0x02, 0x0a, 0xfa, 0x11, 0x2d, 0xcf, 0x12, 0x20, 0x40,
  0x80, 0x00, 0x01, 0x02, 0x04, 0x08, 0x10, 0x20, 0x40, 0x80, 0x00, 0x01,
  0x02, 0x04, 0x08, 0x10, 0x20, 0x40, 0x80, 0x00, 0x01, 0x02, 0x04, 0x08,
  0x10, 0x20, 0x40, 0x80, 0x00, 0x81, 0x8d, 0x02, 0x07, 0x1b, 0xdf, 0xbb,
  0xb7, 0xd7, 0x9e, 0x3d, 0xfb, 0xf6, 0xde, 0x3e, 0x6b, 0xf4, 0x83, 0x1e,
  0x3e, 0x7c, 0x7b, 0xf4, 0x15, 0xcf, 0x13, 0x20, 0x40, 0x80, 0x00, 0x81,
  0x61, 0x81, 0xf3, 0xb3, 0xa3, 0xe1, 0x77, 0xee, 0xeb, 0x85, 0xab, 0xeb,
  0x9b, 0xfb, 0xfa, 0xa8, 0x4d, 0x9f, 0xd3, 0x39, 0xff, 0xe4, 0xb8, 0xcf,
  0x7d, 0x13, 0xd6, 0x42, 0x2f, 0x75, 0xdb, 0x77, 0xde, 0xbb, 0xee, 0x18,
  0x3b, 0xbf, 0x6f, 0xba, 0x77, 0x37, 0x9f, 0x00, 0x01, 0x02, 0x04, 0x08,
  0x10, 0x20, 0xb0, 0xaa, 0x40, 0xf2, 0xdf, 0x6f, 0x57, 0xcd, 0xd4, 0x5e,
  0x04, 0x08, 0x10, 0x20, 0x30, 0x8f, 0xc0, 0xc5, 0x65, 0xef, 0xcf, 0x4f,
  0xe7, 0x91, 0x70, 0x92, 0x4a, 0x01, 0xbf, 0x41, 0x5f, 0xa9, 0x6d, 0x16,
  0x01, 0x02, 0x04, 0x08, 0x10, 0x20, 0x40, 0x80, 0x00, 0x01, 0x02, 0x04,
  0x08, 0x10, 0x20, 0x40, 0x80, 0x00, 0x01, 0x02, 0x04, 0x08, 0x10, 0x20,
  0x40, 0x80, 0x00, 0x01, 0x02, 0x04, 0x08, 0xc4, 0x0a, 0x28, 0xe8, 0x63,
  0xa3, 0xb7, 0x38, 0x01, 0x02, 0x04, 0x08, 0x10, 0x20, 0x40, 0x80, 0x00,
  0x01, 0x02, 0x04, 0x08, 0x10, 0x20, 0x40, 0x80, 0x00, 0x01, 0x02, 0x04,
  0x08, 0x10, 0x20, 0x40, 0x80, 0x00, 0x01, 0x02, 0x04, 0x08, 0x54, 0x0a,
  0x28, 0xe8, 0x2b, 0xb5, 0xcd, 0x22, 0x40, 0x80, 0x00, 0x01, 0x02, 0x04,
  0x08, 0x10, 0x20, 0x40, 0x80, 0x00, 0x01, 0x02, 0x04, 0x08, 0x10, 0x20,
  0x40, 0x80, 0x00, 0x01, 0x02, 0x04, 0x08, 0x10, 0x20, 0x40, 0x80, 0x00,
  0x81, 0x58, 0x01, 0x05, 0x7d, 0x6c, 0xf4, 0x16, 0x27, 0x40, 0x80, 0x00,
  0x01, 0x02, 0x04, 0x08, 0x10, 0x20, 0x40, 0x80, 0x00, 0x01, 0x02, 0x04,
  0x08, 0x10, 0x20, 0x40, 0x80, 0x00, 0x01, 0x02, 0x04, 0x08, 0x10, 0x20,
  0x40, 0x80, 0x00, 0x81, 0x4a, 0x01, 0x05, 0x7d, 0xa5, 0xb6, 0x59, 0x04,
  0x08, 0x10, 0x20, 0x40, 0x80, 0x00, 0x01, 0x02, 0x04, 0x08, 0x10, 0x20,
  0x40, 0x80, 0x00, 0x01, 0x02, 0x04, 0x08, 0x10, 0x20, 0x40, 0x80, 0x00,
  0x01, 0x02, 0x04, 0x08, 0x10, 0x20, 0x10, 0x2b, 0xa0, 0xa0, 0x8f, 0x8d,
  0xde, 0xe2, 0x04, 0x08, 0x10, 0x20, 0x40, 0x80, 0x00, 0x01, 0x02, 0x04,
  0x08, 0x10, 0x20, 0x40, 0x80, 0x00, 0x01, 0x02, 0x04, 0x08, 0x10, 0x20,
  0x40, 0x80, 0x00, 0x01, 0x02, 0x04, 0x08, 0x10, 0x20, 0x50, 0x29, 0xa0,
  0xa0, 0xaf, 0xd4, 0x36, 0x8b, 0x00, 0x01, 0x02, 0x04, 0x08, 0x10, 0x20,
  0x40, 0x80, 0x00, 0x01, 0x02, 0x04, 0x08, 0x10, 0x20, 0x40, 0x80, 0x00,
  0x01, 0x02, 0x04, 0x08, 0x10, 0x20, 0x40, 0x80, 0x00, 0x01, 0x02, 0x04,
  0x62, 0x05, 0x14, 0xf4, 0xb1, 0xd1, 0x5b, 0x9c, 0x00, 0x01, 0x02, 0x04,
  0x08, 0x10, 0x20, 0x40, 0x80, 0x00, 0x01, 0x02, 0x04, 0x08, 0x10, 0x20,
  0x40, 0x80, 0x00, 0x01, 0x02, 0x04, 0x08, 0x10, 0x20, 0x40, 0x80, 0x00,
  0x01, 0x02, 0x04, 0x2a, 0x05, 0x14, 0xf4, 0x95, 0xda, 0x66, 0x11, 0x20,
  0x40, 0x80, 0x00, 0x01, 0x02, 0x04, 0x08, 0x10, 0x20, 0x40, 0x80, 0x00,
  0x01, 0x02, 0x04, 0x08, 0x10, 0x20, 0x40, 0x80, 0x00, 0x01, 0x02, 0x04,
  0x08, 0x10, 0x20, 0x40, 0x80, 0x40, 0xac, 0x80, 0x82, 0x3e, 0x36, 0x7a,
  0x8b, 0x13, 0x20, 0x40, 0x80, 0x00, 0x01, 0x02, 0x04, 0x08, 0x10, 0x20,
  0x40, 0x80, 0x00, 0x01, 0x02, 0x04, 0x08, 0x10, 0x20, 0x40, 0x80, 0x00,
  0x01, 0x02, 0x04, 0x08, 0x10, 0x20, 0x40, 0x80, 0x40, 0xa5, 0x80, 0x82,
  0xbe, 0x52, 0xdb, 0x2c, 0x02, 0x04, 0x08, 0x10, 0x20, 0x40, 0x80, 0x00,
  0x01, 0x02, 0x04, 0x08, 0x10, 0x20, 0x40, 0x80, 0x00, 0x01, 0x02, 0x04,
  0x08, 0x10, 0x20, 0x40, 0x80, 0x00, 0x01, 0x02, 0x04, 0x08, 0x10, 0x88,
  0x15, 0x50, 0xd0, 0xc7, 0x46, 0x6f, 0x71, 0x02, 0x04, 0x08, 0x10, 0x20,
  0x40, 0x80, 0x00, 0x01, 0x02, 0x04, 0x08, 0x10, 0x20, 0x40, 0x80, 0x00,
  0x01, 0x02, 0x04, 0x08, 0x10, 0x20, 0x40, 0x80, 0x00, 0x01, 0x02, 0x04,
  0x08, 0x10, 0xa8, 0x14, 0x50, 0xd0, 0x57, 0x6a, 0x9b, 0x45, 0x80, 0x00,
  0x01, 0x02, 0x04, 0x08, 0x10, 0x20, 0x40, 0x80, 0x00, 0x01, 0x02, 0x04,
  0x08, 0x10, 0x20, 0x40, 0x80, 0x00, 0x01, 0x02, 0x04, 0x08, 0x10, 0x20,
  0x40, 0x80, 0x00, 0x01, 0x02, 0xb1, 0x02, 0x0a, 0xfa, 0xd8, 0xe8, 0x2d,
  0x4e, 0x80, 0x00, 0x01, 0x02, 0x04, 0x08, 0x10, 0x20, 0x40, 0x80, 0x00,
  0x01, 0x02, 0x04, 0x08, 0x10, 0x20, 0x40, 0x80, 0x00, 0x01, 0x02, 0x04,
  0x08, 0x10, 0x20, 0x40, 0x80, 0x00, 0x01, 0x02, 0x95, 0x02, 0x0a, 0xfa,
  0x4a, 0x6d, 0xb3, 0x08, 0x10, 0x20, 0x40, 0x80, 0x00, 0x01, 0x02, 0x04,
  0x08, 0x10, 0x20, 0x40, 0x80, 0x00, 0x01, 0x02, 0x04, 0x08, 0x10, 0x20,
  0x40, 0x80, 0x00, 0x01, 0x02, 0x04, 0x08, 0x10, 0x20, 0x40, 0x20, 0x56,
  0x40, 0x41, 0x1f, 0x1b, 0xbd, 0xc5, 0x09, 0x10, 0x20, 0x40, 0x80, 0x00,
  0x01, 0x02, 0x04, 0x08, 0x10, 0x20, 0x40, 0x80, 0x00, 0x01, 0x02, 0x04,
  0x08, 0x10, 0x20, 0x40, 0x80, 0x00, 0x01, 0x02, 0x04, 0x08, 0x10, 0x20,
  0x40, 0xa0, 0x52, 0x40, 0x41, 0x5f, 0xa9, 0x6d, 0x16, 0x01, 0x02, 0x04,
  0x08, 0x10, 0x20, 0x40, 0x80, 0x00, 0x01, 0x02, 0x04, 0x08, 0x10, 0x20,
  0x40, 0x80, 0x00, 0x01, 0x02, 0x04, 0x08, 0x10, 0x20, 0x40, 0x80, 0x00,
  0x01, 0x02, 0x04, 0x08, 0xc4, 0x0a, 0x28, 0xe8, 0x63, 0xa3, 0xb7, 0x38,
  0x01, 0x02, 0x04, 0x08, 0x10, 0x20, 0x40, 0x80, 0x00, 0x01, 0x02, 0x04,
  0x08, 0x10, 0x20, 0x40, 0x80, 0x00, 0x01, 0x02, 0x04, 0x08, 0x10, 0x20,
  0x40, 0x80, 0x00, 0x01, 0x02, 0x04, 0x08, 0x54, 0x0a, 0x28, 0xe8, 0x2b,
  0xb5, 0xcd, 0x22, 0x40, 0x80, 0x00, 0x01, 0x02, 0x04, 0x08, 0x10, 0x20,
  0x40, 0x80, 0x00, 0x01, 0x02, 0x04, 0x08, 0x10, 0x20, 0x40, 0x80, 0x00,
  0x01, 0x02, 0x04, 0x08, 0x10, 0x20, 0x40, 0x80, 0x00, 0x81, 0x58, 0x01,
  0x05, 0x7d, 0x6c, 0xf4, 0x16, 0x27, 0x40, 0x80, 0x00, 0x01, 0x02, 0x04,
  0x08, 0x10, 0x20, 0x40, 0x80, 0x00, 0x01, 0x02, 0x04, 0x08, 0x10, 0x20,
  0x40, 0x80, 0x00, 0x01, 0x02, 0x04, 0x08, 0x10, 0x20, 0x40, 0x80, 0x00,
  0x81, 0x4a, 0x01, 0x05, 0x7d, 0xa5, 0xb6, 0x59, 0x04, 0x08, 0x10, 0x20,
  0x40, 0x80, 0x00, 0x01, 0x02, 0x04, 0x08, 0x10, 0x20, 0x40, 0x80, 0x00,
  0x01, 0x02, 0x04, 0x08, 0x10, 0x20, 0x40, 0x80, 0x00, 0x01, 0x02, 0x04,
  0x08, 0x10, 0x20, 0x10, 0x2b, 0xa0, 0xa0, 0x8f, 0x8d, 0xde, 0xe2, 0x04,
  0x08, 0x10, 0x20, 0x40, 0x80, 0x00, 0x01, 0x02, 0x04, 0x08, 0x10, 0x20,
  0x40, 0x80, 0x00, 0x01, 0x02, 0x04, 0x08, 0x10, 0x20, 0x40, 0x80, 0x00,
  0x01, 0x02, 0x04, 0x08, 0x10, 0x20, 0x50, 0x29, 0xa0, 0xa0, 0xaf, 0xd4,
  0x36, 0x8b, 0x00, 0x01, 0x02, 0x04, 0x08, 0x10, 0x20, 0x40, 0x80, 0x00,
  0x01, 0x02, 0x04, 0x08, 0x10, 0x20, 0x40, 0x80, 0x00, 0x01, 0x02, 0x04,
  0x08, 0x10, 0x20, 0x40, 0x80, 0x00, 0x01, 0x02, 0x04, 0x62, 0x05, 0x14,
  0xf4, 0xb1, 0xd1, 0x5b, 0x9c, 0x00, 0x01, 0x02, 0x04, 0x08, 0x10, 0x20,
  0x40, 0x80, 0x00, 0x01, 0x02, 0x04, 0x08, 0x10, 0x20, 0x40, 0x80, 0x00,
  0x01, 0x02, 0x04, 0x08, 0x10, 0x20, 0x40, 0x80, 0x00, 0x01, 0x02, 0x04,
  0x2a, 0x05, 0x14, 0xf4, 0x95, 0xda, 0x66, 0x11, 0x20, 0x40, 0x80, 0x00,
  0x01, 0x02, 0x04, 0x08, 0x10, 0x20, 0x40, 0x80, 0x00, 0x01, 0x02, 0x04,
  0x08, 0x10, 0x20, 0x40, 0x80, 0x00, 0x01, 0x02, 0x04, 0x08, 0x10, 0x20,
  0x40, 0x80, 0x40, 0xac, 0x80, 0x82, 0x3e, 0x36, 0x7a, 0x8b, 0x13, 0x20,
  0x40, 0x80, 0x00, 0x01, 0x02, 0x04, 0x08, 0x10, 0x20, 0x40, 0x80, 0x00,
  0x01, 0x02, 0x04, 0x08, 0x10, 0x20, 0x40, 0x80, 0x00, 0x01, 0x02, 0x04,
  0x08, 0x10, 0x20, 0x40, 0x80, 0x40, 0xa5, 0x80, 0x82, 0xbe, 0x52, 0xdb,
  0x2c, 0x02, 0x04, 0x08, 0x10, 0x20, 0x40, 0x80, 0x00, 0x01, 0x02, 0x04,
  0x08, 0x10, 0x20, 0x40, 0x80, 0x00, 0x01, 0x02, 0x04, 0x08, 0x10, 0x20,
  0x40, 0x80, 0x00, 0x01, 0x02, 0x04, 0x08, 0x10, 0x88, 0x15, 0x50, 0xd0,
  0xc7, 0x46, 0x6f, 0x71, 0x02, 0x04, 0x08, 0x10, 0x20, 0x40, 0x80, 0x00,
  0x01, 0x02, 0x04, 0x08, 0x10, 0x20, 0x40, 0x80, 0x00, 0x01, 0x02, 0x04,
  0x08, 0x10, 0x20, 0x40, 0x80, 0x00, 0x01, 0x02, 0x04, 0x08, 0x10, 0xa8,
  0x14, 0x50, 0xd0, 0x57, 0x6a, 0x9b, 0x45, 0x80, 0x00, 0x01, 0x02, 0x04,
  0x08, 0x10, 0x20, 0x40, 0x80, 0x00, 0x01, 0x02, 0x04, 0x08, 0x10, 0x20,
  0x40, 0x80, 0x00, 0x01, 0x02, 0x04, 0x08, 0x10, 0x20, 0x40, 0x80, 0x00,
  0x01, 0x02, 0xb1, 0x02, 0x0a, 0xfa, 0xd8, 0xe8, 0x2d, 0x4e, 0x80, 0x00,
  0x01, 0x02, 0x04, 0x08, 0x10, 0x20, 0x40, 0x80, 0x00, 0x01, 0x02, 0x04,
  0x08, 0x10, 0x20, 0x40, 0x80, 0x00, 0x01, 0x02, 0x04, 0x08, 0x10, 0x20,
  0x40, 0x80, 0x00, 0x01, 0x02, 0x95, 0x02, 0x07, 0x95, 0xc3, 0xcc, 0x22,
  0x40, 0x80, 0x00, 0x01, 0x02, 0x1d, 0x02, 0x87, 0x87, 0x1d, 0x53, 0xe7,
  0x98, 0x79, 0x72, 0x7c, 0x34, 0xc7, 0x41, 0x9c, 0x82, 0x40, 0xa1, 0xc0,
  0xed, 0x6d, 0xe1, 0x30, 0xa3, 0x08, 0x10, 0x20, 0x40, 0x80, 0x00, 0x01,
  0x02, 0x21, 0x02, 0x57, 0xd7, 0x37, 0x6d, 0x9b, 0x76, 0xff, 0xbb, 0xa6,
  0x73, 0xf7, 0x36, 0xf4, 0x49, 0x06, 0xfb, 0xbb, 0x7d, 0x5f, 0x10, 0xe7,
  0x67, 0x7e, 0x9e, 0xd0, 0xa7, 0x6f, 0x32, 0x81, 0x2c, 0x81, 0x8b, 0xcb,
  0xbe, 0xbf, 0x63, 0x64, 0x49, 0xdb, 0x76, 0x26, 0x01, 0xbf, 0x41, 0x3f,
  0x53, 0x1a, 0xce, 0x42, 0x80, 0x00, 0x01, 0x02, 0x04, 0x08, 0x10, 0x20,
  0x40, 0x80, 0x00, 0x01, 0x02, 0x04, 0x08, 0x10, 0x20, 0x40, 0x80, 0x00,
  0x01, 0x02, 0x04, 0x08, 0x10, 0x20, 0x40, 0x80, 0x00, 0x01, 0x02, 0xcb,
  0x0a, 0x28, 0xe8, 0x97, 0x8d, 0xd6, 0x62, 0x04, 0x08, 0x10, 0x20, 0x40,
  0x80, 0x00, 0x01, 0x02, 0x04, 0x08, 0x10, 0x20, 0x40, 0x80, 0x00, 0x01,
  0x02, 0x04, 0x08, 0x10, 0x20, 0x40, 0x80, 0x00, 0x01, 0x02, 0x04, 0x08,
  0x10, 0x20, 0x30, 0x93, 0x80, 0x82, 0x7e, 0xa6, 0x34, 0x9c, 0x85, 0x00,
  0x01, 0x02, 0x04, 0x08, 0x10, 0x20, 0x40, 0x80, 0x00, 0x01, 0x02, 0x04,
  0x08, 0x10, 0x20, 0x40, 0x80, 0x00, 0x01, 0x02, 0x04, 0x08, 0x10, 0x20,
  0x40, 0x80, 0x00, 0x01, 0x02, 0x04, 0x96, 0x15, 0x50, 0xd0, 0x2f, 0x1b,
  0xad, 0xc5, 0x08, 0x10, 0x20, 0x40, 0x80, 0x00, 0x01, 0x02, 0x04, 0x08,
  0x10, 0x20, 0x40, 0x80, 0x00, 0x01, 0x02, 0x04, 0x08, 0x10, 0x20, 0x40,
  0x80, 0x00, 0x01, 0x02, 0x04, 0x08, 0x10, 0x20, 0x40, 0x60, 0x26, 0x01,
  0x05, 0xfd, 0x4c, 0x69, 0x38, 0x0b, 0x01, 0x02, 0x04, 0x08, 0x10, 0x20,
  0x40, 0x80, 0x00, 0x01, 0x02, 0x04, 0x08, 0x10, 0x20, 0x40, 0x80, 0x00,
  0x01, 0x02, 0x04, 0x08, 0x10, 0x20, 0x40, 0x80, 0x00, 0x01, 0x02, 0x04,
  0x08, 0x2c, 0x2b, 0xa0, 0xa0, 0x5f, 0x36, 0x5a, 0x8b, 0x11, 0x20, 0x40,
  0x80, 0x00, 0x01, 0x02, 0x04, 0x08, 0x10, 0x20, 0x40, 0x80, 0x00, 0x01,
  0x02, 0x04, 0x08, 0x10, 0x20, 0x40, 0x80, 0x00, 0x01, 0x02, 0x04, 0x08,
  0x10, 0x20, 0x40, 0x80, 0xc0, 0x4c, 0x02, 0x0a, 0xfa, 0x99, 0xd2, 0x70,
  0x16, 0x02, 0x04, 0x08, 0x10, 0x20, 0x40, 0x80, 0x00, 0x01, 0x02, 0x04,
  0x08, 0x10, 0x20, 0x40, 0x80, 0x00, 0x01, 0x02, 0x04, 0x08, 0x10, 0x20,
  0x40, 0x80, 0x00, 0x01, 0x02, 0x04, 0x08, 0x10, 0x58, 0x56, 0x40, 0x41,
  0xbf, 0x6c, 0xb4, 0x16, 0x23, 0x40, 0x80, 0x00, 0x01, 0x02, 0x04, 0x08,
  0x10, 0x20, 0x40, 0x80, 0x00, 0x01, 0x02, 0x04, 0x08, 0x10, 0x20, 0x40,
  0x80, 0x00, 0x01, 0x02, 0x04, 0x08, 0x10, 0x20, 0x40, 0x80, 0x00, 0x81,
  0x99, 0x04, 0x14, 0xf4, 0x33, 0xa5, 0xe1, 0x2c, 0x04, 0x08, 0x10, 0x20,
  0x40, 0x80, 0x00, 0x01, 0x02, 0x04, 0x08, 0x10, 0x20, 0x40, 0x80, 0x00,
  0x01, 0x02, 0x04, 0x08, 0x10, 0x20, 0x40, 0x80, 0x00, 0x01, 0x02, 0x04,
  0x08, 0x10, 0x20, 0xb0, 0xac, 0x80, 0x82, 0x7e, 0xd9, 0x68, 0x2d, 0x46,
  0x80, 0x00, 0x01, 0x02, 0x04, 0x08, 0x10, 0x20, 0x40, 0x80, 0x00, 0x01,
  0x02, 0x04, 0x08, 0x10, 0x20, 0x40, 0x80, 0x00, 0x01, 0x02, 0x04, 0x08,
  0x10, 0x20, 0x40, 0x80, 0x00, 0x01, 0x02, 0x33, 0x09, 0x28, 0xe8, 0x67,
  0x4a, 0xc3, 0x59, 0x08, 0x10, 0x20, 0x40, 0x80, 0x00, 0x01, 0x02, 0x04,
  0x08, 0x10, 0x20, 0x40, 0x80, 0x00, 0x01, 0x02, 0x04, 0x08, 0x10, 0x20,
  0x40, 0x80, 0x00, 0x01, 0x02, 0x04, 0x08, 0x10, 0x20, 0x40, 0x60, 0x59,
  0x01, 0x05, 0xfd, 0xb2, 0xd1, 0x5a, 0x8c, 0x00, 0x01, 0x02, 0x04, 0x08,
  0x10, 0x20, 0x40, 0x80, 0x00, 0x01, 0x02, 0x04, 0x08, 0x10, 0x20, 0x40,
  0x80, 0x00, 0x01, 0x02, 0x04, 0x08, 0x10, 0x20, 0x40, 0x80, 0x00, 0x01,
  0x02, 0x04, 0x66, 0x12, 0x50, 0xd0, 0xcf, 0x94, 0x86, 0xb3, 0x10, 0x20,
  0x40, 0x80, 0x00, 0x01, 0x02, 0x04, 0x08, 0x10, 0x20, 0x40, 0x80, 0x00,
  0x01, 0x02, 0x04, 0x08, 0x10, 0x20, 0x40, 0x80, 0x00, 0x01, 0x02, 0x04,
  0x08, 0x10, 0x20, 0x40, 0x80, 0xc0, 0xb2, 0x02, 0x0a, 0xfa, 0x65, 0xa3,
  0xb5, 0x18, 0x01, 0x02, 0x04, 0x08, 0x10, 0x20, 0x40, 0x80, 0x00, 0x01,
  0x02, 0x04, 0x08, 0x10, 0x20, 0x40, 0x80, 0x00, 0x01, 0x02, 0x04, 0x08,
  0x10, 0x20, 0x40, 0x80, 0x00, 0x01, 0x02, 0x04, 0x08, 0xcc, 0x24, 0xa0,
  0xa0, 0x9f, 0x29, 0x0d, 0x67, 0x21, 0x40, 0x80, 0x00, 0x01, 0x02, 0x04,
  0x08, 0x10, 0x20, 0x40, 0x80, 0x00, 0x01, 0x02, 0x04, 0x08, 0x10, 0x20,
  0x40, 0x80, 0x00, 0x01, 0x02, 0x04, 0x08, 0x10, 0x20, 0x40, 0x80, 0x00,
  0x81, 0x65, 0x05, 0x14, 0xf4, 0xcb, 0x46, 0x6b, 0x31, 0x02, 0x04, 0x08,
  0x10, 0x20, 0x40, 0x80, 0x00, 0x01, 0x02, 0x04, 0x08, 0x10, 0x20, 0x40,
  0x80, 0x00, 0x01, 0x02, 0x04, 0x08, 0x10, 0x20, 0x40, 0x80, 0x00, 0x01,
  0x02, 0x04, 0x08, 0x10, 0x98, 0x49, 0x40, 0x41, 0x3f, 0x53, 0x1a, 0xce,
  0x42, 0x80, 0x00, 0x01, 0x02, 0x04, 0x08, 0x10, 0x20, 0x40, 0x80, 0x00,
  0x01, 0x02, 0x04, 0x08, 0x10, 0x20, 0x40, 0x80, 0x00, 0x01, 0x02, 0x04,
  0x08, 0x10, 0x20, 0x40, 0x80, 0x00, 0x01, 0x02, 0xcb, 0x0a, 0x28, 0xe8,
  0x97, 0x8d, 0xd6, 0x62, 0x04, 0x08, 0x10, 0x20, 0x40, 0x80, 0x00, 0x01,
  0x02, 0x04, 0x08, 0x10, 0x20, 0x40, 0x80, 0x00, 0x01, 0x02, 0x04, 0x08,
  0x10, 0x20, 0x40, 0x80, 0x00, 0x01, 0x02, 0x04, 0x08, 0x10, 0x20, 0x30,
  0x93, 0x80, 0x82, 0x7e, 0xa6, 0x34, 0x9c, 0x85, 0x00, 0x01, 0x02, 0x04,
  0x08, 0x10, 0x20, 0x40, 0x80, 0x00, 0x01, 0x02, 0x04, 0x08, 0x10, 0x20,
  0x40, 0x80, 0x00, 0x01, 0x02, 0x04, 0x08, 0x10, 0x20, 0x40, 0x80, 0x00,
  0x01, 0x02, 0x04, 0x96, 0x15, 0x50, 0xd0, 0x2f, 0x1b, 0xad, 0xc5, 0x08,
  0x10, 0x20, 0x40, 0x80, 0x00, 0x01, 0x02, 0x04, 0x08, 0x10, 0x20, 0x40,
  0x80, 0x00, 0x01, 0x02, 0x04, 0x08, 0x10, 0x20, 0x40, 0x80, 0x00, 0x01,
  0x02, 0x04, 0x08, 0x10, 0x20, 0x40, 0x60, 0x26, 0x01, 0x05, 0xfd, 0x4c,
  0x69, 0x38, 0x0b, 0x01, 0x02, 0x04, 0x08, 0x10, 0x20, 0x40, 0x80, 0x00,
  0x01, 0x02, 0x04, 0x08, 0x10, 0x20, 0x40, 0x80, 0x00, 0x01, 0x02, 0x04,
  0x08, 0x10, 0x20, 0x40, 0x80, 0x00, 0x01, 0x02, 0x04, 0x08, 0x2c, 0x2b,
  0xa0, 0xa0, 0x5f, 0x36, 0x5a, 0x8b, 0x11, 0x20, 0x40, 0x80, 0x00, 0x01,
  0x02, 0x04, 0x08, 0x10, 0x20, 0x40, 0x80, 0x00, 0x01, 0x02, 0x04, 0x08,
  0x10, 0x20, 0x40, 0x80, 0x00, 0x01, 0x02, 0x04, 0x08, 0x10, 0x20, 0x40,
  0x80, 0xc0, 0x4c, 0x02, 0x0a, 0xfa, 0x99, 0xd2, 0x70, 0x16, 0x02, 0x04,
  0x08, 0x10, 0x20, 0x40, 0x80, 0x00, 0x01, 0x02, 0x04, 0x08, 0x10, 0x20,
  0x40, 0x80, 0x00, 0x01, 0x02, 0x04, 0x08, 0x10, 0x20, 0x40, 0x80, 0x00,
  0x01, 0x02, 0x04, 0x08, 0x10, 0x58, 0x56, 0x40, 0x41, 0xbf, 0x6c, 0xb4,
  0x16, 0x23, 0x40, 0x80, 0x00, 0x01, 0x02, 0x04, 0x08, 0x10, 0x20, 0x40,
  0x80, 0x00, 0x01, 0x02, 0x04, 0x08, 0x10, 0x20, 0x40, 0x80, 0x00, 0x01,
  0x02, 0x04, 0x08, 0x10, 0x20, 0x40, 0x80, 0x00, 0x81, 0x99, 0x04, 0x14,
  0xf4, 0x33, 0xa5, 0xe1, 0x2c, 0x04, 0x08, 0x10, 0x20, 0x40, 0x80, 0x00,
  0x01, 0x02, 0x04, 0x08, 0x10, 0x20, 0x40, 0x80, 0x00, 0x01, 0x02, 0x04,
  0x08, 0x10, 0x20, 0x40, 0x80, 0x00, 0x01, 0x02, 0x04, 0x08, 0x10, 0x20,
  0xb0, 0xac, 0x80, 0x82, 0x7e, 0xd9, 0x68, 0x2d, 0x46, 0x80, 0x00, 0x01,
  0x02, 0x04, 0x08, 0x10, 0x20, 0x40, 0x80, 0x00, 0x01, 0x02, 0x04, 0x08,
  0x10, 0x20, 0x40, 0x80, 0x00, 0x01, 0x02, 0x04, 0x08, 0x10, 0x20, 0x40,
  0x80, 0x00, 0x01, 0x02, 0x33, 0x09, 0x28, 0xe8, 0x67, 0x4a, 0xc3, 0x59,
  0x08, 0x10, 0x20, 0x40, 0x80, 0x00, 0x01, 0x02, 0x04, 0x08, 0x10, 0x20,
  0x40, 0x80, 0x00, 0x01, 0x02, 0x04, 0x08, 0x10, 0x20, 0x40, 0x80, 0x00,
  0x01, 0x02, 0x04, 0x08, 0x10, 0x20, 0x40, 0x60, 0x59, 0x01, 0x05, 0xfd,
  0xb2, 0xd1, 0x5a, 0x8c, 0x00, 0x01, 0x02, 0x04, 0x08, 0x10, 0x20, 0x40,
  0x80, 0x00, 0x01, 0x02, 0x04, 0x08, 0x10, 0x20, 0x40, 0x80, 0x00, 0x01,
  0x02, 0x04, 0x08, 0x10, 0x20, 0x40, 0x80, 0x00, 0x01, 0x02, 0x04, 0x66,
  0x12, 0x50, 0xd0, 0xcf, 0x94, 0x86, 0xb3, 0x10, 0x20, 0x40, 0x80, 0x00,
  0x01, 0x02, 0x04, 0x08, 0x10, 0x20, 0x40, 0x80, 0x00, 0x01, 0x02, 0x04,
  0x08, 0x10, 0x20, 0x40, 0x80, 0x00, 0x01, 0x02, 0x04, 0x08, 0x10, 0x20,
  0x40, 0x80, 0xc0, 0xb2, 0x02, 0x0a, 0xfa, 0x65, 0xa3, 0xb5, 0x18, 0x01,
  0x02, 0x04, 0x08, 0x10, 0x20, 0x40, 0x80, 0x00, 0x01, 0x02, 0x04, 0x08,
  0x10, 0x20, 0x40, 0x80, 0x00, 0x01, 0x02, 0x04, 0x08, 0x10, 0x20, 0x40,
  0x80, 0x00, 0x01, 0x02, 0x04, 0x08, 0xcc, 0x24, 0xa0, 0xa0, 0x9f, 0x29,
  0x0d, 0x67, 0x21, 0x40, 0x80, 0x00, 0x01, 0x02, 0x04, 0x08, 0x10, 0x20,
  0x40, 0x80, 0x00, 0x01, 0x02, 0x04, 0x08, 0x10, 0x20, 0x40, 0x80, 0x00,
  0x01, 0x02, 0x04, 0x08, 0x10, 0x20, 0x40, 0x80, 0x00, 0x81, 0x65, 0x05,
  0x0e, 0x96, 0xdd, 0xec, 0x27, 0x2c, 0xf6, 0xec, 0xd9, 0xb7, 0x3f, 0xe1,
  0xa9, 0x75, 0x1f, 0x79, 0xf8, 0xf0, 0xed, 0x75, 0x97, 0xfb, 0x7f, 0x36,
  0xeb, 0xcc, 0x3e, 0xd9, 0x3d, 0xf6, 0xc2, 0x59, 0x9c, 0x00, 0x01, 0x02,
  0x61, 0x02, 0x17, 0x97, 0x37, 0x61, 0x1b, 0xff, 0xcf, 0x75, 0xcf, 0xcf,
  0x8e, 0x62, 0xf7, 0xbf, 0xba, 0xce, 0xce, 0x3e, 0x35, 0xf8, 0x93, 0xe3,
  0xdc, 0x3b, 0x9f, 0x9a, 0xb9, 0xbd, 0xfb, 0x05, 0x7c, 0xdf, 0xf6, 0x67,
  0xe0, 0x04, 0xb5, 0x02, 0xee, 0x7c, 0xad, 0xb7, 0x69, 0x04, 0x08, 0x10,
  0x20, 0x90, 0x27, 0x90, 0xfe, 0xb3, 0x9c, 0xbc, 0xc4, 0x6d, 0xdc, 0x2d,
  0xe0, 0x37, 0xe8, 0xbb, 0x13, 0x30, 0x9f, 0x00, 0x01, 0x02, 0x04, 0x08,
  0x10, 0x20, 0x40, 0x80, 0x00, 0x01, 0x02, 0x04, 0x08, 0x10, 0x20, 0x40,
  0x80, 0x00, 0x01, 0x02, 0x04, 0x08, 0x10, 0x20, 0x40, 0x80, 0x00, 0x01,
  0x02, 0x04, 0x22, 0x04, 0x14, 0xf4, 0x11, 0x31, 0x5b, 0x92, 0x00, 0x01,
  0x02, 0x04, 0x08, 0x10, 0x20, 0x40, 0x80, 0x00, 0x01, 0x02, 0x04, 0x08,
  0x10, 0x20, 0x40, 0x80, 0x00, 0x01, 0x02, 0x04, 0x08, 0x10, 0x20, 0x40,
  0x80, 0x00, 0x01, 0x02, 0x04, 0xba, 0x05, 0x14, 0xf4, 0xdd, 0x09, 0x98,
  0x4f, 0x80, 0x00, 0x01, 0x02, 0x04, 0x08, 0x10, 0x20, 0x40, 0x80, 0x00,
  0x01, 0x02, 0x04, 0x08, 0x10, 0x20, 0x40, 0x80, 0x00, 0x01, 0x02, 0x04,
  0x08, 0x10, 0x20, 0x40, 0x80, 0x00, 0x01, 0x02, 0x11, 0x02, 0x0a, 0xfa,
  0x88, 0x98, 0x2d, 0x49, 0x80, 0x00, 0x01, 0x02, 0x04, 0x08, 0x10, 0x20,
  0x40, 0x80, 0x00, 0x01, 0x02, 0x04, 0x08, 0x10, 0x20, 0x40, 0x80, 0x00,
  0x01, 0x02, 0x04, 0x08, 0x10, 0x20, 0x40, 0x80, 0x00, 0x01, 0x02, 0xdd,
  0x02, 0x0a, 0xfa, 0xee, 0x04, 0xcc, 0x27, 0x40, 0x80, 0x00, 0x01, 0x02,
  0x04, 0x08, 0x10, 0x20, 0x40, 0x80, 0x00, 0x01, 0x02, 0x04, 0x08, 0x10,
  0x20, 0x40, 0x80, 0x00, 0x01, 0x02, 0x04, 0x08, 0x10, 0x20, 0x40, 0x80,
  0x00, 0x81, 0x08, 0x01, 0x05, 0x7d, 0x44, 0xcc, 0x96, 0x24, 0x40, 0x80,
  0x00, 0x01, 0x02, 0x04, 0x08, 0x10, 0x20, 0x40, 0x80, 0x00, 0x01, 0x02,
  0x04, 0x08, 0x10, 0x20, 0x40, 0x80, 0x00, 0x01, 0x02, 0x04, 0x08, 0x10,
  0x20, 0x40, 0x80, 0x00, 0x81, 0x6e, 0x01, 0x05, 0x7d, 0x77, 0x02, 0xe6,
  0x13, 0x20, 0x40, 0x80, 0x00, 0x01, 0x02, 0x04, 0x08, 0x10, 0x20, 0x40,
  0x80, 0x00, 0x01, 0x02, 0x04, 0x08, 0x10, 0x20, 0x40, 0x80, 0x00, 0x01,
  0x02, 0x04, 0x08, 0x10, 0x20, 0x40, 0x80, 0x40, 0x84, 0x80, 0x82, 0x3e,
  0x22, 0x66, 0x4b, 0x12, 0x20, 0x40, 0x80, 0x00, 0x01, 0x02, 0x04, 0x08,
  0x10, 0x20, 0x40, 0x80, 0x00, 0x01, 0x02, 0x04, 0x08, 0x10, 0x20, 0x40,
  0x80, 0x00, 0x01, 0x02, 0x04, 0x08, 0x10, 0x20, 0x40, 0x80, 0x40, 0xb7,
  0x80, 0x82, 0xbe, 0x3b, 0x01, 0xf3, 0x09, 0x10, 0x20, 0x40, 0x80, 0x00,
  0x01, 0x02, 0x04, 0x08, 0x10, 0x20, 0x40, 0x80, 0x00, 0x01, 0x02, 0x04,
  0x08, 0x10, 0x20, 0x40, 0x80, 0x00, 0x01, 0x02, 0x04, 0x08, 0xfc, 0xb6,
  0x9d, 0x3b, 0x46, 0x6d, 0x2b, 0x80, 0x82, 0x28, 0xda, 0x78, 0x03, 0x31,
  0xb8, 0x11, 0x04, 0xdc, 0x65, 0xff, 0x3b, 0x0a, 0xb8, 0x0c, 0x24, 0x5b,
  0x48, 0xeb, 0xc6, 0xa5, 0xde, 0x80, 0xef, 0x59, 0xc1, 0xfc, 0x77, 0xe6,
  0xab, 0x90, 0x06, 0x44, 0x80, 0x00, 0x81, 0x84, 0x80, 0x81, 0x3e, 0x51,
  0xb3, 0x23, 0x09, 0x10, 0x20, 0x40, 0x80, 0x00, 0x01, 0x02, 0x04, 0x08,
  0x10, 0x20, 0x40, 0x80, 0x00, 0x01, 0x02, 0x04, 0x08, 0x10, 0x20, 0x40,
  0x80, 0x00, 0x01, 0x02, 0x04, 0x08, 0x10, 0x20, 0x40, 0x60, 0x2d, 0x60,
  0xa0, 0x5f, 0x37, 0x20, 0x9f, 0x00, 0x01, 0x02, 0x04, 0x08, 0x10, 0x20,
  0x40, 0x80, 0x00, 0x01, 0x02, 0x04, 0x08, 0x10, 0x20, 0x40, 0x80, 0x00,
  0x01, 0x02, 0x04, 0x08, 0x10, 0x20, 0x40, 0x80, 0x00, 0x01, 0x02, 0x04,
  0x12, 0x02, 0x06, 0xfa, 0x44, 0xcd, 0x8e, 0x24, 0x40, 0x80, 0x00, 0x01,
  0x02, 0x04, 0x08, 0x10, 0x20, 0x40, 0x80, 0x00, 0x01, 0x02, 0x04, 0x08,
  0x10, 0x20, 0x40, 0x80, 0x00, 0x01, 0x02, 0x04, 0x08, 0x10, 0x20, 0x40,
  0x80, 0x00, 0x81, 0xb5, 0x80, 0x81, 0x7e, 0xdd, 0x80, 0x7c, 0x02, 0x04,
  0x08, 0x10, 0x20, 0x40, 0x80, 0x00, 0x01, 0x02, 0x04, 0x08, 0x10, 0x20,
  0x40, 0x80, 0x00, 0x01, 0x02, 0x04, 0x08, 0x10, 0x20, 0x40, 0x80, 0x00,
  0x01, 0x02, 0x04, 0x08, 0x10, 0x48, 0x08, 0x18, 0xe8, 0x13, 0x35, 0x3b,
  0x92, 0x00, 0x01, 0x02, 0x04, 0x08, 0x10, 0x20, 0x40, 0x80, 0x00, 0x01,
  0x02, 0x04, 0x08, 0x10, 0x20, 0x40, 0x80, 0x00, 0x01, 0x02, 0x04, 0x08,
  0x10, 0x20, 0x40, 0x80, 0x00, 0x01, 0x02, 0x04, 0xd6, 0x02, 0x06, 0xfa,
  0x75, 0x03, 0xf2, 0x09, 0x10, 0x20, 0x40, 0x80, 0x00, 0x01, 0x02, 0x04,
  0x08, 0x10, 0x20, 0x40, 0x80, 0x00, 0x01, 0x02, 0x04, 0x08, 0x10, 0x20,
  0x40, 0x80, 0x00, 0x01, 0x02, 0x04, 0x08, 0x10, 0x20, 0x40, 0x20, 0x21,
  0x60, 0xa0, 0x4f, 0xd4, 0xec, 0x48, 0x02, 0x04, 0x08, 0x10, 0x20, 0x40,
  0x80, 0x00, 0x01, 0x02, 0x04, 0x08, 0x10, 0x20, 0x40, 0x80, 0x00, 0x01,
  0x02, 0x04, 0x08, 0x10, 0x20, 0x40, 0x80, 0x00, 0x01, 0x02, 0x04, 0x08,
  0x10, 0x58, 0x0b, 0x18, 0xe8, 0xd7, 0x0d, 0xc8, 0x27, 0x40, 0x80, 0x00,
  0x01, 0x02, 0x04, 0x08, 0x10, 0x20, 0x40, 0x80, 0x00, 0x01, 0x02, 0x04,
  0x08, 0x10, 0x20, 0x40, 0x80, 0x00, 0x01, 0x02, 0x04, 0x08, 0x10, 0x20,
  0x40, 0x80, 0x00, 0x81, 0x84, 0x80, 0x81, 0x3e, 0x51, 0xb3, 0x23, 0x09,
  0x10, 0x20, 0x40, 0x80, 0x00, 0x01, 0x02, 0x04, 0x08, 0x10, 0x20, 0x40,
  0x80, 0x00, 0x01, 0x02, 0x04, 0x08, 0x10, 0x20, 0x40, 0x80, 0x00, 0x01,
  0x02, 0x04, 0x08, 0x10, 0x20, 0x40, 0x60, 0x2d, 0x60, 0xa0, 0x5f, 0x37,
  0x20, 0x9f, 0x00, 0x01, 0x02, 0x04, 0x08, 0x10, 0x20, 0x40, 0x80, 0x00,
  0x01, 0x02, 0x04, 0x08, 0x10, 0x20, 0x40, 0x80, 0x00, 0x01, 0x02, 0x04,
  0x08, 0x10, 0x20, 0x40, 0x80, 0x00, 0x01, 0x02, 0x04, 0x12, 0x02, 0x06,
  0xfa, 0x44, 0xcd, 0x8e, 0x24, 0x40, 0x80, 0x00, 0x01, 0x02, 0x04, 0x08,
  0x10, 0x20, 0x40, 0x80, 0x00, 0x01, 0x02, 0x04, 0x08, 0x10, 0x20, 0x40,
  0x80, 0x00, 0x01, 0x02, 0x04, 0x08, 0x10, 0x20, 0x40, 0x80, 0x00, 0x81,
  0xb5, 0x80, 0x81, 0x7e, 0xdd, 0x80, 0x7c, 0x02, 0x04, 0x08, 0x10, 0x20,
  0x40, 0x80, 0x00, 0x01, 0x02, 0x04, 0x08, 0x10, 0x20, 0x40, 0x80, 0x00,
  0x01, 0x02, 0x04, 0x08, 0x10, 0x20, 0x40, 0x80, 0x00, 0x01, 0x02, 0x04,
  0x08, 0x10, 0x48, 0x08, 0x18, 0xe8, 0x13, 0x35, 0x3b, 0x92, 0x77, 0x80,
  0x56, 0x0c, 0x00, 0x00, 0x06, 0x61, 0x49, 0x44, 0x41, 0x54, 0x00, 0x01,
  0x02, 0x04, 0x08, 0x10, 0x20, 0x40, 0x80, 0x00, 0x01, 0x02, 0x04, 0x08,
  0x10, 0x20, 0x40, 0x80, 0x00, 0x01, 0x02, 0x04, 0x08, 0x10, 0x20, 0x40,
  0x80, 0x00, 0x01, 0x02, 0x04, 0xd6, 0x02, 0x06, 0xfa, 0x75, 0x03, 0xf2,
  0x09, 0x10, 0x20, 0x40, 0x80, 0x00, 0x01, 0x02, 0x04, 0x08, 0x10, 0x20,
  0x40, 0x80, 0x00, 0x01, 0x02, 0x04, 0x08, 0x10, 0x20, 0x40, 0x80, 0x00,
  0x01, 0x02, 0x04, 0x08, 0x10, 0x20, 0x40, 0x20, 0x21, 0x60, 0xa0, 0x4f,
  0xd4, 0xec, 0x48, 0x02, 0x04, 0x08, 0x10, 0x20, 0x40, 0x80, 0x00, 0x01,
  0x02, 0x04, 0x08, 0x10, 0x20, 0x40, 0x80, 0x00, 0x01, 0x02, 0x04, 0x08,
  0x10, 0x20, 0x40, 0x80, 0x00, 0x01, 0x02, 0x04, 0x08, 0x10, 0x58, 0x0b,
  0x18, 0xe8, 0xd7, 0x0d, 0xc8, 0x27, 0x40, 0x80, 0x00, 0x01, 0x02, 0x04,
  0x08, 0x10, 0x20, 0x40, 0x80, 0x00, 0x01, 0x02, 0x04, 0x08, 0x10, 0x20,
  0x40, 0x80, 0x00, 0x01, 0x02, 0x04, 0x08, 0x10, 0x20, 0x40, 0x80, 0x00,
  0x81, 0x84, 0x80, 0x81, 0x3e, 0x51, 0xb3, 0x23, 0x09, 0x10, 0x20, 0x40,
  0x80, 0x00, 0x01, 0x02, 0x04, 0x08, 0x10, 0x20, 0x40, 0x80, 0x00, 0x01,
  0x02, 0x04, 0x08, 0x10, 0x20, 0x40, 0x80, 0x00, 0x01, 0x02, 0x04, 0x08,
  0x10, 0x20, 0x40, 0x60, 0x2d, 0x60, 0xa0, 0x5f, 0x37, 0x20, 0x9f, 0x00,
  0x01, 0x02, 0x04, 0x08, 0x10, 0x20, 0x40, 0x80, 0x00, 0x01, 0x02, 0x04,
  0x08, 0x10, 0x20, 0x40, 0x80, 0x00, 0x01, 0x02, 0x04, 0x08, 0x10, 0x20,
  0x40, 0x80, 0x00, 0x01, 0x02, 0x04, 0x12, 0x02, 0x06, 0xfa, 0x44, 0xcd,
  0x8e, 0x24, 0x40, 0x80, 0x00, 0x01, 0x02, 0x04, 0x08, 0x10, 0x20, 0x40,
  0x80, 0x00, 0x01, 0x02, 0x04, 0x08, 0x10, 0x20, 0x40, 0x80, 0x00, 0x01,
  0x02, 0x04, 0x08, 0x10, 0x20, 0x40, 0x80, 0x00, 0x81, 0xb5, 0x80, 0x81,
  0x7e, 0xdd, 0x80, 0x7c, 0x02, 0x04, 0x08, 0x10, 0x20, 0x40, 0x80, 0x00,
  0x01, 0x02, 0x04, 0x08, 0x10, 0x20, 0x40, 0x80, 0x00, 0x01, 0x02, 0x04,
  0x08, 0x10, 0x20, 0x40, 0x80, 0x00, 0x01, 0x02, 0x04, 0x08, 0x10, 0x48,
  0x08, 0x18, 0xe8, 0x13, 0x35, 0x3b, 0x92, 0x00, 0x01, 0x02, 0x04, 0x08,
  0x10, 0x20, 0x40, 0x80, 0x00, 0x01, 0x02, 0x04, 0x08, 0x10, 0x20, 0x40,
  0x80, 0x00, 0x01, 0x02, 0x04, 0x08, 0x10, 0x20, 0x40, 0x80, 0x00, 0x01,
  0x02, 0x04, 0xd6, 0x02, 0x2f, 0xeb, 0x07, 0x78, 0x3c, 0x7e, 0xad, 0x1f,
  0x41, 0x7e, 0x50, 0xc0, 0x7b, 0x17, 0x2c, 0xdd, 0xc9, 0x04, 0x08, 0x10,
  0x20, 0x40, 0x80, 0x00, 0x01, 0x02, 0x04, 0x08, 0x10, 0x20, 0x40, 0x80,
  0x00, 0x01, 0x02, 0x04, 0x08, 0x10, 0x20, 0x40, 0x80, 0x00, 0x01, 0x02,
  0x04, 0xc6, 0x02, 0xf3, 0x81, 0x7e, 0x7c, 0xbf, 0x78, 0x02, 0x04, 0x08,
  0x10, 0x20, 0xf0, 0x74, 0x81, 0x3f, 0x7f, 0xff, 0x3d, 0x3d, 0xe3, 0xab,
  0x80, 0xb7, 0xd7, 0x1f, 0xb3, 0x6c, 0xc1, 0x04, 0xaa, 0x02, 0xcb, 0xcf,
  0x7c, 0xd5, 0xdc, 0xdd, 0x5b, 0x01, 0xef, 0xfc, 0xd6, 0x7f, 0x99, 0xae,
  0xfb, 0xa5, 0xbe, 0x6c, 0x02, 0x04, 0x08, 0x10, 0xf8, 0xee, 0x02, 0xef,
  0x3f, 0x7d, 0x9f, 0xff, 0xee, 0x1d, 0xbb, 0x8f, 0xc0, 0x67, 0x81, 0xdf,
  0x1f, 0xbb, 0xdf, 0x0f, 0x35, 0x41, 0x80, 0xc0, 0xbd, 0x80, 0xbf, 0xb8,
  0xbf, 0x37, 0x97, 0x48, 0x80, 0x00, 0x01, 0x02, 0x04, 0x08, 0x10, 0x20,
  0x40, 0x80, 0x00, 0x01, 0x02, 0x04, 0x08, 0x10, 0x20, 0x40, 0x80, 0x00,
  0x01, 0x02, 0x04, 0x08, 0x10, 0x20, 0x40, 0x80, 0x00, 0x01, 0x02, 0x41,
  0x01, 0x03, 0x7d, 0xb0, 0x74, 0x27, 0x13, 0x20, 0x40, 0x80, 0x00, 0x01,
  0x02, 0x04, 0x08, 0x10, 0x20, 0x40, 0x80, 0x00, 0x01, 0x02, 0x04, 0x08,
  0x10, 0x20, 0x40, 0x80, 0x00, 0x01, 0x02, 0x04, 0x08, 0x10, 0x20, 0x40,
  0x80, 0xc0, 0xbd, 0x80, 0x81, 0xfe, 0xde, 0x5c, 0x22, 0x01, 0x02, 0x04,
  0x08, 0x10, 0x20, 0x40, 0x80, 0x00, 0x01, 0x02, 0x04, 0x08, 0x10, 0x20,
  0x40, 0x80, 0x00, 0x01, 0x02, 0x04, 0x08, 0x10, 0x20, 0x40, 0x80, 0x00,
  0x01, 0x02, 0x04, 0x08, 0x04, 0x05, 0x0c, 0xf4, 0xc1, 0xd2, 0x9d, 0x4c,
  0x80, 0x00, 0x01, 0x02, 0x04, 0x08, 0x10, 0x20, 0x40, 0x80, 0x00, 0x01,
  0x02, 0x04, 0x08, 0x10, 0x20, 0x40, 0x80, 0x00, 0x01, 0x02, 0x04, 0x08,
  0x10, 0x20, 0x40, 0x80, 0x00, 0x01, 0x02, 0xf7, 0x02, 0x06, 0xfa, 0x7b,
  0x73, 0x89, 0x04, 0x08, 0x10, 0x20, 0x40, 0x80, 0x00, 0x01, 0x02, 0x04,
  0x08, 0x10, 0x20, 0x40, 0x80, 0x00, 0x01, 0x02, 0x04, 0x08, 0x10, 0x20,
  0x40, 0x80, 0x00, 0x01, 0x02, 0x04, 0x08, 0x10, 0x20, 0x10, 0x14, 0x30,
  0xd0, 0x07, 0x4b, 0x77, 0x32, 0x01, 0x02, 0x04, 0x08, 0x10, 0x20, 0x40,
  0x80, 0x00, 0x01, 0x02, 0x04, 0x08, 0x10, 0x20, 0x40, 0x80, 0x00, 0x01,
  0x02, 0x04, 0x08, 0x10, 0x20, 0x40, 0x80, 0x00, 0x01, 0x02, 0x04, 0x08,
  0xdc, 0x0b, 0x18, 0xe8, 0xef, 0xcd, 0x25, 0x12, 0x20, 0x40, 0x80, 0x00,
  0x01, 0x02, 0x04, 0x08, 0x10, 0x20, 0x40, 0x80, 0x00, 0x01, 0x02, 0x04,
  0x08, 0x10, 0x20, 0x40, 0x80, 0x00, 0x01, 0x02, 0x04, 0x08, 0x10, 0x20,
  0x40, 0x80, 0x40, 0x50, 0xc0, 0x40, 0x1f, 0x2c, 0xdd, 0xc9, 0x04, 0x08,
  0x10, 0x20, 0x40, 0x80, 0x00, 0x01, 0x02, 0x04, 0x08, 0x10, 0x20, 0x40,
  0x80, 0x00, 0x01, 0x02, 0x04, 0x08, 0x10, 0x20, 0x40, 0x80, 0x00, 0x01,
  0x02, 0x04, 0x08, 0x10, 0x20, 0x70, 0x2f, 0x60, 0xa0, 0xbf, 0x37, 0x97,
  0x48, 0x80, 0x00, 0x01, 0x02, 0x04, 0x08, 0x10, 0x20, 0x40, 0x80, 0x00,
  0x01, 0x02, 0x04, 0x08, 0x10, 0x20, 0x40, 0x80, 0x00, 0x01, 0x02, 0x04,
  0x08, 0x10, 0x20, 0x40, 0x80, 0x00, 0x01, 0x02, 0x41, 0x01, 0x03, 0x7d,
  0xb0, 0x74, 0x27, 0x13, 0x20, 0x40, 0x80, 0x00, 0x01, 0x02, 0x04, 0x08,
  0x10, 0x20, 0x40, 0x80, 0x00, 0x01, 0x02, 0x04, 0x08, 0x10, 0x20, 0x40,
  0x80, 0x00, 0x01, 0x02, 0x04, 0x08, 0x10, 0x20, 0x40, 0x80, 0xc0, 0xbd,
  0x80, 0x81, 0xfe, 0xde, 0x5c, 0x22, 0x01, 0x02, 0x04, 0x08, 0x10, 0x20,
  0x40, 0x80, 0x00, 0x01, 0x02, 0x04, 0x08, 0x10, 0x20, 0x40, 0x80, 0x00,
  0x01, 0x02, 0x04, 0x08, 0x10, 0x20, 0x40, 0x80, 0x00, 0x01, 0x02, 0x04,
  0x08, 0x04, 0x05, 0x0c, 0xf4, 0xc1, 0xd2, 0x9d, 0x4c, 0x80, 0x00, 0x01,
  0x02, 0x04, 0x08, 0x10, 0x20, 0x40, 0x80, 0x00, 0x01, 0x02, 0x04, 0x08,
  0x10, 0x20, 0x40, 0x80, 0x00, 0x01, 0x02, 0x04, 0x08, 0x10, 0x20, 0x40,
  0x80, 0x00, 0x01, 0x02, 0xf7, 0x02, 0x06, 0xfa, 0x7b, 0x73, 0x89, 0x04,
  0x08, 0x10, 0x20, 0x40, 0x80, 0x00, 0x01, 0x02, 0x04, 0x08, 0x10, 0x20,
  0x40, 0x80, 0x00, 0x01, 0x02, 0x04, 0x08, 0x10, 0x20, 0x40, 0x80, 0x00,
  0x01, 0x02, 0x04, 0x08, 0x10, 0x20, 0x10, 0x14, 0x30, 0xd0, 0x07, 0x4b,
  0x77, 0x32, 0x01, 0x02, 0x04, 0x08, 0x10, 0x20, 0x40, 0x80, 0x00, 0x01,
  0x02, 0x04, 0x08, 0x10, 0x20, 0x40, 0x80, 0x00, 0x01, 0x02, 0x04, 0x08,
  0x10, 0x20, 0x40, 0x80, 0x00, 0x01, 0x02, 0x04, 0x08, 0xdc, 0x0b, 0x18,
  0xe8, 0xef, 0xcd, 0x25, 0x12, 0x20, 0x40, 0x80, 0x00, 0x01, 0x02, 0x04,
  0x08, 0x10, 0x20, 0x40, 0x80, 0x00, 0x01, 0x02, 0x04, 0x08, 0x10, 0x20,
  0x40, 0x80, 0x00, 0x01, 0x02, 0x04, 0x08, 0x10, 0x20, 0x40, 0x80, 0x40,
  0x50, 0xc0, 0x40, 0x1f, 0x2c, 0xdd, 0xc9, 0x04, 0x08, 0x10, 0x20, 0x40,
  0x80, 0x00, 0x01, 0x02, 0x04, 0x08, 0x10, 0x20, 0x40, 0x80, 0x00, 0x01,
  0x02, 0x04, 0x08, 0x10, 0x20, 0x40, 0x80, 0x00, 0x01, 0x02, 0x04, 0x08,
  0x10, 0x20, 0x70, 0x2f, 0x60, 0xa0, 0xbf, 0x37, 0x97, 0x48, 0x80, 0x00,
  0x01, 0x02, 0x04, 0x08, 0x10, 0x20, 0x40, 0x80, 0x00, 0x01, 0x02, 0x04,
  0x08, 0x10, 0x20, 0x40, 0x80, 0x00, 0x01, 0x02, 0x04, 0x08, 0x10, 0x20,
  0x40, 0x80, 0x00, 0x01, 0x02, 0x41, 0x01, 0x03, 0x7d, 0xb0, 0x74, 0x27,
  0x13, 0x20, 0x40, 0x80, 0x00, 0x01, 0x02, 0x04, 0x08, 0x10, 0x20, 0x40,
  0x80, 0x00, 0x01, 0x02, 0x04, 0x08, 0x10, 0x20, 0x40, 0x80, 0x00, 0x01,
  0x02, 0x04, 0x08, 0x10, 0x20, 0x40, 0x80, 0xc0, 0xbd, 0x80, 0x81, 0xfe,
  0xde, 0x5c, 0x22, 0x01, 0x02, 0x04, 0x08, 0x10, 0x20, 0x40, 0x80, 0x00,
  0x01, 0x02, 0x04, 0x08, 0x10, 0x20, 0x40, 0x80, 0x00, 0x01, 0x02, 0x04,
  0x08, 0x10, 0x20, 0x40, 0x80, 0x00, 0x01, 0x02, 0x04, 0x08, 0x04, 0x05,
  0x0c, 0xf4, 0xc1, 0xd2, 0x9d, 0x4c, 0x80, 0x00, 0x01, 0x02, 0x04, 0x08,
  0x10, 0x20, 0x40, 0x80, 0x00, 0x01, 0x02, 0x04, 0x08, 0x10, 0x20, 0x40,
  0x80, 0x00, 0x01, 0x02, 0x04, 0x08, 0x10, 0x20, 0x40, 0x80, 0x00, 0x01,
  0x02, 0xf7, 0x02, 0x06, 0xfa, 0x7b, 0x73, 0x89, 0x04, 0x08, 0x10, 0x20,
  0x40, 0x80, 0x00, 0x01, 0x02, 0x04, 0x08, 0x10, 0x20, 0x40, 0x80, 0x00,
  0x01, 0x02, 0x04, 0x08, 0x10, 0x20, 0x40, 0x80, 0x00, 0x01, 0x02, 0x04,
  0x08, 0x10, 0x20, 0x10, 0x14, 0x30, 0xd0, 0x07, 0x4b, 0x77, 0x32, 0x01,
  0x02, 0x04, 0x08, 0x10, 0x20, 0x40, 0x80, 0x00, 0x01, 0x02, 0x04, 0x08,
  0x10, 0x20, 0x40, 0x80, 0x00, 0x01, 0x02, 0x04, 0x08, 0x10, 0x20, 0x40,
  0x80, 0x00, 0x01, 0x02, 0x04, 0x08, 0xdc, 0x0b, 0x18, 0xe8, 0xef, 0xcd,
  0x25, 0x12, 0x20, 0x40, 0x80, 0x00, 0x01, 0x02, 0x04, 0x08, 0x10, 0x20,
  0x40, 0x80, 0x00, 0x01, 0x02, 0x04, 0x08, 0x10, 0x20, 0x40, 0x80, 0x00,
  0x01, 0x02, 0x04, 0x08, 0x10, 0x20, 0x40, 0x80, 0x40, 0x50, 0xc0, 0x40,
  0x1f, 0x2c, 0xdd, 0xc9, 0x04, 0x08, 0x10, 0x20, 0x40, 0x80, 0x00, 0x01,
  0x02, 0x04, 0x08, 0x10, 0x20, 0x40, 0x80, 0x00, 0x01, 0x02, 0x04, 0x08,
  0x10, 0x20, 0x40, 0x80, 0x00, 0x01, 0x02, 0x04, 0x08, 0x10, 0x20, 0x70,
  0x2f, 0x60, 0xa0, 0xbf, 0x37, 0x97, 0x48, 0x80, 0x00, 0x01, 0x02, 0x04,
  0x08, 0x10, 0x20, 0x40, 0x80, 0x00, 0x01, 0x02, 0x04, 0x08, 0x10, 0x20,
  0x40, 0x80, 0x00, 0x01, 0x02, 0x04, 0x08, 0x10, 0x20, 0x40, 0x80, 0x00,
  0x01, 0x02, 0x41, 0x01, 0x03, 0x7d, 0xb0, 0x74, 0x27, 0x13, 0x20, 0x40,
  0x80, 0x00, 0x01, 0x02, 0x04, 0x08, 0x10, 0x20, 0x40, 0x80, 0x00, 0x01,
  0x02, 0x04, 0x08, 0x10, 0x20, 0x40, 0x80, 0x00, 0x01, 0x02, 0x04, 0x08,
  0x10, 0x20, 0x40, 0x80, 0xc0, 0xbd, 0x80, 0x81, 0xfe, 0xde, 0x5c, 0x22,
  0x01, 0x02, 0x04, 0x08, 0x10, 0x20, 0x40, 0x80, 0x00, 0x01, 0x02, 0x04,
  0x08, 0x10, 0x20, 0x40, 0x80, 0x00, 0x01, 0x02, 0x04, 0x08, 0x10, 0x20,
  0x40, 0x80, 0x00, 0x01, 0x02, 0x04, 0x08, 0x04, 0x05, 0x0c, 0xf4, 0xc1,
  0xd2, 0x9d, 0x4c, 0x80, 0x00, 0x01, 0x02, 0x04, 0x08, 0x10, 0x20, 0x40,
  0x80, 0x00, 0x01, 0x02, 0x04, 0x08, 0x10, 0x20, 0x40, 0x80, 0x00, 0x01,
  0x02, 0x04, 0x08, 0x10, 0x20, 0x40, 0x80, 0x00, 0x01, 0x02, 0xf7, 0x02,
  0x06, 0xfa, 0x7b, 0x73, 0x89, 0x04, 0x08, 0x10, 0x20, 0x40, 0x80, 0x00,
  0x01, 0x02, 0x04, 0x08, 0x10, 0x20, 0x40, 0x80, 0x00, 0x01, 0x02, 0x04,
  0x08, 0x10, 0x20, 0x40, 0x80, 0x00, 0x01, 0x02, 0x04, 0x08, 0x10, 0x20,
  0x10, 0x14, 0x30, 0xd0, 0x07, 0x4b, 0x77, 0x32, 0x01, 0x02, 0x04, 0x08,
  0x10, 0x20, 0x40, 0x80, 0x00, 0x01, 0x02, 0x04, 0x08, 0x10, 0x20, 0x40,
  0x80, 0x00, 0x01, 0x02, 0x04, 0x08, 0x10, 0x20, 0x40, 0x80, 0x00, 0x01,
  0x02, 0x04, 0x08, 0xdc, 0x0b, 0xfc, 0x07, 0x9a, 0xe4, 0xef, 0x81, 0xa1,
  0x00, 0xc1, 0x1d, 0x00, 0x00, 0x00, 0x00, 0x49, 0x45, 0x4e, 0x44, 0xae,
  0x42, 0x60, 0x82
};
unsigned int __resources_rori_png_len = 83751;
